0;0;0;0;land;false;unknown;0
1;250;72;205;land;false;plains;1
2;234;191;246;land;false;plains;1
3;224;233;169;land;false;plains;1
4;227;184;94;land;true;plains;1
5;224;233;46;land;false;plains;1
6;163;197;243;land;false;plains;1
7;215;173;251;land;true;plains;1
8;174;196;232;land;false;plains;1
9;114;218;198;land;false;plains;1
10;192;225;99;land;false;plains;1
11;214;105;208;land;false;plains;1
12;224;91;221;land;true;plains;1
13;218;102;181;land;false;plains;1
14;238;81;253;land;true;plains;1
15;149;248;249;land;false;plains;1
16;220;113;200;land;false;plains;1
17;238;212;147;land;false;plains;1
18;65;214;247;land;false;plains;1
19;233;115;250;land;false;plains;1
20;248;216;170;land;false;plains;1
21;237;174;182;land;false;plains;1
22;215;229;188;land;false;plains;1
23;159;218;141;land;false;plains;1
24;161;161;192;land;false;plains;1
25;235;162;162;land;true;plains;1
26;223;184;122;land;true;plains;1
27;180;176;217;land;true;plains;1
28;222;220;204;land;false;plains;1
29;141;228;247;land;false;plains;1
30;231;93;251;land;false;plains;1
31;171;253;193;land;false;plains;1
32;230;247;239;land;false;plains;1
33;232;234;253;land;false;plains;1
34;152;171;249;land;false;plains;1
35;240;227;183;land;false;plains;1
36;159;210;210;land;false;plains;1
37;198;175;143;land;false;plains;1
38;207;147;186;land;false;plains;1
39;185;197;184;land;false;plains;1
40;251;250;12;land;false;plains;1
41;181;128;254;land;false;plains;1
42;217;83;248;land;true;plains;1
43;239;252;191;land;false;plains;1
44;181;252;132;land;false;plains;1
45;158;184;246;land;false;plains;1
46;192;201;176;land;false;plains;1
47;115;182;228;land;false;plains;1
48;185;130;231;land;false;plains;1
49;234;131;206;land;false;plains;1
50;170;231;232;land;false;plains;1
51;172;91;246;land;false;plains;1
52;241;42;224;land;false;plains;1
53;149;243;181;land;false;plains;1
54;193;152;191;land;false;plains;1
55;233;216;165;land;false;plains;1
56;102;211;193;land;false;plains;1
57;149;178;241;land;false;plains;1
58;219;242;54;land;false;plains;1
59;200;169;241;land;false;plains;1
60;177;203;194;land;false;plains;1
61;162;248;187;land;false;plains;1
62;228;73;226;land;false;plains;1
63;194;194;147;land;false;plains;1
64;228;182;215;land;true;plains;1
65;209;154;236;land;false;plains;1
66;195;129;183;land;false;plains;1
67;141;167;218;land;false;plains;1
68;169;208;233;land;false;plains;1
69;205;107;199;land;false;plains;1
70;170;113;229;land;false;plains;1
71;202;232;140;land;false;plains;1
72;163;183;229;land;false;plains;1
73;172;220;254;land;false;plains;1
74;245;234;142;land;false;plains;1
75;232;173;122;land;false;plains;1
76;78;195;240;land;false;plains;1
77;246;219;144;land;false;plains;1
78;252;143;216;land;false;plains;1
79;214;239;63;land;false;plains;1
80;159;154;195;land;false;plains;1
81;202;245;59;land;false;plains;1
82;151;221;148;land;false;plains;1
83;84;163;254;land;false;plains;1
84;42;243;247;land;false;plains;1
85;216;219;173;land;false;plains;1
86;42;253;210;land;false;plains;1
87;140;174;187;land;false;plains;1
88;109;187;224;land;false;plains;1
89;178;134;220;land;false;plains;1
90;185;196;204;land;false;plains;1
91;228;220;156;land;false;plains;1
92;229;209;136;land;false;plains;1
93;222;227;181;land;true;plains;1
94;231;248;240;land;false;plains;1
95;184;232;232;land;false;plains;1
96;200;164;205;land;false;plains;1
97;227;183;181;land;true;plains;1
98;208;246;60;land;false;plains;1
99;171;163;244;land;false;plains;1
100;212;193;162;land;false;plains;1
101;242;78;245;land;false;plains;1
102;156;217;152;land;false;plains;1
103;229;247;25;land;false;plains;1
104;214;203;187;land;false;plains;1
105;182;254;245;land;true;plains;1
106;171;192;166;land;false;plains;1
107;227;189;221;land;false;plains;1
108;178;200;207;land;false;plains;1
109;216;119;171;land;false;plains;1
110;231;163;135;land;false;plains;1
111;240;113;177;land;false;plains;1
112;224;104;203;land;false;plains;1
113;185;183;156;land;false;plains;1
114;187;96;233;land;false;plains;1
115;189;194;222;land;true;plains;1
116;149;234;251;land;false;plains;1
117;252;88;204;land;true;plains;1
118;235;137;181;land;false;plains;1
119;188;222;216;land;false;plains;1
120;147;241;199;land;false;plains;1
121;240;246;156;land;false;plains;1
122;166;216;228;land;true;plains;1
123;235;77;252;land;false;plains;1
124;134;203;211;land;true;plains;1
125;253;86;177;land;false;plains;1
126;170;160;213;land;false;plains;1
127;131;207;237;land;false;plains;1
128;245;160;165;land;false;plains;1
129;139;134;253;land;false;plains;1
130;198;148;231;land;false;plains;1
131;214;168;122;land;false;plains;1
132;218;143;187;land;false;plains;1
133;170;167;232;land;false;plains;1
134;137;185;222;land;true;plains;1
135;205;71;253;land;false;plains;1
136;228;191;169;land;false;plains;1
137;64;212;244;land;false;plains;1
138;161;209;239;land;false;plains;1
139;247;190;233;land;false;plains;1
140;251;253;180;land;false;plains;1
141;213;254;180;land;false;plains;1
142;238;206;111;land;false;plains;1
143;243;69;230;land;false;plains;1
144;241;77;224;land;false;plains;1
145;156;223;188;land;true;plains;1
146;235;223;120;land;false;plains;1
147;124;200;200;land;false;plains;1
148;108;212;235;land;false;plains;1
149;177;213;150;land;false;plains;1
150;129;163;242;land;true;plains;1
151;252;128;177;land;false;plains;1
152;160;227;242;land;false;plains;1
153;177;174;200;land;false;plains;1
154;176;201;141;land;false;plains;1
155;160;121;232;land;false;plains;1
156;132;222;189;land;true;plains;1
157;221;233;104;land;true;plains;1
158;239;72;240;land;false;plains;1
159;202;159;227;land;false;plains;1
160;151;207;143;land;false;plains;1
161;227;236;148;land;false;plains;1
162;229;177;99;land;false;plains;1
163;220;77;224;land;true;plains;1
164;247;170;238;land;false;plains;1
165;93;168;252;land;false;plains;1
166;236;176;119;land;false;plains;1
167;254;243;165;land;false;plains;1
168;214;186;198;land;false;plains;1
169;242;179;206;land;false;plains;1
170;157;179;183;land;false;plains;1
171;205;150;175;land;false;plains;1
172;198;106;244;land;false;plains;1
173;163;229;145;land;false;plains;1
174;22;249;242;land;false;plains;1
175;204;174;203;land;false;plains;1
176;248;243;230;land;false;plains;1
177;195;237;88;land;false;plains;1
178;201;237;93;land;false;plains;1
179;238;111;159;land;true;plains;1
180;186;149;232;land;false;plains;1
181;210;120;187;land;false;plains;1
182;137;190;253;land;false;plains;1
183;227;225;68;land;false;plains;1
184;49;253;231;land;false;plains;1
185;222;141;217;land;false;plains;1
186;103;201;204;land;true;plains;1
187;196;80;240;land;false;plains;1
188;204;201;239;land;false;plains;1
189;219;209;213;land;false;plains;1
190;254;186;202;land;false;plains;1
191;174;237;173;land;false;plains;1
192;71;210;231;land;false;plains;1
193;226;103;235;land;false;plains;1
194;148;214;155;land;false;plains;1
195;229;240;89;land;false;plains;1
196;95;245;177;land;false;plains;1
197;249;209;220;land;false;plains;1
198;238;174;180;land;false;plains;1
199;166;173;217;land;false;plains;1
200;225;254;83;land;false;plains;1
201;148;200;221;land;false;plains;1
202;129;162;234;land;false;plains;1
203;110;238;244;land;false;plains;1
204;166;252;143;land;false;plains;1
205;213;200;169;land;false;plains;1
206;188;240;107;land;false;plains;1
207;230;97;208;land;false;plains;1
208;110;240;186;land;false;plains;1
209;128;211;195;land;false;plains;1
210;131;206;244;land;false;plains;1
211;232;242;178;land;false;plains;1
212;147;240;166;land;false;plains;1
213;254;135;130;land;false;plains;1
214;170;172;169;land;false;plains;1
215;104;190;252;land;false;plains;1
216;158;199;162;land;false;plains;1
217;171;216;159;land;false;plains;1
218;154;195;251;land;false;plains;1
219;251;251;47;land;false;plains;1
220;92;194;239;land;false;plains;1
221;173;223;126;land;false;plains;1
222;195;252;95;land;false;plains;1
223;239;191;163;land;false;plains;1
224;132;143;252;land;false;plains;1
225;152;147;245;land;false;plains;1
226;201;144;210;land;false;plains;1
227;235;252;156;land;false;plains;1
228;111;242;152;land;false;plains;1
229;129;238;207;land;false;plains;1
230;123;254;171;land;false;plains;1
231;211;195;224;land;false;plains;1
232;113;216;208;land;false;plains;1
233;244;125;194;land;false;plains;1
234;16;254;247;land;false;plains;1
235;183;195;243;land;false;plains;1
236;220;240;187;land;false;plains;1
237;121;221;222;land;false;plains;1
238;79;251;175;land;false;plains;1
239;235;222;241;land;false;plains;1
240;203;216;151;land;false;plains;1
241;131;244;149;land;false;plains;1
242;197;241;112;land;false;plains;1
243;251;136;141;land;false;plains;1
244;227;213;85;land;false;plains;1
245;217;236;105;land;true;plains;1
246;222;106;199;land;false;plains;1
247;216;198;117;land;false;plains;1
248;196;193;223;land;false;plains;1
249;204;242;128;land;false;plains;1
250;230;199;124;land;false;plains;1
251;172;152;242;land;false;plains;1
252;239;238;219;land;false;plains;1
253;254;244;163;land;false;plains;1
254;162;239;175;land;false;plains;1
255;114;226;193;land;false;plains;1
256;221;236;246;land;false;plains;1
257;235;242;105;land;false;plains;1
258;244;231;222;land;false;plains;1
259;242;185;145;land;false;plains;1
260;200;131;250;land;false;plains;1
261;232;132;198;land;false;plains;1
262;232;194;254;land;true;plains;1
263;241;108;229;land;false;plains;1
264;220;167;200;land;true;plains;1
265;235;95;186;land;false;plains;1
266;205;234;224;land;false;plains;1
267;77;239;249;land;false;plains;1
268;192;225;228;land;false;plains;1
269;128;223;150;land;false;plains;1
270;43;251;222;land;false;plains;1
271;245;152;187;land;false;plains;1
272;236;167;189;land;false;plains;1
273;154;220;247;land;false;plains;1
274;190;201;252;land;false;plains;1
275;138;165;247;land;false;plains;1
276;122;244;242;land;false;plains;1
277;254;139;233;land;false;plains;1
278;208;181;173;land;false;plains;1
279;147;144;252;land;false;plains;1
280;105;191;250;land;false;plains;1
281;149;193;206;land;false;plains;1
282;171;208;195;land;false;plains;1
283;102;235;237;land;false;plains;1
284;231;175;246;land;false;plains;1
285;244;160;126;land;false;plains;1
286;158;235;162;land;false;plains;1
287;246;248;158;land;false;plains;1
288;190;243;130;land;false;plains;1
289;251;201;179;land;false;plains;1
290;162;164;239;land;false;plains;1
291;221;236;148;land;false;plains;1
292;236;149;174;land;false;plains;1
293;222;244;236;land;true;plains;1
294;23;228;254;land;false;plains;1
295;124;151;244;land;false;plains;1
296;253;162;111;land;false;plains;1
297;244;237;252;land;false;plains;1
298;236;219;102;land;false;plains;1
299;176;187;207;land;false;plains;1
300;81;248;228;land;false;plains;1
301;208;165;135;land;false;plains;1
302;244;68;190;land;false;plains;1
303;212;199;147;land;false;plains;1
304;120;212;222;land;false;plains;1
305;189;227;86;land;false;plains;1
306;201;128;186;land;false;plains;1
307;49;211;248;land;false;plains;1
308;242;247;207;land;false;plains;1
309;153;200;177;land;false;plains;1
310;253;122;209;land;false;plains;1
311;179;168;154;land;true;plains;1
312;242;235;254;land;false;plains;1
313;172;186;225;land;false;plains;1
314;157;206;146;land;false;plains;1
315;217;31;253;land;false;plains;1
316;165;251;136;land;false;plains;1
317;124;149;251;land;false;plains;1
318;121;245;245;land;false;plains;1
319;253;45;236;land;false;plains;1
320;207;247;193;land;false;plains;1
321;40;245;224;land;false;plains;1
322;242;252;214;land;false;plains;1
323;184;228;93;land;false;plains;1
324;249;34;239;land;true;plains;1
325;226;208;168;land;false;plains;1
326;212;227;129;land;false;plains;1
327;194;243;217;land;false;plains;1
328;219;168;127;land;false;plains;1
329;167;145;205;land;false;plains;1
330;171;169;200;land;false;plains;1
331;177;145;200;land;false;plains;1
332;95;223;248;land;false;plains;1
333;172;245;133;land;false;plains;1
334;204;166;234;land;false;plains;1
335;220;228;83;land;false;plains;1
336;98;232;174;land;false;plains;1
337;242;238;232;land;true;plains;1
338;125;245;158;land;false;plains;1
339;209;242;157;land;false;plains;1
340;243;105;211;land;false;plains;1
341;210;253;175;land;false;plains;1
342;241;181;225;land;false;plains;1
343;241;129;172;land;false;plains;1
344;169;232;112;land;false;plains;1
345;182;248;244;land;false;plains;1
346;227;251;92;land;false;plains;1
347;211;214;133;land;false;plains;1
348;192;249;253;land;false;plains;1
349;251;204;197;land;false;plains;1
350;228;59;224;land;false;plains;1
351;142;183;252;land;false;plains;1
352;97;250;200;land;false;plains;1
353;225;90;230;land;true;plains;1
354;145;160;244;land;true;plains;1
355;121;254;169;land;true;plains;1
356;93;242;206;land;false;plains;1
357;105;223;219;land;false;plains;1
358;247;179;187;land;false;plains;1
359;228;50;249;land;false;plains;1
360;165;228;135;land;false;plains;1
361;198;252;233;land;false;plains;1
362;97;226;251;land;false;plains;1
363;233;215;178;land;false;plains;1
364;149;218;206;land;false;plains;1
365;214;232;70;land;false;plains;1
366;66;217;254;land;false;plains;1
367;223;91;228;land;false;plains;1
368;88;245;210;land;false;plains;1
369;208;216;247;land;false;plains;1
370;198;131;190;land;false;plains;1
371;204;171;170;land;false;plains;1
372;155;215;250;land;false;plains;1
373;198;214;183;land;false;plains;1
374;233;184;199;land;true;plains;1
375;45;252;221;land;false;plains;1
376;243;241;35;land;false;plains;1
377;234;123;165;land;false;plains;1
378;227;231;152;land;false;plains;1
379;144;220;214;land;false;plains;1
380;216;190;211;land;false;plains;1
381;198;143;240;land;false;plains;1
382;203;217;148;land;false;plains;1
383;225;207;161;land;false;plains;1
384;197;236;96;land;false;plains;1
385;159;159;211;land;false;plains;1
386;222;188;165;land;false;plains;1
387;84;254;198;land;true;plains;1
388;230;198;203;land;false;plains;1
389;187;115;226;land;false;plains;1
390;158;253;201;land;false;plains;1
391;237;203;245;land;false;plains;1
392;250;141;165;land;false;plains;1
393;243;120;140;land;false;plains;1
394;245;233;115;land;false;plains;1
395;117;182;228;land;false;plains;1
396;209;164;246;land;false;plains;1
397;174;193;181;land;false;plains;1
398;249;87;211;land;false;plains;1
399;163;158;206;land;true;plains;1
400;177;187;172;land;false;plains;1
401;167;220;207;land;true;plains;1
402;101;193;219;land;false;plains;1
403;228;133;217;land;false;plains;1
404;252;137;230;land;false;plains;1
405;129;234;172;land;false;plains;1
406;132;222;165;land;false;plains;1
407;169;185;188;land;false;plains;1
408;204;249;125;land;false;plains;1
409;68;244;197;land;false;plains;1
410;200;141;196;land;false;plains;1
411;214;152;236;land;false;plains;1
412;148;191;200;land;false;plains;1
413;233;85;204;land;false;plains;1
414;247;142;128;land;false;plains;1
415;224;225;71;land;true;plains;1
416;243;40;231;land;false;plains;1
417;218;252;104;land;false;plains;1
418;84;174;253;land;false;plains;1
419;74;227;203;land;false;plains;1
420;250;231;193;land;true;plains;1
421;216;251;38;land;false;plains;1
422;153;221;210;land;false;plains;1
423;165;253;209;land;false;plains;1
424;240;122;165;land;false;plains;1
425;230;244;116;land;false;plains;1
426;192;171;234;land;false;plains;1
427;50;248;246;land;false;plains;1
428;202;254;112;land;false;plains;1
429;192;156;243;land;false;plains;1
430;175;215;176;land;false;plains;1
431;189;217;135;land;false;plains;1
432;218;218;182;land;false;plains;1
433;134;204;248;land;false;plains;1
434;175;213;236;land;true;plains;1
435;234;191;209;land;false;plains;1
436;227;178;243;land;false;plains;1
437;133;252;139;land;true;plains;1
438;204;46;251;land;false;plains;1
439;185;130;214;land;false;plains;1
440;95;175;248;land;false;plains;1
441;241;188;189;land;false;plains;1
442;229;230;237;land;false;plains;1
443;129;231;194;land;false;plains;1
444;124;220;216;land;false;plains;1
445;234;234;83;land;false;plains;1
446;155;219;230;land;false;plains;1
447;177;215;112;land;false;plains;1
448;231;181;190;land;false;plains;1
449;240;186;92;land;false;plains;1
450;168;121;231;land;false;plains;1
451;237;136;182;land;false;plains;1
452;250;123;237;land;false;plains;1
453;223;192;227;land;false;plains;1
454;211;113;208;land;false;plains;1
455;182;165;176;land;false;plains;1
456;104;210;205;land;false;plains;1
457;222;165;249;land;false;plains;1
458;159;105;241;land;false;plains;1
459;205;81;245;land;false;plains;1
460;238;224;153;land;false;plains;1
461;213;197;230;land;false;plains;1
462;112;230;207;land;false;plains;1
463;182;227;108;land;false;plains;1
464;211;109;191;land;false;plains;1
465;229;251;191;land;true;plains;1
466;146;173;220;land;false;plains;1
467;105;233;240;land;false;plains;1
468;159;219;243;land;false;plains;1
469;146;185;218;land;false;plains;1
470;247;144;170;land;true;plains;1
471;215;176;206;land;false;plains;1
472;200;79;246;land;false;plains;1
473;131;246;252;land;false;plains;1
474;234;65;254;land;false;plains;1
475;187;174;198;land;false;plains;1
476;178;160;180;land;false;plains;1
477;145;238;238;land;false;plains;1
478;246;172;143;land;false;plains;1
479;248;148;126;land;false;plains;1
480;252;156;135;land;false;plains;1
481;102;249;248;land;false;plains;1
482;211;110;181;land;true;plains;1
483;71;242;239;land;false;plains;1
484;192;137;192;land;false;plains;1
485;187;112;208;land;true;plains;1
486;198;135;180;land;true;plains;1
487;179;182;155;land;false;plains;1
488;200;220;198;land;true;plains;1
489;175;122;222;land;false;plains;1
490;155;187;163;land;false;plains;1
491;237;122;175;land;false;plains;1
492;185;152;248;land;true;plains;1
493;200;224;253;land;false;plains;1
494;210;213;207;land;false;plains;1
495;202;203;128;land;false;plains;1
496;206;167;192;land;false;plains;1
497;243;243;254;land;false;plains;1
498;239;45;247;land;false;plains;1
499;254;157;174;land;false;plains;1
500;231;109;185;land;false;plains;1
501;115;192;219;land;false;plains;1
502;138;150;246;land;false;plains;1
503;213;185;165;land;false;plains;1
504;157;146;229;land;false;plains;1
505;130;179;224;land;false;plains;1
506;232;222;103;land;false;plains;1
507;252;206;188;land;false;plains;1
508;239;147;192;land;false;plains;1
509;241;198;99;land;false;plains;1
510;254;138;127;land;false;plains;1
511;179;250;76;land;false;plains;1
512;95;234;212;land;true;plains;1
513;253;196;72;land;false;plains;1
514;174;226;169;land;false;plains;1
515;94;221;249;land;false;plains;1
516;99;211;243;land;false;plains;1
517;224;48;252;land;false;plains;1
518;245;138;150;land;true;plains;1
519;197;213;233;land;false;plains;1
520;138;171;210;land;false;plains;1
521;207;168;154;land;false;plains;1
522;246;200;123;land;false;plains;1
523;233;168;176;land;false;plains;1
524;91;234;221;land;false;plains;1
525;252;168;154;land;false;plains;1
526;194;231;146;land;false;plains;1
527;204;150;206;land;false;plains;1
528;191;172;208;land;false;plains;1
529;241;25;242;land;false;plains;1
530;219;237;118;land;false;plains;1
531;198;251;222;land;false;plains;1
532;181;208;137;land;false;plains;1
533;212;105;188;land;false;plains;1
534;234;193;242;land;false;plains;1
535;248;81;204;land;false;plains;1
536;214;252;215;land;false;plains;1
537;78;182;253;land;false;plains;1
538;223;179;156;land;false;plains;1
539;231;74;207;land;false;plains;1
540;211;100;220;land;true;plains;1
541;201;133;242;land;false;plains;1
542;168;185;228;land;false;plains;1
543;203;144;234;land;false;plains;1
544;222;118;232;land;false;plains;1
545;252;171;159;land;false;plains;1
546;146;161;214;land;false;plains;1
547;182;206;163;land;false;plains;1
548;175;173;230;land;false;plains;1
549;182;208;154;land;false;plains;1
550;161;162;188;land;false;plains;1
551;180;161;163;land;false;plains;1
552;133;117;252;land;false;plains;1
553;75;221;244;land;false;plains;1
554;158;239;156;land;false;plains;1
555;53;247;225;land;true;plains;1
556;133;185;214;land;true;plains;1
557;225;240;107;land;false;plains;1
558;232;253;157;land;false;plains;1
559;193;129;205;land;false;plains;1
560;121;235;208;land;false;plains;1
561;102;189;245;land;false;plains;1
562;237;232;92;land;false;plains;1
563;251;212;156;land;false;plains;1
564;188;123;207;land;false;plains;1
565;101;234;246;land;false;plains;1
566;174;199;154;land;false;plains;1
567;218;225;230;land;false;plains;1
568;150;217;252;land;false;plains;1
569;216;248;154;land;false;plains;1
570;231;249;196;land;false;plains;1
571;135;182;250;land;false;plains;1
572;251;230;120;land;false;plains;1
573;169;220;127;land;false;plains;1
574;231;155;254;land;false;plains;1
575;194;220;185;land;false;plains;1
576;192;233;79;land;false;plains;1
577;212;151;198;land;true;plains;1
578;197;190;158;land;false;plains;1
579;190;150;246;land;false;plains;1
580;208;234;129;land;false;plains;1
581;175;133;226;land;false;plains;1
582;190;182;229;land;false;plains;1
583;205;94;219;land;false;plains;1
584;157;231;171;land;false;plains;1
585;249;215;91;land;false;plains;1
586;186;223;252;land;true;plains;1
587;229;193;213;land;false;plains;1
588;175;188;155;land;false;plains;1
589;184;133;206;land;true;plains;1
590;228;56;224;land;false;plains;1
591;176;216;144;land;true;plains;1
592;205;144;217;land;false;plains;1
593;205;211;150;land;false;plains;1
594;140;253;157;land;false;plains;1
595;149;248;252;land;false;plains;1
596;123;154;224;land;false;plains;1
597;173;197;251;land;false;plains;1
598;193;239;211;land;false;plains;1
599;104;185;254;land;false;plains;1
600;189;78;247;land;false;plains;1
601;106;227;184;land;false;plains;1
602;44;237;243;land;false;plains;1
603;224;159;240;land;false;plains;1
604;169;248;146;land;false;plains;1
605;203;196;158;land;false;plains;1
606;161;250;92;land;false;plains;1
607;218;233;217;land;false;plains;1
608;190;186;129;land;false;plains;1
609;161;228;239;land;false;plains;1
610;233;90;185;land;false;plains;1
611;199;171;196;land;false;plains;1
612;239;230;196;land;false;plains;1
613;138;249;127;land;false;plains;1
614;107;239;237;land;false;plains;1
615;254;199;131;land;false;plains;1
616;166;163;199;land;true;plains;1
617;220;147;138;land;true;plains;1
618;226;205;73;land;false;plains;1
619;249;228;217;land;false;plains;1
620;203;185;243;land;false;plains;1
621;183;130;228;land;true;plains;1
622;178;200;201;land;false;plains;1
623;191;231;90;land;true;plains;1
624;254;240;127;land;false;plains;1
625;157;205;197;land;false;plains;1
626;240;226;82;land;false;plains;1
627;234;229;42;land;false;plains;1
628;206;154;159;land;false;plains;1
629;194;242;220;land;false;plains;1
630;209;220;99;land;true;plains;1
631;233;87;221;land;true;plains;1
632;199;227;75;land;false;plains;1
633;94;253;183;land;false;plains;1
634;152;228;123;land;false;plains;1
635;205;99;241;land;false;plains;1
636;222;241;170;land;false;plains;1
637;178;249;230;land;false;plains;1
638;237;52;238;land;false;plains;1
639;214;149;232;land;false;plains;1
640;251;124;148;land;true;plains;1
641;253;172;156;land;false;plains;1
642;154;209;165;land;false;plains;1
643;117;209;254;land;false;plains;1
644;96;202;228;land;false;plains;1
645;158;236;145;land;false;plains;1
646;187;174;181;land;false;plains;1
647;123;252;163;land;true;plains;1
648;212;181;196;land;false;plains;1
649;144;234;165;land;false;plains;1
650;198;105;236;land;false;plains;1
651;61;234;210;land;false;plains;1
652;231;136;155;land;false;plains;1
653;247;224;208;land;false;plains;1
654;253;229;147;land;true;plains;1
655;109;239;228;land;false;plains;1
656;157;195;246;land;false;plains;1
657;238;195;145;land;false;plains;1
658;169;231;106;land;false;plains;1
659;251;53;246;land;false;plains;1
660;106;151;246;land;false;plains;1
661;96;251;160;land;false;plains;1
662;164;225;230;land;false;plains;1
663;54;219;245;land;false;plains;1
664;170;209;217;land;false;plains;1
665;224;180;133;land;false;plains;1
666;101;238;177;land;false;plains;1
667;246;150;248;land;true;plains;1
668;195;108;211;land;true;plains;1
669;195;142;188;land;false;plains;1
670;140;252;186;land;true;plains;1
671;249;252;110;land;true;plains;1
672;239;205;179;land;false;plains;1
673;251;213;41;land;false;plains;1
674;171;195;161;land;false;plains;1
675;201;160;172;land;false;plains;1
676;254;115;205;land;false;plains;1
677;112;253;219;land;false;plains;1
678;132;237;154;land;false;plains;1
679;126;237;206;land;false;plains;1
680;161;232;139;land;false;plains;1
681;109;200;246;land;false;plains;1
682;171;152;229;land;false;plains;1
683;214;184;235;land;false;plains;1
684;213;206;249;land;false;plains;1
685;252;231;104;land;false;plains;1
686;122;241;223;land;false;plains;1
687;145;169;240;land;false;plains;1
688;245;135;154;land;false;plains;1
689;219;195;172;land;false;plains;1
690;246;242;238;land;false;plains;1
691;114;247;227;land;true;plains;1
692;163;183;209;land;true;plains;1
693;249;192;198;land;true;plains;1
694;38;243;243;land;false;plains;1
695;73;245;252;land;false;plains;1
696;203;190;119;land;false;plains;1
697;93;238;171;land;false;plains;1
698;178;213;131;land;false;plains;1
699;243;31;240;land;false;plains;1
700;237;176;206;land;true;plains;1
701;168;246;254;land;false;plains;1
702;187;252;209;land;false;plains;1
703;244;118;145;land;false;plains;1
704;249;239;128;land;false;plains;1
705;164;224;138;land;false;plains;1
706;207;214;171;land;false;plains;1
707;127;192;194;land;false;plains;1
708;125;232;169;land;false;plains;1
709;162;221;226;land;false;plains;1
710;198;240;114;land;false;plains;1
711;226;196;203;land;true;plains;1
712;98;206;249;land;false;plains;1
713;246;235;44;land;false;plains;1
714;219;86;198;land;false;plains;1
715;186;208;216;land;false;plains;1
716;88;213;242;land;true;plains;1
717;248;150;221;land;false;plains;1
718;106;239;205;land;false;plains;1
719;164;216;228;land;false;plains;1
720;251;179;161;land;false;plains;1
721;232;185;120;land;false;plains;1
722;225;223;85;land;false;plains;1
723;161;242;110;land;false;plains;1
724;72;204;247;land;false;plains;1
725;99;214;231;land;false;plains;1
726;229;177;140;land;false;plains;1
727;195;237;165;land;false;plains;1
728;154;240;163;land;false;plains;1
729;248;244;47;land;false;plains;1
730;235;191;192;land;false;plains;1
731;184;110;239;land;false;plains;1
732;75;225;207;land;false;plains;1
733;239;224;87;land;false;plains;1
734;192;240;195;land;false;plains;1
735;249;240;122;land;false;plains;1
736;174;222;133;land;false;plains;1
737;179;220;116;land;false;plains;1
738;185;239;185;land;false;plains;1
739;221;197;84;land;false;plains;1
740;198;176;158;land;false;plains;1
741;253;117;143;land;false;plains;1
742;253;218;232;land;false;plains;1
743;228;228;195;land;false;plains;1
744;242;162;138;land;false;plains;1
745;239;56;252;land;false;plains;1
746;178;184;246;land;false;plains;1
747;82;227;219;land;false;plains;1
748;232;241;83;land;false;plains;1
749;250;154;143;land;false;plains;1
750;209;250;238;land;false;plains;1
751;218;83;254;land;true;plains;1
752;171;199;216;land;false;plains;1
753;170;220;112;land;false;plains;1
754;243;236;242;land;false;plains;1
755;247;220;68;land;false;plains;1
756;123;224;186;land;false;plains;1
757;240;135;249;land;false;plains;1
758;252;101;181;land;true;plains;1
759;207;133;238;land;false;plains;1
760;198;233;82;land;false;plains;1
761;144;191;177;land;true;plains;1
762;236;238;76;land;false;plains;1
763;57;197;253;land;false;plains;1
764;240;219;213;land;false;plains;1
765;72;247;226;land;false;plains;1
766;223;243;244;land;false;plains;1
767;170;251;138;land;false;plains;1
768;225;138;239;land;false;plains;1
769;160;182;189;land;false;plains;1
770;245;169;252;land;false;plains;1
771;143;172;240;land;true;plains;1
772;182;105;224;land;false;plains;1
773;235;176;115;land;false;plains;1
774;163;254;127;land;false;plains;1
775;144;205;192;land;false;plains;1
776;66;237;228;land;true;plains;1
777;244;207;158;land;false;plains;1
778;234;225;197;land;false;plains;1
779;223;144;165;land;false;plains;1
780;159;175;182;land;false;plains;1
781;57;225;226;land;false;plains;1
782;168;160;193;land;false;plains;1
783;233;76;252;land;false;plains;1
784;250;245;239;land;true;plains;1
785;162;206;189;land;false;plains;1
786;244;97;209;land;true;plains;1
787;136;229;215;land;false;plains;1
788;239;217;171;land;false;plains;1
789;176;251;172;land;false;plains;1
790;254;158;135;land;false;plains;1
791;215;143;220;land;false;plains;1
792;242;223;94;land;false;plains;1
793;242;146;126;land;false;plains;1
794;186;211;116;land;false;plains;1
795;181;252;109;land;false;plains;1
796;76;211;250;land;true;plains;1
797;203;212;206;land;false;plains;1
798;153;147;216;land;false;plains;1
799;190;250;93;land;false;plains;1
800;170;217;193;land;false;plains;1
801;248;199;139;land;false;plains;1
802;202;77;232;land;false;plains;1
803;222;179;230;land;false;plains;1
804;168;154;231;land;false;plains;1
805;165;240;128;land;true;plains;1
806;163;254;124;land;true;plains;1
807;195;210;104;land;false;plains;1
808;240;198;88;land;false;plains;1
809;233;238;155;land;false;plains;1
810;191;127;199;land;false;plains;1
811;173;164;194;land;false;plains;1
812;246;206;232;land;false;plains;1
813;170;252;160;land;false;plains;1
814;154;118;243;land;false;plains;1
815;175;107;249;land;false;plains;1
816;196;171;143;land;false;plains;1
817;235;251;178;land;false;plains;1
818;198;174;236;land;true;plains;1
819;122;159;252;land;true;plains;1
820;166;168;194;land;false;plains;1
821;235;176;123;land;false;plains;1
822;172;193;186;land;false;plains;1
823;253;244;204;land;false;plains;1
824;233;207;97;land;false;plains;1
825;194;205;198;land;false;plains;1
826;194;249;154;land;false;plains;1
827;61;200;247;land;false;plains;1
828;164;103;245;land;true;plains;1
829;137;231;210;land;true;plains;1
830;150;224;226;land;false;plains;1
831;251;163;95;land;false;plains;1
832;221;187;177;land;true;plains;1
833;200;238;86;land;false;plains;1
834;247;90;223;land;false;plains;1
835;239;131;239;land;false;plains;1
836;116;187;234;land;false;plains;1
837;97;187;239;land;false;plains;1
838;189;150;225;land;false;plains;1
839;125;247;237;land;false;plains;1
840;223;187;112;land;false;plains;1
841;251;252;95;land;false;plains;1
842;240;115;166;land;false;plains;1
843;212;178;128;land;false;plains;1
844;150;143;213;land;false;plains;1
845;248;253;115;land;false;plains;1
846;253;33;233;land;false;plains;1
847;164;236;153;land;false;plains;1
848;186;243;198;land;false;plains;1
849;211;181;162;land;false;plains;1
850;245;248;180;land;false;plains;1
851;209;140;170;land;false;plains;1
852;236;163;249;land;false;plains;1
853;155;187;219;land;false;plains;1
854;169;222;135;land;false;plains;1
855;226;172;223;land;false;plains;1
856;188;246;152;land;true;plains;1
857;244;167;135;land;true;plains;1
858;200;239;69;land;false;plains;1
859;235;73;207;land;false;plains;1
860;188;139;178;land;false;plains;1
861;205;209;173;land;false;plains;1
862;160;247;186;land;false;plains;1
863;152;216;186;land;false;plains;1
864;208;228;128;land;true;plains;1
865;233;147;159;land;false;plains;1
866;224;99;230;land;true;plains;1
867;104;250;174;land;false;plains;1
868;184;228;195;land;false;plains;1
869;221;161;204;land;false;plains;1
870;182;165;165;land;false;plains;1
871;204;209;173;land;false;plains;1
872;205;193;156;land;false;plains;1
873;193;243;89;land;false;plains;1
874;191;182;132;land;false;plains;1
875;195;164;230;land;false;plains;1
876;205;246;144;land;false;plains;1
877;178;230;244;land;false;plains;1
878;209;156;181;land;false;plains;1
879;243;180;250;land;false;plains;1
880;82;249;184;land;false;plains;1
881;243;229;190;land;false;plains;1
882;204;232;171;land;false;plains;1
883;194;163;250;land;false;plains;1
884;178;233;99;land;false;plains;1
885;111;215;175;land;false;plains;1
886;234;212;170;land;false;plains;1
887;157;200;181;land;false;plains;1
888;159;212;251;land;false;plains;1
889;42;235;226;land;false;plains;1
890;225;232;86;land;true;plains;1
891;44;237;226;land;false;plains;1
892;184;172;149;land;true;plains;1
893;205;211;121;land;false;plains;1
894;123;203;176;land;false;plains;1
895;190;219;208;land;false;plains;1
896;250;144;248;land;false;plains;1
897;61;224;247;land;false;plains;1
898;162;242;169;land;false;plains;1
899;185;215;108;land;false;plains;1
900;129;249;244;land;false;plains;1
901;157;254;244;land;false;plains;1
902;137;172;235;land;false;plains;1
903;224;136;204;land;false;plains;1
904;140;241;156;land;false;plains;1
905;161;135;248;land;false;plains;1
906;207;210;219;land;false;plains;1
907;64;246;213;land;false;plains;1
908;75;251;214;land;false;plains;1
909;119;251;205;land;false;plains;1
910;246;194;195;land;true;plains;1
911;242;91;245;land;true;plains;1
912;218;200;206;land;false;plains;1
913;167;160;183;land;false;plains;1
914;106;223;205;land;true;plains;1
915;141;218;174;land;true;plains;1
916;251;128;231;land;false;plains;1
917;246;153;127;land;false;plains;1
918;199;203;138;land;false;plains;1
919;214;240;112;land;false;plains;1
920;188;156;187;land;true;plains;1
921;172;170;238;land;false;plains;1
922;246;213;176;land;true;plains;1
923;165;249;110;land;false;plains;1
924;156;188;165;land;false;plains;1
925;183;205;195;land;false;plains;1
926;211;124;204;land;false;plains;1
927;237;233;115;land;false;plains;1
928;221;215;183;land;false;plains;1
929;211;134;166;land;false;plains;1
930;228;227;51;land;false;plains;1
931;199;239;145;land;false;plains;1
932;224;184;239;land;false;plains;1
933;215;143;222;land;false;plains;1
934;216;142;188;land;false;plains;1
935;225;215;104;land;false;plains;1
936;104;197;219;land;false;plains;1
937;221;233;93;land;false;plains;1
938;222;84;231;land;false;plains;1
939;251;230;133;land;false;plains;1
940;151;225;137;land;false;plains;1
941;243;176;163;land;true;plains;1
942;221;170;128;land;false;plains;1
943;243;50;236;land;false;plains;1
944;252;154;251;land;false;plains;1
945;220;88;204;land;false;plains;1
946;217;76;226;land;false;plains;1
947;234;241;127;land;false;plains;1
948;196;186;206;land;false;plains;1
949;227;210;94;land;false;plains;1
950;253;226;229;land;false;plains;1
951;228;129;224;land;false;plains;1
952;251;20;238;land;false;plains;1
953;134;240;221;land;false;plains;1
954;55;243;250;land;false;plains;1
955;251;243;123;land;false;plains;1
956;204;171;182;land;false;plains;1
957;188;254;129;land;false;plains;1
958;199;123;226;land;false;plains;1
959;237;214;155;land;true;plains;1
960;203;56;242;land;false;plains;1
961;232;249;108;land;false;plains;1
962;125;246;181;land;false;plains;1
963;177;182;199;land;false;plains;1
964;195;72;253;land;false;plains;1
965;185;184;235;land;false;plains;1
966;253;135;142;land;false;plains;1
967;252;217;222;land;true;plains;1
968;167;143;219;land;true;plains;1
969;238;92;229;land;false;plains;1
970;180;150;190;land;false;plains;1
971;252;221;224;land;false;plains;1
972;191;172;159;land;false;plains;1
973;251;133;144;land;false;plains;1
974;132;205;173;land;false;plains;1
975;253;203;110;land;false;plains;1
976;205;154;244;land;false;plains;1
977;224;174;243;land;false;plains;1
978;124;158;238;land;false;plains;1
979;210;135;174;land;false;plains;1
980;189;205;252;land;false;plains;1
981;199;210;236;land;false;plains;1
982;108;152;245;land;false;plains;1
983;253;232;127;land;false;plains;1
984;233;213;247;land;false;plains;1
985;216;192;107;land;true;plains;1
986;203;240;175;land;false;plains;1
987;78;240;229;land;false;plains;1
988;166;159;195;land;false;plains;1
989;113;210;196;land;false;plains;1
990;224;247;236;land;false;plains;1
991;224;249;42;land;false;plains;1
992;153;231;218;land;false;plains;1
993;111;210;202;land;false;plains;1
994;250;212;117;land;false;plains;1
995;209;204;232;land;false;plains;1
996;207;227;98;land;false;plains;1
997;113;239;156;land;false;plains;1
998;190;191;164;land;false;plains;1
999;204;209;113;land;false;plains;1
1000;150;167;222;land;false;plains;1
1001;227;224;222;land;false;plains;1
1002;175;210;153;land;false;plains;1
1003;223;119;218;land;false;plains;1
1004;117;235;242;land;false;plains;1
1005;246;234;171;land;false;plains;1
1006;233;163;159;land;false;plains;1
1007;208;221;140;land;false;plains;1
1008;221;246;212;land;false;plains;1
1009;144;250;251;land;false;plains;1
1010;114;157;249;land;false;plains;1
1011;246;241;247;land;true;plains;1
1012;252;231;23;land;false;plains;1
1013;185;177;177;land;false;plains;1
1014;253;243;252;land;false;plains;1
1015;97;182;250;land;false;plains;1
1016;245;247;10;land;false;plains;1
1017;213;137;182;land;false;plains;1
1018;211;180;175;land;true;plains;1
1019;241;232;240;land;false;plains;1
1020;197;194;199;land;false;plains;1
1021;184;225;254;land;false;plains;1
1022;185;100;247;land;false;plains;1
1023;188;227;113;land;false;plains;1
1024;234;38;251;land;false;plains;1
1025;154;226;230;land;false;plains;1
1026;168;207;232;land;false;plains;1
1027;172;218;173;land;false;plains;1
1028;189;189;246;land;false;plains;1
1029;79;238;193;land;false;plains;1
1030;246;147;170;land;false;plains;1
1031;157;235;214;land;false;plains;1
1032;159;204;138;land;false;plains;1
1033;224;236;230;land;false;plains;1
1034;118;238;160;land;false;plains;1
1035;159;211;217;land;false;plains;1
1036;205;246;141;land;false;plains;1
1037;48;250;243;land;false;plains;1
1038;248;202;169;land;false;plains;1
1039;132;203;177;land;false;plains;1
1040;216;193;250;land;false;plains;1
1041;248;179;216;land;false;plains;1
1042;226;199;121;land;false;plains;1
1043;248;133;133;land;false;plains;1
1044;239;231;35;land;false;plains;1
1045;156;188;209;land;false;plains;1
1046;253;223;125;land;true;plains;1
1047;169;246;129;land;false;plains;1
1048;246;80;212;land;false;plains;1
1049;248;59;227;land;false;plains;1
1050;127;238;221;land;false;plains;1
1051;195;96;228;land;false;plains;1
1052;254;230;105;land;false;plains;1
1053;223;157;198;land;false;plains;1
1054;246;146;155;land;false;plains;1
1055;219;44;238;land;false;plains;1
1056;224;112;193;land;false;plains;1
1057;137;225;151;land;false;plains;1
1058;121;237;241;land;false;plains;1
1059;206;97;222;land;false;plains;1
1060;194;171;187;land;false;plains;1
1061;225;49;244;land;false;plains;1
1062;182;225;136;land;true;plains;1
1063;125;237;202;land;false;plains;1
1064;192;254;55;land;false;plains;1
1065;141;213;148;land;false;plains;1
1066;234;135;158;land;true;plains;1
1067;159;222;248;land;false;plains;1
1068;204;128;206;land;false;plains;1
1069;235;249;107;land;false;plains;1
1070;227;215;141;land;false;plains;1
1071;125;154;240;land;false;plains;1
1072;197;78;250;land;false;plains;1
1073;237;148;158;land;true;plains;1
1074;106;171;253;land;false;plains;1
1075;156;177;189;land;false;plains;1
1076;129;234;229;land;false;plains;1
1077;198;248;127;land;false;plains;1
1078;209;69;248;land;false;plains;1
1079;139;168;207;land;false;plains;1
1080;194;130;188;land;true;plains;1
1081;204;149;232;land;false;plains;1
1082;153;239;144;land;false;plains;1
1083;244;73;211;land;true;plains;1
1084;118;202;204;land;false;plains;1
1085;169;237;116;land;false;plains;1
1086;234;152;132;land;false;plains;1
1087;223;214;189;land;false;plains;1
1088;163;248;107;land;false;plains;1
1089;169;173;184;land;false;plains;1
1090;110;229;224;land;false;plains;1
1091;220;224;246;land;false;plains;1
1092;194;205;181;land;false;plains;1
1093;138;247;155;land;false;plains;1
1094;206;194;199;land;false;plains;1
1095;189;248;102;land;false;plains;1
1096;219;124;165;land;false;plains;1
1097;217;247;86;land;false;plains;1
1098;240;40;241;land;false;plains;1
1099;208;197;171;land;false;plains;1
1100;205;229;152;land;false;plains;1
1101;222;141;224;land;true;plains;1
1102;232;113;190;land;false;plains;1
1103;211;231;74;land;false;plains;1
1104;120;237;243;land;false;plains;1
1105;135;219;220;land;false;plains;1
1106;189;250;105;land;false;plains;1
1107;213;217;90;land;false;plains;1
1108;231;163;234;land;false;plains;1
1109;198;160;241;land;false;plains;1
1110;148;237;176;land;false;plains;1
1111;234;174;223;land;false;plains;1
1112;187;187;188;land;false;plains;1
1113;246;222;248;land;false;plains;1
1114;233;193;193;land;false;plains;1
1115;218;101;187;land;false;plains;1
1116;223;186;202;land;false;plains;1
1117;236;77;222;land;false;plains;1
1118;253;86;169;land;false;plains;1
1119;200;212;170;land;true;plains;1
1120;109;223;225;land;false;plains;1
1121;235;140;245;land;false;plains;1
1122;224;141;240;land;false;plains;1
1123;224;114;169;land;false;plains;1
1124;240;254;129;land;false;plains;1
1125;156;155;194;land;false;plains;1
1126;193;244;244;land;false;plains;1
1127;123;162;224;land;false;plains;1
1128;185;106;234;land;false;plains;1
1129;221;227;212;land;false;plains;1
1130;191;245;108;land;false;plains;1
1131;130;239;199;land;false;plains;1
1132;195;146;219;land;false;plains;1
1133;193;127;238;land;false;plains;1
1134;169;189;148;land;true;plains;1
1135;216;241;169;land;false;plains;1
1136;252;82;192;land;false;plains;1
1137;121;177;235;land;false;plains;1
1138;225;238;101;land;false;plains;1
1139;212;109;189;land;false;plains;1
1140;91;245;213;land;false;plains;1
1141;32;237;232;land;false;plains;1
1142;226;204;148;land;false;plains;1
1143;226;242;42;land;false;plains;1
1144;49;248;214;land;false;plains;1
1145;217;132;227;land;false;plains;1
1146;159;182;242;land;false;plains;1
1147;230;153;143;land;true;plains;1
1148;185;196;203;land;false;plains;1
1149;209;184;108;land;false;plains;1
1150;200;134;198;land;false;plains;1
1151;95;189;248;land;false;plains;1
1152;203;172;196;land;false;plains;1
1153;254;251;105;land;true;plains;1
1154;156;236;251;land;false;plains;1
1155;232;248;210;land;false;plains;1
1156;85;223;206;land;false;plains;1
1157;115;233;214;land;false;plains;1
1158;236;202;205;land;false;plains;1
1159;191;252;90;land;false;plains;1
1160;228;207;102;land;false;plains;1
1161;214;236;246;land;false;plains;1
1162;133;155;237;land;false;plains;1
1163;250;143;251;land;false;plains;1
1164;217;168;156;land;false;plains;1
1165;246;159;195;land;false;plains;1
1166;100;204;197;land;false;plains;1
1167;238;198;161;land;false;plains;1
1168;226;249;81;land;false;plains;1
1169;242;205;180;land;false;plains;1
1170;192;187;153;land;false;plains;1
1171;143;147;212;land;false;plains;1
1172;205;178;190;land;false;plains;1
1173;142;195;181;land;false;plains;1
1174;239;119;181;land;false;plains;1
1175;248;141;143;land;false;plains;1
1176;89;178;254;land;false;plains;1
1177;186;253;100;land;true;plains;1
1178;209;245;50;land;false;plains;1
1179;136;203;241;land;false;plains;1
1180;228;47;232;land;false;plains;1
1181;98;222;229;land;false;plains;1
1182;215;218;133;land;false;plains;1
1183;87;252;231;land;true;plains;1
1184;175;156;174;land;false;plains;1
1185;201;208;252;land;false;plains;1
1186;184;154;180;land;false;plains;1
1187;76;254;181;land;false;plains;1
1188;173;231;110;land;false;plains;1
1189;132;167;218;land;false;plains;1
1190;240;226;188;land;true;plains;1
1191;228;159;228;land;false;plains;1
1192;224;196;103;land;true;plains;1
1193;143;252;183;land;false;plains;1
1194;228;246;217;land;false;plains;1
1195;161;157;230;land;false;plains;1
1196;240;191;156;land;true;plains;1
1197;189;126;219;land;true;plains;1
1198;225;244;33;land;false;plains;1
1199;163;182;194;land;true;plains;1
1200;136;228;231;land;false;plains;1
1201;240;241;237;land;false;plains;1
1202;179;235;217;land;false;plains;1
1203;156;193;221;land;false;plains;1
1204;187;170;253;land;false;plains;1
1205;230;109;244;land;false;plains;1
1206;200;214;159;land;false;plains;1
1207;189;168;221;land;false;plains;1
1208;193;238;213;land;false;plains;1
1209;176;185;233;land;false;plains;1
1210;200;253;119;land;false;plains;1
1211;153;190;159;land;true;plains;1
1212;219;132;155;land;false;plains;1
1213;251;173;248;land;false;plains;1
1214;198;192;158;land;false;plains;1
1215;81;209;221;land;false;plains;1
1216;222;248;94;land;true;plains;1
1217;211;148;173;land;true;plains;1
1218;229;154;159;land;false;plains;1
1219;222;150;133;land;false;plains;1
1220;224;159;170;land;false;plains;1
1221;215;216;155;land;false;plains;1
1222;240;163;115;land;false;plains;1
1223;207;163;197;land;true;plains;1
1224;250;214;178;land;false;plains;1
1225;195;167;237;land;false;plains;1
1226;253;205;97;land;false;plains;1
1227;247;143;165;land;false;plains;1
1228;245;235;151;land;false;plains;1
1229;250;235;226;land;false;plains;1
1230;210;253;192;land;false;plains;1
1231;221;103;196;land;false;plains;1
1232;202;252;184;land;true;plains;1
1233;223;59;241;land;false;plains;1
1234;188;169;223;land;true;plains;1
1235;186;189;163;land;false;plains;1
1236;30;242;249;land;false;plains;1
1237;162;127;215;land;false;plains;1
1238;253;251;47;land;false;plains;1
1239;193;189;165;land;false;plains;1
1240;251;112;248;land;false;plains;1
1241;133;243;127;land;false;plains;1
1242;89;187;240;land;false;plains;1
1243;219;123;249;land;false;plains;1
1244;228;175;108;land;false;plains;1
1245;116;192;245;land;false;plains;1
1246;226;253;86;land;false;plains;1
1247;234;113;245;land;false;plains;1
1248;250;195;139;land;false;plains;1
1249;236;157;173;land;false;plains;1
1250;254;78;254;land;false;plains;1
1251;208;89;233;land;false;plains;1
1252;185;218;224;land;false;plains;1
1253;218;253;142;land;false;plains;1
1254;218;156;226;land;false;plains;1
1255;203;161;218;land;true;plains;1
1256;181;212;119;land;false;plains;1
1257;217;241;171;land;false;plains;1
1258;147;217;250;land;true;plains;1
1259;242;178;126;land;false;plains;1
1260;56;237;248;land;false;plains;1
1261;232;252;99;land;false;plains;1
1262;107;220;222;land;false;plains;1
1263;195;194;143;land;true;plains;1
1264;169;214;180;land;false;plains;1
1265;235;163;148;land;false;plains;1
1266;184;253;141;land;false;plains;1
1267;212;166;243;land;false;plains;1
1268;197;243;193;land;false;plains;1
1269;197;145;211;land;false;plains;1
1270;175;155;231;land;false;plains;1
1271;88;209;254;land;false;plains;1
1272;231;80;235;land;false;plains;1
1273;247;81;177;land;true;plains;1
1274;236;234;92;land;false;plains;1
1275;114;247;154;land;true;plains;1
1276;89;234;233;land;true;plains;1
1277;236;111;161;land;true;plains;1
1278;140;253;184;land;false;plains;1
1279;152;230;176;land;false;plains;1
1280;169;232;105;land;false;plains;1
1281;142;201;242;land;false;plains;1
1282;228;96;199;land;false;plains;1
1283;242;158;195;land;false;plains;1
1284;192;197;118;land;false;plains;1
1285;208;246;204;land;false;plains;1
1286;175;237;210;land;false;plains;1
1287;242;174;222;land;false;plains;1
1288;205;217;121;land;false;plains;1
1289;250;152;122;land;false;plains;1
1290;218;211;226;land;false;plains;1
1291;129;249;214;land;false;plains;1
1292;242;123;234;land;false;plains;1
1293;221;207;245;land;false;plains;1
1294;243;217;157;land;false;plains;1
1295;244;226;185;land;false;plains;1
1296;218;186;236;land;false;plains;1
1297;149;254;130;land;false;plains;1
1298;144;198;207;land;false;plains;1
1299;117;197;212;land;false;plains;1
1300;232;128;157;land;false;plains;1
1301;252;226;130;land;false;plains;1
1302;160;161;228;land;false;plains;1
1303;181;178;227;land;false;plains;1
1304;250;115;218;land;false;plains;1
1305;193;194;233;land;false;plains;1
1306;236;241;63;land;false;plains;1
1307;252;208;45;land;false;plains;1
1308;210;224;247;land;false;plains;1
1309;197;250;213;land;false;plains;1
1310;211;141;240;land;false;plains;1
1311;239;201;123;land;false;plains;1
1312;209;221;240;land;false;plains;1
1313;55;222;243;land;false;plains;1
1314;170;148;242;land;true;plains;1
1315;88;229;195;land;false;plains;1
1316;134;218;209;land;false;plains;1
1317;254;194;127;land;false;plains;1
1318;222;98;215;land;false;plains;1
1319;215;209;140;land;false;plains;1
1320;249;234;145;land;false;plains;1
1321;138;213;229;land;false;plains;1
1322;125;247;143;land;false;plains;1
1323;120;233;218;land;false;plains;1
1324;170;141;211;land;false;plains;1
1325;153;203;254;land;true;plains;1
1326;147;229;220;land;false;plains;1
1327;222;53;226;land;false;plains;1
1328;210;227;222;land;false;plains;1
1329;175;151;216;land;false;plains;1
1330;214;186;127;land;false;plains;1
1331;198;128;185;land;false;plains;1
1332;46;239;231;land;false;plains;1
1333;252;146;165;land;false;plains;1
1334;152;156;198;land;false;plains;1
1335;191;133;190;land;false;plains;1
1336;251;194;76;land;false;plains;1
1337;163;139;215;land;false;plains;1
1338;186;202;147;land;true;plains;1
1339;226;140;235;land;false;plains;1
1340;200;188;234;land;true;plains;1
1341;71;194;236;land;false;plains;1
1342;185;247;83;land;false;plains;1
1343;180;246;199;land;false;plains;1
1344;175;171;215;land;false;plains;1
1345;78;248;248;land;false;plains;1
1346;217;103;182;land;true;plains;1
1347;224;187;133;land;false;plains;1
1348;124;198;221;land;false;plains;1
1349;171;253;245;land;false;plains;1
1350;120;218;186;land;false;plains;1
1351;107;194;231;land;false;plains;1
1352;180;238;131;land;false;plains;1
1353;191;223;180;land;false;plains;1
1354;244;179;227;land;false;plains;1
1355;161;221;164;land;false;plains;1
1356;240;15;248;land;false;plains;1
1357;225;192;251;land;false;plains;1
1358;244;224;222;land;false;plains;1
1359;187;138;226;land;false;plains;1
1360;175;158;200;land;false;plains;1
1361;205;138;211;land;false;plains;1
1362;231;95;252;land;false;plains;1
1363;217;42;244;land;true;plains;1
1364;182;171;251;land;false;plains;1
1365;254;125;135;land;false;plains;1
1366;252;183;205;land;false;plains;1
1367;191;241;227;land;false;plains;1
1368;120;242;148;land;true;plains;1
1369;223;58;250;land;false;plains;1
1370;81;203;229;land;false;plains;1
1371;193;191;196;land;false;plains;1
1372;174;187;188;land;false;plains;1
1373;200;163;208;land;false;plains;1
1374;242;46;237;land;false;plains;1
1375;220;237;154;land;false;plains;1
1376;244;240;17;land;false;plains;1
1377;92;180;251;land;false;plains;1
1378;243;128;225;land;false;plains;1
1379;191;214;241;land;false;plains;1
1380;76;230;198;land;false;plains;1
1381;141;126;236;land;false;plains;1
1382;110;224;168;land;true;plains;1
1383;119;181;243;land;false;plains;1
1384;234;174;253;land;false;plains;1
1385;250;186;120;land;false;plains;1
1386;74;207;249;land;false;plains;1
1387;238;211;151;land;false;plains;1
1388;191;243;173;land;true;plains;1
1389;88;220;226;land;false;plains;1
1390;231;188;204;land;false;plains;1
1391;113;181;234;land;false;plains;1
1392;227;164;204;land;true;plains;1
1393;227;236;57;land;false;plains;1
1394;109;147;245;land;true;plains;1
1395;156;245;157;land;false;plains;1
1396;197;233;92;land;false;plains;1
1397;212;210;180;land;false;plains;1
1398;193;190;181;land;false;plains;1
1399;244;83;251;land;false;plains;1
1400;198;154;169;land;false;plains;1
1401;88;254;164;land;false;plains;1
1402;228;239;166;land;false;plains;1
1403;114;207;215;land;false;plains;1
1404;56;224;238;land;false;plains;1
1405;184;124;213;land;true;plains;1
1406;248;157;186;land;false;plains;1
1407;236;248;161;land;false;plains;1
1408;134;216;180;land;false;plains;1
1409;173;246;236;land;false;plains;1
1410;225;176;171;land;false;plains;1
1411;232;206;203;land;false;plains;1
1412;91;226;184;land;true;plains;1
1413;181;193;165;land;false;plains;1
1414;197;206;129;land;false;plains;1
1415;177;96;229;land;false;plains;1
1416;182;248;145;land;false;plains;1
1417;248;219;184;land;false;plains;1
1418;236;127;249;land;false;plains;1
1419;141;254;204;land;false;plains;1
1420;202;130;201;land;false;plains;1
1421;162;246;174;land;false;plains;1
1422;165;199;160;land;false;plains;1
1423;189;228;241;land;false;plains;1
1424;189;243;218;land;false;plains;1
1425;199;181;126;land;false;plains;1
1426;140;138;249;land;false;plains;1
1427;229;237;136;land;false;plains;1
1428;150;198;213;land;false;plains;1
1429;195;225;174;land;false;plains;1
1430;200;252;165;land;true;plains;1
1431;249;148;119;land;false;plains;1
1432;190;191;194;land;false;plains;1
1433;212;149;204;land;false;plains;1
1434;243;73;231;land;false;plains;1
1435;231;176;174;land;false;plains;1
1436;182;113;210;land;false;plains;1
1437;147;251;117;land;false;plains;1
1438;210;111;211;land;false;plains;1
1439;198;204;238;land;false;plains;1
1440;185;239;144;land;false;plains;1
1441;180;201;234;land;false;plains;1
1442;112;173;223;land;false;plains;1
1443;190;175;215;land;false;plains;1
1444;128;248;254;land;false;plains;1
1445;220;237;138;land;false;plains;1
1446;186;227;189;land;false;plains;1
1447;176;162;249;land;false;plains;1
1448;236;162;108;land;false;plains;1
1449;171;216;133;land;false;plains;1
1450;216;243;54;land;false;plains;1
1451;137;209;217;land;false;plains;1
1452;112;194;200;land;false;plains;1
1453;26;251;224;land;false;plains;1
1454;221;193;186;land;false;plains;1
1455;242;34;226;land;false;plains;1
1456;233;223;239;land;true;plains;1
1457;244;126;239;land;false;plains;1
1458;184;252;165;land;false;plains;1
1459;106;172;225;land;false;plains;1
1460;146;139;224;land;false;plains;1
1461;188;205;126;land;false;plains;1
1462;181;133;250;land;false;plains;1
1463;169;124;211;land;false;plains;1
1464;146;120;248;land;false;plains;1
1465;154;230;139;land;false;plains;1
1466;246;183;123;land;false;plains;1
1467;92;252;225;land;false;plains;1
1468;227;118;225;land;false;plains;1
1469;172;206;136;land;true;plains;1
1470;236;92;243;land;false;plains;1
1471;35;234;244;land;false;plains;1
1472;178;173;194;land;true;plains;1
1473;225;58;239;land;false;plains;1
1474;175;133;217;land;false;plains;1
1475;241;187;204;land;false;plains;1
1476;119;172;233;land;true;plains;1
1477;170;244;109;land;false;plains;1
1478;131;244;253;land;false;plains;1
1479;254;99;178;land;true;plains;1
1480;221;163;153;land;false;plains;1
1481;218;220;116;land;false;plains;1
1482;154;134;232;land;false;plains;1
1483;189;216;99;land;false;plains;1
1484;236;234;179;land;false;plains;1
1485;168;142;222;land;false;plains;1
1486;226;221;100;land;false;plains;1
1487;236;226;198;land;false;plains;1
1488;143;204;182;land;true;plains;1
1489;129;189;227;land;false;plains;1
1490;204;153;223;land;false;plains;1
1491;250;201;76;land;true;plains;1
1492;240;201;250;land;false;plains;1
1493;211;233;175;land;false;plains;1
1494;114;176;226;land;false;plains;1
1495;229;227;123;land;false;plains;1
1496;231;236;197;land;false;plains;1
1497;147;249;122;land;false;plains;1
1498;142;157;235;land;false;plains;1
1499;112;191;239;land;true;plains;1
1500;190;193;240;land;false;plains;1
1501;140;173;212;land;true;plains;1
1502;112;218;221;land;false;plains;1
1503;203;223;212;land;false;plains;1
1504;233;105;253;land;false;plains;1
1505;180;154;190;land;false;plains;1
1506;191;156;239;land;false;plains;1
1507;154;208;200;land;true;plains;1
1508;249;72;254;land;false;plains;1
1509;106;229;235;land;false;plains;1
1510;137;189;220;land;false;plains;1
1511;252;234;30;land;false;plains;1
1512;241;198;249;land;false;plains;1
1513;233;181;131;land;false;plains;1
1514;213;193;112;land;false;plains;1
1515;102;207;229;land;false;plains;1
1516;109;167;225;land;true;plains;1
1517;140;119;247;land;false;plains;1
1518;201;231;97;land;true;plains;1
1519;115;152;250;land;false;plains;1
1520;176;121;224;land;false;plains;1
1521;223;195;103;land;false;plains;1
1522;221;85;235;land;false;plains;1
1523;237;147;154;land;false;plains;1
1524;25;252;228;land;false;plains;1
1525;130;135;239;land;false;plains;1
1526;186;142;225;land;true;plains;1
1527;239;201;171;land;false;plains;1
1528;225;157;148;land;false;plains;1
1529;142;221;160;land;false;plains;1
1530;218;227;157;land;true;plains;1
1531;210;231;103;land;false;plains;1
1532;229;198;141;land;false;plains;1
1533;186;225;196;land;false;plains;1
1534;142;224;217;land;false;plains;1
1535;254;103;204;land;false;plains;1
1536;221;181;166;land;false;plains;1
1537;226;236;187;land;false;plains;1
1538;158;181;218;land;false;plains;1
1539;180;204;127;land;false;plains;1
1540;204;114;245;land;false;plains;1
1541;227;104;236;land;true;plains;1
1542;233;186;218;land;false;plains;1
1543;215;206;131;land;false;plains;1
1544;163;131;222;land;false;plains;1
1545;227;217;161;land;true;plains;1
1546;251;128;250;land;false;plains;1
1547;26;239;254;land;false;plains;1
1548;236;181;136;land;false;plains;1
1549;170;178;241;land;false;plains;1
1550;234;201;93;land;false;plains;1
1551;148;251;236;land;false;plains;1
1552;230;179;243;land;false;plains;1
1553;114;230;208;land;false;plains;1
1554;234;178;189;land;false;plains;1
1555;177;182;174;land;false;plains;1
1556;128;214;186;land;false;plains;1
1557;141;252;150;land;false;plains;1
1558;215;133;182;land;false;plains;1
1559;211;195;254;land;false;plains;1
1560;149;253;186;land;false;plains;1
1561;211;76;240;land;false;plains;1
1562;132;202;225;land;false;plains;1
1563;213;245;223;land;false;plains;1
1564;241;163;247;land;false;plains;1
1565;201;140;202;land;false;plains;1
1566;223;207;173;land;false;plains;1
1567;232;205;208;land;false;plains;1
1568;245;198;119;land;false;plains;1
1569;225;112;211;land;false;plains;1
1570;234;114;194;land;false;plains;1
1571;175;173;194;land;false;plains;1
1572;136;142;249;land;false;plains;1
1573;211;181;193;land;true;plains;1
1574;253;163;174;land;false;plains;1
1575;163;157;201;land;false;plains;1
1576;183;172;192;land;false;plains;1
1577;226;167;124;land;false;plains;1
1578;253;38;226;land;false;plains;1
1579;210;220;187;land;true;plains;1
1580;157;142;222;land;false;plains;1
1581;124;203;244;land;true;plains;1
1582;213;78;226;land;false;plains;1
1583;99;193;217;land;false;plains;1
1584;218;235;219;land;false;plains;1
1585;186;185;171;land;false;plains;1
1586;212;234;142;land;false;plains;1
1587;250;243;168;land;false;plains;1
1588;143;230;204;land;false;plains;1
1589;131;210;206;land;false;plains;1
1590;253;191;187;land;false;plains;1
1591;164;208;132;land;false;plains;1
1592;207;215;102;land;false;plains;1
1593;237;248;181;land;false;plains;1
1594;242;205;163;land;true;plains;1
1595;158;247;172;land;false;plains;1
1596;177;194;131;land;false;plains;1
1597;230;129;161;land;false;plains;1
1598;80;236;228;land;false;plains;1
1599;108;222;198;land;false;plains;1
1600;178;232;244;land;false;plains;1
1601;249;186;200;land;false;plains;1
1602;250;162;122;land;false;plains;1
1603;178;217;240;land;true;plains;1
1604;206;66;254;land;false;plains;1
1605;217;223;215;land;false;plains;1
1606;127;229;170;land;false;plains;1
1607;204;118;229;land;true;plains;1
1608;122;200;208;land;false;plains;1
1609;128;163;233;land;true;plains;1
1610;211;185;188;land;false;plains;1
1611;109;245;165;land;false;plains;1
1612;209;155;191;land;false;plains;1
1613;157;250;114;land;false;plains;1
1614;243;225;150;land;false;plains;1
1615;143;170;215;land;false;plains;1
1616;251;72;196;land;false;plains;1
1617;86;197;226;land;false;plains;1
1618;236;123;188;land;false;plains;1
1619;254;198;123;land;false;plains;1
1620;80;235;200;land;false;plains;1
1621;240;167;232;land;false;plains;1
1622;162;123;235;land;false;plains;1
1623;156;118;240;land;false;plains;1
1624;254;122;190;land;false;plains;1
1625;216;190;180;land;false;plains;1
1626;198;187;183;land;false;plains;1
1627;249;180;230;land;false;plains;1
1628;252;166;116;land;false;plains;1
1629;113;230;222;land;false;plains;1
1630;217;148;142;land;true;plains;1
1631;87;243;208;land;false;plains;1
1632;210;79;252;land;false;plains;1
1633;203;235;129;land;false;plains;1
1634;219;220;168;land;false;plains;1
1635;235;85;209;land;false;plains;1
1636;229;203;107;land;false;plains;1
1637;90;195;221;land;false;plains;1
1638;254;59;207;land;false;plains;1
1639;139;254;217;land;true;plains;1
1640;232;136;201;land;false;plains;1
1641;173;170;164;land;true;plains;1
1642;232;250;248;land;false;plains;1
1643;207;244;61;land;false;plains;1
1644;193;156;240;land;false;plains;1
1645;157;213;174;land;false;plains;1
1646;198;222;200;land;false;plains;1
1647;82;202;241;land;false;plains;1
1648;154;216;190;land;false;plains;1
1649;175;175;211;land;false;plains;1
1650;162;136;230;land;false;plains;1
1651;126;196;238;land;false;plains;1
1652;159;190;178;land;false;plains;1
1653;233;185;222;land;false;plains;1
1654;163;173;180;land;false;plains;1
1655;230;121;218;land;false;plains;1
1656;251;222;231;land;true;plains;1
1657;197;194;201;land;false;plains;1
1658;165;130;234;land;false;plains;1
1659;157;157;227;land;false;plains;1
1660;145;174;219;land;false;plains;1
1661;180;172;206;land;false;plains;1
1662;215;229;186;land;false;plains;1
1663;169;243;133;land;false;plains;1
1664;113;228;238;land;false;plains;1
1665;139;184;182;land;false;plains;1
1666;210;136;239;land;false;plains;1
1667;211;165;178;land;false;plains;1
1668;252;156;200;land;false;plains;1
1669;233;214;85;land;true;plains;1
1670;217;229;83;land;false;plains;1
1671;250;92;206;land;false;plains;1
1672;154;185;201;land;false;plains;1
1673;207;94;219;land;false;plains;1
1674;139;217;159;land;false;plains;1
1675;191;144;205;land;false;plains;1
1676;212;232;149;land;true;plains;1
1677;164;247;90;land;false;plains;1
1678;205;246;85;land;false;plains;1
1679;223;249;188;land;true;plains;1
1680;199;154;162;land;false;plains;1
1681;246;236;136;land;false;plains;1
1682;252;83;181;land;false;plains;1
1683;226;251;206;land;false;plains;1
1684;195;249;179;land;false;plains;1
1685;254;161;245;land;false;plains;1
1686;164;193;227;land;false;plains;1
1687;86;242;248;land;false;plains;1
1688;232;105;215;land;false;plains;1
1689;163;218;161;land;false;plains;1
1690;115;247;193;land;false;plains;1
1691;31;248;236;land;false;plains;1
1692;147;151;251;land;false;plains;1
1693;177;219;163;land;false;plains;1
1694;219;254;121;land;false;plains;1
1695;121;252;142;land;false;plains;1
1696;195;96;248;land;false;plains;1
1697;217;207;231;land;false;plains;1
1698;242;174;183;land;false;plains;1
1699;241;158;162;land;false;plains;1
1700;248;53;203;land;false;plains;1
1701;228;142;240;land;false;plains;1
1702;227;193;238;land;false;plains;1
1703;206;151;191;land;false;plains;1
1704;163;190;219;land;false;plains;1
1705;188;155;188;land;false;plains;1
1706;46;223;254;land;false;plains;1
1707;228;162;251;land;false;plains;1
1708;212;78;213;land;false;plains;1
1709;188;235;164;land;false;plains;1
1710;162;234;241;land;false;plains;1
1711;123;143;251;land;false;plains;1
1712;254;219;142;land;false;plains;1
1713;161;103;252;land;false;plains;1
1714;109;225;176;land;false;plains;1
1715;172;201;156;land;false;plains;1
1716;47;220;235;land;false;plains;1
1717;231;93;245;land;false;plains;1
1718;231;218;74;land;false;plains;1
1719;176;159;233;land;false;plains;1
1720;132;250;210;land;true;plains;1
1721;226;96;207;land;false;plains;1
1722;220;229;157;land;false;plains;1
1723;249;46;208;land;false;plains;1
1724;229;90;215;land;false;plains;1
1725;113;245;208;land;false;plains;1
1726;247;154;191;land;false;plains;1
1727;247;101;229;land;false;plains;1
1728;199;198;123;land;false;plains;1
1729;243;176;250;land;false;plains;1
1730;239;233;182;land;true;plains;1
1731;218;160;165;land;false;plains;1
1732;189;194;195;land;true;plains;1
1733;170;197;218;land;false;plains;1
1734;94;251;225;land;false;plains;1
1735;143;237;188;land;false;plains;1
1736;199;183;122;land;false;plains;1
1737;133;147;241;land;false;plains;1
1738;139;228;230;land;false;plains;1
1739;72;246;190;land;false;plains;1
1740;243;96;218;land;false;plains;1
1741;238;147;172;land;false;plains;1
1742;96;189;246;land;false;plains;1
1743;140;148;249;land;false;plains;1
1744;131;237;190;land;false;plains;1
1745;209;143;199;land;false;plains;1
1746;142;245;200;land;false;plains;1
1747;114;183;235;land;false;plains;1
1748;247;123;153;land;false;plains;1
1749;251;213;132;land;false;plains;1
1750;74;236;206;land;true;plains;1
1751;228;251;111;land;false;plains;1
1752;227;158;131;land;false;plains;1
1753;236;144;230;land;false;plains;1
1754;241;248;106;land;false;plains;1
1755;214;187;154;land;false;plains;1
1756;187;198;233;land;false;plains;1
1757;252;224;40;land;false;plains;1
1758;239;220;236;land;false;plains;1
1759;230;67;249;land;true;plains;1
1760;239;229;112;land;false;plains;1
1761;165;121;242;land;false;plains;1
1762;138;204;189;land;false;plains;1
1763;82;253;204;land;false;plains;1
1764;233;252;104;land;false;plains;1
1765;16;244;254;land;false;plains;1
1766;204;248;73;land;false;plains;1
1767;153;148;210;land;false;plains;1
1768;248;147;229;land;false;plains;1
1769;135;213;190;land;false;plains;1
1770;110;157;251;land;false;plains;1
1771;189;186;201;land;false;plains;1
1772;221;237;215;land;true;plains;1
1773;219;232;153;land;false;plains;1
1774;216;102;197;land;false;plains;1
1775;189;177;138;land;false;plains;1
1776;126;207;200;land;false;plains;1
1777;156;162;238;land;false;plains;1
1778;169;218;168;land;true;plains;1
1779;131;228;205;land;false;plains;1
1780;235;236;95;land;false;plains;1
1781;217;187;112;land;false;plains;1
1782;209;161;172;land;false;plains;1
1783;103;179;220;land;false;plains;1
1784;254;121;211;land;false;plains;1
1785;198;211;177;land;false;plains;1
1786;173;141;228;land;false;plains;1
1787;219;220;75;land;false;plains;1
1788;204;190;119;land;false;plains;1
1789;175;215;116;land;false;plains;1
1790;170;167;230;land;false;plains;1
1791;167;140;226;land;false;plains;1
1792;252;226;30;land;false;plains;1
1793;92;223;253;land;false;plains;1
1794;178;143;219;land;true;plains;1
1795;250;191;114;land;false;plains;1
1796;233;242;184;land;false;plains;1
1797;248;236;109;land;false;plains;1
1798;155;234;172;land;false;plains;1
1799;246;131;182;land;false;plains;1
1800;243;71;211;land;false;plains;1
1801;145;230;153;land;false;plains;1
1802;185;95;245;land;false;plains;1
1803;239;128;179;land;false;plains;1
1804;158;239;153;land;false;plains;1
1805;221;238;91;land;false;plains;1
1806;62;249;231;land;false;plains;1
1807;253;222;117;land;false;plains;1
1808;244;173;252;land;true;plains;1
1809;142;218;235;land;true;plains;1
1810;141;235;218;land;true;plains;1
1811;245;196;164;land;false;plains;1
1812;169;143;193;land;false;plains;1
1813;158;192;165;land;false;plains;1
1814;82;219;222;land;false;plains;1
1815;113;251;214;land;false;plains;1
1816;206;148;227;land;true;plains;1
1817;207;204;195;land;false;plains;1
1818;179;134;233;land;false;plains;1
1819;236;88;228;land;false;plains;1
1820;119;204;198;land;false;plains;1
1821;206;191;189;land;false;plains;1
1822;88;214;245;land;false;plains;1
1823;188;119;253;land;false;plains;1
1824;121;188;239;land;false;plains;1
1825;111;201;195;land;true;plains;1
1826;81;228;252;land;false;plains;1
1827;202;195;138;land;false;plains;1
1828;236;168;239;land;false;plains;1
1829;215;242;99;land;false;plains;1
1830;222;226;168;land;true;plains;1
1831;245;201;171;land;false;plains;1
1832;134;131;246;land;false;plains;1
1833;172;239;161;land;false;plains;1
1834;179;187;170;land;false;plains;1
1835;249;139;240;land;false;plains;1
1836;109;246;226;land;false;plains;1
1837;233;253;200;land;false;plains;1
1838;242;188;214;land;false;plains;1
1839;252;230;240;land;false;plains;1
1840;159;243;103;land;false;plains;1
1841;237;246;155;land;false;plains;1
1842;89;206;217;land;false;plains;1
1843;213;147;190;land;false;plains;1
1844;156;209;159;land;false;plains;1
1845;161;206;243;land;false;plains;1
1846;240;254;134;land;false;plains;1
1847;228;223;156;land;false;plains;1
1848;213;246;235;land;false;plains;1
1849;228;233;182;land;false;plains;1
1850;209;152;161;land;false;plains;1
1851;248;178;151;land;false;plains;1
1852;129;224;242;land;false;plains;1
1853;252;149;204;land;true;plains;1
1854;111;226;253;land;false;plains;1
1855;169;225;196;land;false;plains;1
1856;199;132;182;land;false;plains;1
1857;158;100;244;land;false;plains;1
1858;170;221;118;land;false;plains;1
1859;165;138;213;land;true;plains;1
1860;227;242;105;land;false;plains;1
1861;188;174;182;land;false;plains;1
1862;219;144;204;land;false;plains;1
1863;104;191;243;land;false;plains;1
1864;238;93;248;land;false;plains;1
1865;220;234;215;land;false;plains;1
1866;246;73;237;land;false;plains;1
1867;217;157;182;land;false;plains;1
1868;246;222;173;land;false;plains;1
1869;247;117;169;land;false;plains;1
1870;150;224;201;land;false;plains;1
1871;252;186;90;land;false;plains;1
1872;171;212;239;land;false;plains;1
1873;238;130;199;land;false;plains;1
1874;175;238;166;land;false;plains;1
1875;173;225;192;land;false;plains;1
1876;233;188;91;land;false;plains;1
1877;239;108;172;land;false;plains;1
1878;180;198;217;land;false;plains;1
1879;229;65;232;land;false;plains;1
1880;200;222;82;land;false;plains;1
1881;127;248;142;land;false;plains;1
1882;168;181;252;land;false;plains;1
1883;235;81;187;land;false;plains;1
1884;73;244;205;land;false;plains;1
1885;83;242;242;land;false;plains;1
1886;247;199;146;land;false;plains;1
1887;243;220;64;land;false;plains;1
1888;160;241;185;land;false;plains;1
1889;92;240;239;land;false;plains;1
1890;253;121;178;land;false;plains;1
1891;207;161;247;land;false;plains;1
1892;126;254;242;land;false;plains;1
1893;204;241;108;land;true;plains;1
1894;81;211;235;land;false;plains;1
1895;162;222;187;land;false;plains;1
1896;215;250;68;land;false;plains;1
1897;201;115;243;land;false;plains;1
1898;220;134;153;land;false;plains;1
1899;135;159;246;land;false;plains;1
1900;225;204;160;land;false;plains;1
1901;250;235;92;land;false;plains;1
1902;233;214;109;land;false;plains;1
1903;78;192;245;land;false;plains;1
1904;241;141;200;land;false;plains;1
1905;254;245;111;land;false;plains;1
1906;140;190;253;land;false;plains;1
1907;224;128;214;land;false;plains;1
1908;245;130;248;land;false;plains;1
1909;238;224;192;land;false;plains;1
1910;252;166;155;land;false;plains;1
1911;191;110;203;land;false;plains;1
1912;227;227;225;land;false;plains;1
1913;172;163;236;land;false;plains;1
1914;124;174;239;land;false;plains;1
1915;225;217;158;land;false;plains;1
1916;147;222;250;land;false;plains;1
1917;166;121;229;land;false;plains;1
1918;247;152;181;land;false;plains;1
1919;233;70;229;land;false;plains;1
1920;248;239;167;land;false;plains;1
1921;232;131;159;land;false;plains;1
1922;233;186;235;land;false;plains;1
1923;162;210;176;land;true;plains;1
1924;219;148;155;land;false;plains;1
1925;197;191;199;land;false;plains;1
1926;224;99;185;land;false;plains;1
1927;249;189;150;land;false;plains;1
1928;135;213;178;land;false;plains;1
1929;88;239;180;land;false;plains;1
1930;149;233;172;land;false;plains;1
1931;158;178;172;land;false;plains;1
1932;186;250;216;land;false;plains;1
1933;136;249;141;land;false;plains;1
1934;221;159;177;land;false;plains;1
1935;247;187;180;land;true;plains;1
1936;158;222;186;land;false;plains;1
1937;224;191;244;land;false;plains;1
1938;197;238;169;land;false;plains;1
1939;167;139;212;land;false;plains;1
1940;228;245;56;land;false;plains;1
1941;247;145;210;land;false;plains;1
1942;114;223;192;land;false;plains;1
1943;233;221;148;land;false;plains;1
1944;226;148;157;land;false;plains;1
1945;141;149;243;land;false;plains;1
1946;217;186;127;land;false;plains;1
1947;239;208;163;land;false;plains;1
1948;216;164;135;land;false;plains;1
1949;192;174;160;land;false;plains;1
1950;245;168;134;land;false;plains;1
1951;187;246;152;land;false;plains;1
1952;214;145;164;land;false;plains;1
1953;106;234;181;land;false;plains;1
1954;226;238;68;land;false;plains;1
1955;206;211;118;land;false;plains;1
1956;169;147;202;land;false;plains;1
1957;111;253;245;land;false;plains;1
1958;207;137;239;land;false;plains;1
1959;145;234;125;land;false;plains;1
1960;28;249;238;land;true;plains;1
1961;186;207;122;land;false;plains;1
1962;214;137;208;land;false;plains;1
1963;194;220;229;land;false;plains;1
1964;207;163;249;land;true;plains;1
1965;244;149;248;land;false;plains;1
1966;145;174;230;land;false;plains;1
1967;241;208;141;land;true;plains;1
1968;242;212;155;land;true;plains;1
1969;151;194;164;land;false;plains;1
1970;231;222;112;land;false;plains;1
1971;247;108;227;land;false;plains;1
1972;207;110;211;land;false;plains;1
1973;32;248;225;land;false;plains;1
1974;193;181;246;land;false;plains;1
1975;227;245;169;land;false;plains;1
1976;181;236;97;land;false;plains;1
1977;206;95;226;land;false;plains;1
1978;167;204;152;land;false;plains;1
1979;210;174;170;land;false;plains;1
1980;194;125;253;land;false;plains;1
1981;230;224;171;land;false;plains;1
1982;128;152;240;land;false;plains;1
1983;247;70;226;land;true;plains;1
1984;148;250;216;land;false;plains;1
1985;174;205;243;land;false;plains;1
1986;251;254;239;land;false;plains;1
1987;195;192;242;land;false;plains;1
1988;187;242;152;land;false;plains;1
1989;102;253;150;land;false;plains;1
1990;196;153;187;land;false;plains;1
1991;125;209;203;land;false;plains;1
1992;223;83;240;land;false;plains;1
1993;205;235;73;land;false;plains;1
1994;142;196;241;land;false;plains;1
1995;215;134;197;land;false;plains;1
1996;222;87;209;land;false;plains;1
1997;189;247;153;land;true;plains;1
1998;232;117;223;land;false;plains;1
1999;194;210;136;land;false;plains;1
2000;146;240;250;land;false;plains;1
2001;251;198;55;land;false;plains;1
2002;244;202;177;land;false;plains;1
2003;220;110;254;land;false;plains;1
2004;217;165;119;land;false;plains;1
2005;201;228;165;land;false;plains;1
2006;228;247;129;land;false;plains;1
2007;174;219;176;land;false;plains;1
2008;203;196;253;land;false;plains;1
2009;203;152;165;land;false;plains;1
2010;133;223;233;land;false;plains;1
2011;88;214;224;land;false;plains;1
2012;222;110;178;land;false;plains;1
2013;206;113;192;land;false;plains;1
2014;182;251;75;land;false;plains;1
2015;204;234;189;land;false;plains;1
2016;223;174;155;land;false;plains;1
2017;250;89;229;land;true;plains;1
2018;248;120;199;land;true;plains;1
2019;147;205;219;land;false;plains;1
2020;212;236;228;land;false;plains;1
2021;187;240;124;land;false;plains;1
2022;176;164;235;land;false;plains;1
2023;161;244;220;land;false;plains;1
2024;246;237;193;land;false;plains;1
2025;245;120;254;land;false;plains;1
2026;230;111;202;land;false;plains;1
2027;196;162;190;land;false;plains;1
2028;142;235;184;land;false;plains;1
2029;171;118;223;land;false;plains;1
2030;225;217;108;land;false;plains;1
2031;197;76;228;land;false;plains;1
2032;131;242;137;land;false;plains;1
2033;246;251;50;land;false;plains;1
2034;187;216;165;land;false;plains;1
2035;96;227;213;land;false;plains;1
2036;227;181;249;land;false;plains;1
2037;189;196;230;land;false;plains;1
2038;244;34;231;land;false;plains;1
2039;152;215;176;land;true;plains;1
2040;116;254;141;land;false;plains;1
2041;212;113;187;land;false;plains;1
2042;217;246;203;land;false;plains;1
2043;108;191;221;land;false;plains;1
2044;60;247;224;land;false;plains;1
2045;194;143;229;land;false;plains;1
2046;165;253;222;land;false;plains;1
2047;118;214;177;land;false;plains;1
2048;143;230;157;land;false;plains;1
2049;221;75;212;land;false;plains;1
2050;250;249;241;land;false;plains;1
2051;213;195;146;land;false;plains;1
2052;143;203;183;land;false;plains;1
2053;243;143;235;land;false;plains;1
2054;232;152;251;land;false;plains;1
2055;190;167;207;land;false;plains;1
2056;206;221;117;land;false;plains;1
2057;217;186;228;land;false;plains;1
2058;123;220;158;land;true;plains;1
2059;103;225;178;land;false;plains;1
2060;107;237;169;land;false;plains;1
2061;159;253;249;land;false;plains;1
2062;117;201;235;land;false;plains;1
2063;76;236;250;land;false;plains;1
2064;201;211;95;land;true;plains;1
2065;228;251;238;land;true;plains;1
2066;140;177;226;land;false;plains;1
2067;177;186;142;land;false;plains;1
2068;136;253;174;land;false;plains;1
2069;236;148;231;land;false;plains;1
2070;234;71;232;land;true;plains;1
2071;223;218;244;land;false;plains;1
2072;100;243;202;land;false;plains;1
2073;193;248;215;land;false;plains;1
2074;174;149;234;land;true;plains;1
2075;201;79;232;land;false;plains;1
2076;226;249;103;land;false;plains;1
2077;246;185;138;land;false;plains;1
2078;237;156;118;land;false;plains;1
2079;190;182;179;land;false;plains;1
2080;179;160;236;land;false;plains;1
2081;240;230;159;land;false;plains;1
2082;213;194;138;land;false;plains;1
2083;174;242;194;land;false;plains;1
2084;101;248;175;land;false;plains;1
2085;237;156;240;land;false;plains;1
2086;144;180;229;land;false;plains;1
2087;154;207;198;land;false;plains;1
2088;44;231;244;land;false;plains;1
2089;143;210;227;land;false;plains;1
2090;165;198;223;land;false;plains;1
2091;249;121;173;land;false;plains;1
2092;184;231;254;land;false;plains;1
2093;147;175;219;land;false;plains;1
2094;174;146;246;land;false;plains;1
2095;189;84;252;land;false;plains;1
2096;131;204;176;land;false;plains;1
2097;251;153;143;land;false;plains;1
2098;164;194;225;land;false;plains;1
2099;208;168;180;land;false;plains;1
2100;180;207;132;land;false;plains;1
2101;195;206;201;land;true;plains;1
2102;161;249;223;land;false;plains;1
2103;205;90;223;land;false;plains;1
2104;206;233;126;land;false;plains;1
2105;250;155;199;land;false;plains;1
2106;184;209;239;land;false;plains;1
2107;208;234;230;land;false;plains;1
2108;155;196;159;land;false;plains;1
2109;189;104;227;land;true;plains;1
2110;238;106;220;land;false;plains;1
2111;95;193;254;land;false;plains;1
2112;239;71;199;land;false;plains;1
2113;188;216;148;land;false;plains;1
2114;64;241;219;land;false;plains;1
2115;120;174;212;land;false;plains;1
2116;251;3;248;land;false;plains;1
2117;159;159;237;land;false;plains;1
2118;181;129;216;land;false;plains;1
2119;181;163;214;land;false;plains;1
2120;111;254;170;land;false;plains;1
2121;234;163;171;land;false;plains;1
2122;28;254;244;land;false;plains;1
2123;117;250;149;land;false;plains;1
2124;106;163;236;land;false;plains;1
2125;220;175;175;land;false;plains;1
2126;105;237;185;land;false;plains;1
2127;245;44;221;land;false;plains;1
2128;215;208;141;land;false;plains;1
2129;43;245;226;land;false;plains;1
2130;105;178;226;land;false;plains;1
2131;117;177;235;land;false;plains;1
2132;229;150;203;land;false;plains;1
2133;209;251;183;land;false;plains;1
2134;144;233;243;land;true;plains;1
2135;237;225;179;land;false;plains;1
2136;213;72;247;land;false;plains;1
2137;216;184;166;land;false;plains;1
2138;243;178;124;land;false;plains;1
2139;247;178;176;land;false;plains;1
2140;153;182;183;land;false;plains;1
2141;172;162;220;land;false;plains;1
2142;89;245;245;land;false;plains;1
2143;74;236;209;land;false;plains;1
2144;206;234;236;land;false;plains;1
2145;195;214;249;land;false;plains;1
2146;43;209;254;land;false;plains;1
2147;56;198;251;land;true;plains;1
2148;228;118;169;land;false;plains;1
2149;117;228;214;land;false;plains;1
2150;183;221;166;land;false;plains;1
2151;182;214;224;land;false;plains;1
2152;148;202;239;land;false;plains;1
2153;89;188;251;land;false;plains;1
2154;160;230;216;land;false;plains;1
2155;254;69;217;land;false;plains;1
2156;224;235;62;land;false;plains;1
2157;252;69;243;land;false;plains;1
2158;133;198;196;land;false;plains;1
2159;171;238;106;land;false;plains;1
2160;240;156;145;land;false;plains;1
2161;209;104;198;land;false;plains;1
2162;251;209;53;land;false;plains;1
2163;239;54;213;land;false;plains;1
2164;207;246;230;land;false;plains;1
2165;197;75;250;land;false;plains;1
2166;247;225;232;land;false;plains;1
2167;190;208;192;land;false;plains;1
2168;97;198;253;land;true;plains;1
2169;164;228;253;land;true;plains;1
2170;233;111;211;land;false;plains;1
2171;186;252;211;land;false;plains;1
2172;235;39;253;land;false;plains;1
2173;185;174;198;land;false;plains;1
2174;228;233;227;land;true;plains;1
2175;210;203;196;land;false;plains;1
2176;239;51;254;land;false;plains;1
2177;189;127;203;land;false;plains;1
2178;156;246;237;land;false;plains;1
2179;177;134;247;land;false;plains;1
2180;243;54;239;land;false;plains;1
2181;208;187;113;land;false;plains;1
2182;234;218;215;land;false;plains;1
2183;37;239;252;land;false;plains;1
2184;209;244;67;land;false;plains;1
2185;219;183;136;land;false;plains;1
2186;237;103;169;land;false;plains;1
2187;222;88;248;land;false;plains;1
2188;212;239;112;land;false;plains;1
2189;182;231;219;land;false;plains;1
2190;229;218;146;land;false;plains;1
2191;176;135;231;land;false;plains;1
2192;246;123;136;land;false;plains;1
2193;241;124;223;land;false;plains;1
2194;123;216;241;land;false;plains;1
2195;252;227;121;land;false;plains;1
2196;112;168;224;land;true;plains;1
2197;110;179;230;land;false;plains;1
2198;202;164;210;land;false;plains;1
2199;114;249;249;land;false;plains;1
2200;196;200;137;land;false;plains;1
2201;171;228;105;land;true;plains;1
2202;153;232;218;land;false;plains;1
2203;223;184;117;land;false;plains;1
2204;189;177;202;land;false;plains;1
2205;192;222;230;land;false;plains;1
2206;70;218;227;land;false;plains;1
2207;86;247;222;land;false;plains;1
2208;224;198;213;land;false;plains;1
2209;115;253;167;land;false;plains;1
2210;124;204;189;land;false;plains;1
2211;205;155;184;land;true;plains;1
2212;229;131;183;land;true;plains;1
2213;68;233;236;land;false;plains;1
2214;212;115;194;land;false;plains;1
2215;185;223;170;land;false;plains;1
2216;171;107;233;land;true;plains;1
2217;241;128;180;land;true;plains;1
2218;168;224;143;land;false;plains;1
2219;87;244;236;land;false;plains;1
2220;81;242;234;land;false;plains;1
2221;152;130;253;land;false;plains;1
2222;212;102;199;land;false;plains;1
2223;156;217;235;land;false;plains;1
2224;242;149;123;land;false;plains;1
2225;230;106;205;land;false;plains;1
2226;219;212;146;land;false;plains;1
2227;209;179;211;land;false;plains;1
2228;127;201;197;land;false;plains;1
2229;197;227;216;land;false;plains;1
2230;209;245;149;land;false;plains;1
2231;229;218;117;land;false;plains;1
2232;247;130;134;land;false;plains;1
2233;233;168;218;land;false;plains;1
2234;166;169;191;land;false;plains;1
2235;187;190;243;land;false;plains;1
2236;215;211;102;land;false;plains;1
2237;206;186;195;land;false;plains;1
2238;189;247;66;land;false;plains;1
2239;239;145;135;land;false;plains;1
2240;140;253;251;land;false;plains;1
2241;232;226;80;land;false;plains;1
2242;238;181;159;land;false;plains;1
2243;183;113;226;land;false;plains;1
2244;236;208;147;land;false;plains;1
2245;175;219;199;land;false;plains;1
2246;194;245;70;land;false;plains;1
2247;211;142;204;land;false;plains;1
2248;234;158;249;land;false;plains;1
2249;200;169;140;land;true;plains;1
2250;160;227;208;land;false;plains;1
2251;127;193;182;land;false;plains;1
2252;206;194;215;land;false;plains;1
2253;236;165;133;land;false;plains;1
2254;243;101;253;land;false;plains;1
2255;142;200;253;land;false;plains;1
2256;244;124;179;land;false;plains;1
2257;245;49;243;land;true;plains;1
2258;186;178;245;land;true;plains;1
2259;205;241;187;land;false;plains;1
2260;190;253;230;land;false;plains;1
2261;159;224;170;land;false;plains;1
2262;242;246;248;land;false;plains;1
2263;242;221;40;land;false;plains;1
2264;71;185;250;land;false;plains;1
2265;169;236;108;land;false;plains;1
2266;242;242;238;land;false;plains;1
2267;208;197;121;land;false;plains;1
2268;220;244;145;land;false;plains;1
2269;210;249;248;land;false;plains;1
2270;179;163;202;land;false;plains;1
2271;188;225;177;land;false;plains;1
2272;202;210;168;land;false;plains;1
2273;179;204;153;land;false;plains;1
2274;127;200;253;land;false;plains;1
2275;131;215;244;land;false;plains;1
2276;235;223;190;land;false;plains;1
2277;192;235;248;land;true;plains;1
2278;169;182;205;land;false;plains;1
2279;118;204;198;land;false;plains;1
2280;213;199;168;land;false;plains;1
2281;249;51;209;land;false;plains;1
2282;128;167;244;land;false;plains;1
2283;186;167;156;land;false;plains;1
2284;122;144;238;land;true;plains;1
2285;111;247;218;land;false;plains;1
2286;121;128;252;land;false;plains;1
2287;232;142;133;land;false;plains;1
2288;237;89;212;land;false;plains;1
2289;125;236;174;land;false;plains;1
2290;59;209;249;land;false;plains;1
2291;110;240;250;land;false;plains;1
2292;117;193;242;land;false;plains;1
2293;193;180;219;land;false;plains;1
2294;200;252;227;land;false;plains;1
2295;216;152;241;land;false;plains;1
2296;45;237;231;land;false;plains;1
2297;252;215;231;land;false;plains;1
2298;147;247;187;land;false;plains;1
2299;238;250;115;land;false;plains;1
2300;237;242;194;land;false;plains;1
2301;238;99;240;land;true;plains;1
2302;216;136;222;land;false;plains;1
2303;164;170;185;land;false;plains;1
2304;242;168;118;land;false;plains;1
2305;229;198;157;land;false;plains;1
2306;220;55;236;land;false;plains;1
2307;166;232;170;land;false;plains;1
2308;141;252;234;land;false;plains;1
2309;227;44;252;land;false;plains;1
2310;87;172;243;land;false;plains;1
2311;170;191;171;land;false;plains;1
2312;147;218;185;land;false;plains;1
2313;249;201;220;land;false;plains;1
2314;231;98;207;land;false;plains;1
2315;197;137;189;land;false;plains;1
2316;170;224;244;land;true;plains;1
2317;98;234;211;land;false;plains;1
2318;143;158;234;land;false;plains;1
2319;178;254;80;land;false;plains;1
2320;184;196;190;land;false;plains;1
2321;251;39;235;land;false;plains;1
2322;186;190;148;land;false;plains;1
2323;183;89;246;land;false;plains;1
2324;202;214;156;land;false;plains;1
2325;88;235;237;land;false;plains;1
2326;120;228;167;land;false;plains;1
2327;229;251;131;land;false;plains;1
2328;173;164;187;land;false;plains;1
2329;230;218;114;land;false;plains;1
2330;218;228;58;land;false;plains;1
2331;86;198;251;land;false;plains;1
2332;228;51;241;land;false;plains;1
2333;193;157;208;land;false;plains;1
2334;148;247;164;land;false;plains;1
2335;216;131;173;land;false;plains;1
2336;190;132;180;land;false;plains;1
2337;248;124;177;land;false;plains;1
2338;199;237;216;land;false;plains;1
2339;206;228;179;land;false;plains;1
2340;211;240;91;land;false;plains;1
2341;231;238;35;land;true;plains;1
2342;253;153;154;land;false;plains;1
2343;151;185;198;land;false;plains;1
2344;221;219;106;land;true;plains;1
2345;148;199;249;land;false;plains;1
2346;253;116;136;land;true;plains;1
2347;166;187;244;land;false;plains;1
2348;208;253;145;land;false;plains;1
2349;200;118;194;land;false;plains;1
2350;77;201;228;land;false;plains;1
2351;167;132;227;land;false;plains;1
2352;47;223;247;land;true;plains;1
2353;113;219;209;land;false;plains;1
2354;247;218;84;land;false;plains;1
2355;252;171;166;land;false;plains;1
2356;217;227;105;land;false;plains;1
2357;169;135;222;land;false;plains;1
2358;225;229;93;land;false;plains;1
2359;245;71;195;land;false;plains;1
2360;162;227;203;land;false;plains;1
2361;236;89;177;land;false;plains;1
2362;224;181;153;land;false;plains;1
2363;197;117;196;land;false;plains;1
2364;254;196;148;land;false;plains;1
2365;216;162;180;land;false;plains;1
2366;165;135;211;land;true;plains;1
2367;253;146;193;land;false;plains;1
2368;216;157;195;land;false;plains;1
2369;249;63;215;land;false;plains;1
2370;236;242;45;land;false;plains;1
2371;227;186;235;land;true;plains;1
2372;242;190;77;land;false;plains;1
2373;97;250;203;land;false;plains;1
2374;128;165;215;land;false;plains;1
2375;251;239;196;land;false;plains;1
2376;244;240;126;land;false;plains;1
2377;230;215;111;land;false;plains;1
2378;219;217;110;land;true;plains;1
2379;254;232;150;land;false;plains;1
2380;140;166;230;land;false;plains;1
2381;241;235;70;land;false;plains;1
2382;170;166;238;land;false;plains;1
2383;219;106;234;land;false;plains;1
2384;250;81;196;land;false;plains;1
2385;174;206;214;land;false;plains;1
2386;234;91;186;land;false;plains;1
2387;171;165;254;land;false;plains;1
2388;238;137;151;land;true;plains;1
2389;126;217;174;land;false;plains;1
2390;155;151;253;land;false;plains;1
2391;252;10;243;land;false;plains;1
2392;152;236;122;land;false;plains;1
2393;173;186;173;land;false;plains;1
2394;152;199;254;land;false;plains;1
2395;158;186;161;land;false;plains;1
2396;253;223;70;land;false;plains;1
2397;226;237;161;land;false;plains;1
2398;163;219;205;land;false;plains;1
2399;176;229;225;land;false;plains;1
2400;139;215;251;land;false;plains;1
2401;96;202;249;land;false;plains;1
2402;126;199;220;land;false;plains;1
2403;243;112;243;land;false;plains;1
2404;254;236;172;land;false;plains;1
2405;178;155;252;land;false;plains;1
2406;159;208;249;land;false;plains;1
2407;197;184;234;land;false;plains;1
2408;212;100;245;land;false;plains;1
2409;169;174;200;land;false;plains;1
2410;157;216;137;land;false;plains;1
2411;123;234;179;land;true;plains;1
2412;249;181;248;land;true;plains;1
2413;116;242;175;land;false;plains;1
2414;253;41;222;land;false;plains;1
2415;243;190;189;land;false;plains;1
2416;158;165;209;land;false;plains;1
2417;217;209;112;land;false;plains;1
2418;228;226;142;land;false;plains;1
2419;178;156;238;land;false;plains;1
2420;218;81;223;land;false;plains;1
2421;148;251;207;land;false;plains;1
2422;92;193;219;land;false;plains;1
2423;244;227;140;land;false;plains;1
2424;194;241;183;land;false;plains;1
2425;193;223;147;land;false;plains;1
2426;188;237;227;land;false;plains;1
2427;144;178;230;land;false;plains;1
2428;193;244;133;land;false;plains;1
2429;180;101;247;land;false;plains;1
2430;222;53;233;land;false;plains;1
2431;250;133;197;land;false;plains;1
2432;250;59;209;land;false;plains;1
2433;224;200;139;land;false;plains;1
2434;184;219;240;land;false;plains;1
2435;234;229;99;land;false;plains;1
2436;201;233;71;land;false;plains;1
2437;235;174;195;land;false;plains;1
2438;241;240;134;land;false;plains;1
2439;206;224;76;land;false;plains;1
2440;253;169;206;land;false;plains;1
2441;202;197;119;land;false;plains;1
2442;189;160;176;land;false;plains;1
2443;217;181;127;land;false;plains;1
2444;154;135;239;land;false;plains;1
2445;147;225;203;land;false;plains;1
2446;174;205;198;land;false;plains;1
2447;108;253;169;land;false;plains;1
2448;129;158;244;land;false;plains;1
2449;218;120;177;land;false;plains;1
2450;250;202;186;land;false;plains;1
2451;238;77;214;land;false;plains;1
2452;74;244;208;land;false;plains;1
2453;234;90;188;land;false;plains;1
2454;184;214;105;land;false;plains;1
2455;184;193;149;land;false;plains;1
2456;137;216;175;land;false;plains;1
2457;151;247;174;land;false;plains;1
2458;227;210;152;land;false;plains;1
2459;176;231;118;land;true;plains;1
2460;188;240;142;land;false;plains;1
2461;91;195;223;land;false;plains;1
2462;233;233;37;land;false;plains;1
2463;215;157;219;land;false;plains;1
2464;245;212;151;land;true;plains;1
2465;155;196;238;land;false;plains;1
2466;84;228;195;land;false;plains;1
2467;223;212;245;land;false;plains;1
2468;178;132;226;land;false;plains;1
2469;144;149;252;land;false;plains;1
2470;136;249;216;land;false;plains;1
2471;238;202;201;land;false;plains;1
2472;198;129;253;land;false;plains;1
2473;189;151;185;land;false;plains;1
2474;207;245;241;land;false;plains;1
2475;205;234;164;land;false;plains;1
2476;236;120;177;land;false;plains;1
2477;205;166;144;land;true;plains;1
2478;207;91;213;land;false;plains;1
2479;251;213;229;land;false;plains;1
2480;214;151;209;land;false;plains;1
2481;101;163;248;land;false;plains;1
2482;236;197;92;land;false;plains;1
2483;240;241;62;land;false;plains;1
2484;184;155;220;land;false;plains;1
2485;194;216;144;land;true;plains;1
2486;229;190;107;land;false;plains;1
2487;162;246;243;land;true;plains;1
2488;208;76;245;land;false;plains;1
2489;132;126;249;land;false;plains;1
2490;175;246;169;land;false;plains;1
2491;253;127;239;land;false;plains;1
2492;111;250;244;land;false;plains;1
2493;42;252;225;land;false;plains;1
2494;216;190;169;land;false;plains;1
2495;169;190;205;land;false;plains;1
2496;234;137;226;land;false;plains;1
2497;89;219;237;land;false;plains;1
2498;201;228;114;land;false;plains;1
2499;223;196;195;land;false;plains;1
2500;246;234;148;land;false;plains;1
2501;199;185;212;land;false;plains;1
2502;230;96;228;land;false;plains;1
2503;133;200;232;land;false;plains;1
2504;236;235;72;land;false;plains;1
2505;141;239;237;land;false;plains;1
2506;175;235;243;land;false;plains;1
2507;157;106;242;land;false;plains;1
2508;243;37;240;land;false;plains;1
2509;229;150;219;land;false;plains;1
2510;198;109;234;land;false;plains;1
2511;138;205;220;land;false;plains;1
2512;83;222;236;land;false;plains;1
2513;157;209;205;land;false;plains;1
2514;182;195;217;land;true;plains;1
2515;244;192;177;land;false;plains;1
2516;83;223;234;land;false;plains;1
2517;148;209;254;land;false;plains;1
2518;225;129;244;land;false;plains;1
2519;245;160;127;land;false;plains;1
2520;249;13;254;land;false;plains;1
2521;72;212;222;land;false;plains;1
2522;159;236;122;land;true;plains;1
2523;180;254;229;land;false;plains;1
2524;235;100;249;land;false;plains;1
2525;175;128;228;land;false;plains;1
2526;183;146;244;land;false;plains;1
2527;228;125;189;land;false;plains;1
2528;194;134;208;land;false;plains;1
2529;186;190;231;land;false;plains;1
2530;175;249;226;land;false;plains;1
2531;91;198;214;land;false;plains;1
2532;212;199;241;land;false;plains;1
2533;233;229;44;land;false;plains;1
2534;201;163;204;land;false;plains;1
2535;241;195;234;land;false;plains;1
2536;211;209;180;land;false;plains;1
2537;158;206;198;land;true;plains;1
2538;241;151;150;land;false;plains;1
2539;171;173;170;land;false;plains;1
2540;248;214;128;land;false;plains;1
2541;148;248;160;land;false;plains;1
2542;210;236;210;land;false;plains;1
2543;81;223;220;land;false;plains;1
2544;195;184;244;land;true;plains;1
2545;207;165;246;land;false;plains;1
2546;205;142;215;land;false;plains;1
2547;211;200;177;land;false;plains;1
2548;247;232;45;land;false;plains;1
2549;203;139;183;land;false;plains;1
2550;233;251;247;land;false;plains;1
2551;232;74;245;land;false;plains;1
2552;74;225;247;land;false;plains;1
2553;178;110;232;land;false;plains;1
2554;122;248;139;land;false;plains;1
2555;150;143;220;land;false;plains;1
2556;167;136;252;land;false;plains;1
2557;72;222;233;land;false;plains;1
2558;224;249;170;land;false;plains;1
2559;239;238;166;land;false;plains;1
2560;153;233;146;land;true;plains;1
2561;147;182;254;land;false;plains;1
2562;159;245;244;land;false;plains;1
2563;91;250;249;land;false;plains;1
2564;219;202;231;land;false;plains;1
2565;254;227;198;land;false;plains;1
2566;231;113;242;land;false;plains;1
2567;228;246;34;land;false;plains;1
2568;165;249;158;land;false;plains;1
2569;134;225;145;land;false;plains;1
2570;205;120;186;land;true;plains;1
2571;155;218;222;land;false;plains;1
2572;193;225;254;land;false;plains;1
2573;249;69;186;land;false;plains;1
2574;240;212;195;land;false;plains;1
2575;123;206;241;land;false;plains;1
2576;134;248;139;land;false;plains;1
2577;180;239;222;land;false;plains;1
2578;43;238;226;land;false;plains;1
2579;88;191;238;land;false;plains;1
2580;196;58;252;land;false;plains;1
2581;226;190;136;land;false;plains;1
2582;81;223;197;land;true;plains;1
2583;89;236;249;land;false;plains;1
2584;165;176;169;land;false;plains;1
2585;241;252;70;land;false;plains;1
2586;61;234;216;land;false;plains;1
2587;208;246;182;land;false;plains;1
2588;211;202;137;land;false;plains;1
2589;253;217;109;land;false;plains;1
2590;210;208;171;land;false;plains;1
2591;102;254;205;land;false;plains;1
2592;170;254;194;land;false;plains;1
2593;228;188;131;land;false;plains;1
2594;243;177;117;land;false;plains;1
2595;190;120;218;land;false;plains;1
2596;218;214;193;land;false;plains;1
2597;133;206;181;land;false;plains;1
2598;221;248;45;land;false;plains;1
2599;78;213;237;land;false;plains;1
2600;238;242;53;land;false;plains;1
2601;185;178;231;land;false;plains;1
2602;251;93;249;land;false;plains;1
2603;198;238;68;land;false;plains;1
2604;244;160;245;land;false;plains;1
2605;112;192;237;land;false;plains;1
2606;136;245;152;land;false;plains;1
2607;206;134;163;land;false;plains;1
2608;103;218;198;land;false;plains;1
2609;212;185;207;land;false;plains;1
2610;135;222;233;land;false;plains;1
2611;223;160;192;land;false;plains;1
2612;94;201;220;land;true;plains;1
2613;222;66;253;land;false;plains;1
2614;93;247;201;land;false;plains;1
2615;142;240;235;land;true;plains;1
2616;135;230;161;land;false;plains;1
2617;230;186;251;land;false;plains;1
2618;89;182;234;land;false;plains;1
2619;190;236;123;land;false;plains;1
2620;252;90;233;land;false;plains;1
2621;212;242;217;land;false;plains;1
2622;202;166;209;land;false;plains;1
2623;222;118;193;land;true;plains;1
2624;233;120;185;land;true;plains;1
2625;187;229;181;land;false;plains;1
2626;196;131;254;land;false;plains;1
2627;213;154;248;land;false;plains;1
2628;216;184;251;land;false;plains;1
2629;99;173;237;land;false;plains;1
2630;165;164;194;land;false;plains;1
2631;113;216;180;land;false;plains;1
2632;247;179;216;land;false;plains;1
2633;246;250;253;land;false;plains;1
2634;224;76;203;land;false;plains;1
2635;186;227;145;land;false;plains;1
2636;180;131;208;land;false;plains;1
2637;162;185;174;land;false;plains;1
2638;66;217;225;land;false;plains;1
2639;22;251;252;land;true;plains;1
2640;210;145;170;land;false;plains;1
2641;226;200;248;land;false;plains;1
2642;184;92;240;land;false;plains;1
2643;238;240;240;land;false;plains;1
2644;195;164;235;land;false;plains;1
2645;205;191;183;land;true;plains;1
2646;169;248;220;land;false;plains;1
2647;239;43;248;land;false;plains;1
2648;70;220;250;land;false;plains;1
2649;238;150;211;land;false;plains;1
2650;212;101;236;land;false;plains;1
2651;200;142;249;land;false;plains;1
2652;191;188;208;land;false;plains;1
2653;221;242;104;land;true;plains;1
2654;217;97;200;land;false;plains;1
2655;212;71;239;land;false;plains;1
2656;228;224;115;land;false;plains;1
2657;209;196;253;land;false;plains;1
2658;226;215;116;land;false;plains;1
2659;131;209;195;land;false;plains;1
2660;233;190;133;land;false;plains;1
2661;252;229;206;land;false;plains;1
2662;204;196;241;land;true;plains;1
2663;150;146;233;land;false;plains;1
2664;208;190;141;land;false;plains;1
2665;181;104;253;land;false;plains;1
2666;226;153;128;land;false;plains;1
2667;253;183;114;land;false;plains;1
2668;245;167;111;land;false;plains;1
2669;212;211;198;land;true;plains;1
2670;231;170;224;land;true;plains;1
2671;227;228;225;land;false;plains;1
2672;238;111;165;land;false;plains;1
2673;196;72;253;land;false;plains;1
2674;171;224;199;land;false;plains;1
2675;199;156;235;land;false;plains;1
2676;235;135;211;land;false;plains;1
2677;159;254;103;land;false;plains;1
2678;211;87;211;land;false;plains;1
2679;234;229;118;land;false;plains;1
2680;237;130;177;land;false;plains;1
2681;167;245;123;land;false;plains;1
2682;200;238;141;land;false;plains;1
2683;224;176;244;land;false;plains;1
2684;228;56;218;land;false;plains;1
2685;168;182;180;land;false;plains;1
2686;232;146;149;land;false;plains;1
2687;239;222;217;land;false;plains;1
2688;127;190;223;land;false;plains;1
2689;165;150;251;land;false;plains;1
2690;212;202;245;land;false;plains;1
2691;223;186;112;land;false;plains;1
2692;229;105;167;land;false;plains;1
2693;163;179;211;land;false;plains;1
2694;248;104;179;land;false;plains;1
2695;246;179;94;land;false;plains;1
2696;242;242;190;land;true;plains;1
2697;133;201;228;land;false;plains;1
2698;156;210;221;land;false;plains;1
2699;201;234;200;land;false;plains;1
2700;188;229;211;land;false;plains;1
2701;249;144;224;land;true;plains;1
2702;83;251;232;land;false;plains;1
2703;208;244;233;land;false;plains;1
2704;189;213;247;land;false;plains;1
2705;193;169;197;land;false;plains;1
2706;148;193;193;land;false;plains;1
2707;254;179;206;land;false;plains;1
2708;254;220;138;land;false;plains;1
2709;220;232;179;land;false;plains;1
2710;215;238;134;land;false;plains;1
2711;153;208;142;land;false;plains;1
2712;161;236;166;land;false;plains;1
2713;206;249;116;land;false;plains;1
2714;209;68;237;land;false;plains;1
2715;58;201;246;land;false;plains;1
2716;207;216;251;land;true;plains;1
2717;140;233;140;land;false;plains;1
2718;212;166;143;land;false;plains;1
2719;116;243;247;land;false;plains;1
2720;203;201;182;land;false;plains;1
2721;238;155;153;land;true;plains;1
2722;243;143;120;land;false;plains;1
2723;224;168;128;land;false;plains;1
2724;238;100;249;land;false;plains;1
2725;126;153;233;land;false;plains;1
2726;251;236;126;land;false;plains;1
2727;115;189;203;land;false;plains;1
2728;208;225;182;land;true;plains;1
2729;152;150;238;land;false;plains;1
2730;211;131;225;land;false;plains;1
2731;197;126;199;land;false;plains;1
2732;217;228;193;land;false;plains;1
2733;247;105;165;land;false;plains;1
2734;147;246;125;land;false;plains;1
2735;206;200;101;land;false;plains;1
2736;66;196;250;land;false;plains;1
2737;160;237;121;land;false;plains;1
2738;209;204;253;land;false;plains;1
2739;253;218;46;land;false;plains;1
2740;172;206;250;land;false;plains;1
2741;117;162;224;land;false;plains;1
2742;164;196;147;land;false;plains;1
2743;245;61;204;land;false;plains;1
2744;244;211;64;land;false;plains;1
2745;184;254;188;land;false;plains;1
2746;219;229;232;land;true;plains;1
2747;224;189;97;land;false;plains;1
2748;233;67;215;land;false;plains;1
2749;126;187;205;land;false;plains;1
2750;196;128;196;land;false;plains;1
2751;189;140;184;land;false;plains;1
2752;226;183;157;land;false;plains;1
2753;243;137;176;land;true;plains;1
2754;196;179;190;land;false;plains;1
2755;195;179;169;land;false;plains;1
2756;152;169;244;land;false;plains;1
2757;214;72;245;land;false;plains;1
2758;150;198;219;land;false;plains;1
2759;123;254;240;land;false;plains;1
2760;214;209;244;land;false;plains;1
2761;251;251;188;land;false;plains;1
2762;81;250;254;land;false;plains;1
2763;116;159;229;land;false;plains;1
2764;174;129;253;land;false;plains;1
2765;248;211;208;land;false;plains;1
2766;206;213;145;land;false;plains;1
2767;242;233;183;land;false;plains;1
2768;186;156;241;land;false;plains;1
2769;220;193;253;land;false;plains;1
2770;149;179;251;land;true;plains;1
2771;131;181;223;land;false;plains;1
2772;50;232;246;land;false;plains;1
2773;225;107;228;land;false;plains;1
2774;178;248;253;land;false;plains;1
2775;114;249;214;land;false;plains;1
2776;179;222;166;land;false;plains;1
2777;163;211;219;land;false;plains;1
2778;167;182;162;land;true;plains;1
2779;172;125;233;land;false;plains;1
2780;230;204;146;land;false;plains;1
2781;161;215;140;land;false;plains;1
2782;234;212;177;land;false;plains;1
2783;218;181;248;land;true;plains;1
2784;144;234;140;land;false;plains;1
2785;99;184;239;land;false;plains;1
2786;218;190;223;land;false;plains;1
2787;231;240;82;land;false;plains;1
2788;230;154;182;land;false;plains;1
2789;251;99;175;land;false;plains;1
2790;186;138;222;land;false;plains;1
2791;181;183;177;land;false;plains;1
2792;163;237;158;land;false;plains;1
2793;200;143;245;land;false;plains;1
2794;204;172;238;land;false;plains;1
2795;183;247;196;land;false;plains;1
2796;176;182;245;land;false;plains;1
2797;82;227;248;land;false;plains;1
2798;169;139;243;land;false;plains;1
2799;209;243;63;land;false;plains;1
2800;129;236;190;land;false;plains;1
2801;240;235;244;land;false;plains;1
2802;199;148;210;land;false;plains;1
2803;210;116;209;land;false;plains;1
2804;253;150;126;land;false;plains;1
2805;222;165;130;land;false;plains;1
2806;182;148;171;land;false;plains;1
2807;242;25;238;land;false;plains;1
2808;175;163;190;land;false;plains;1
2809;254;108;212;land;false;plains;1
2810;236;215;227;land;false;plains;1
2811;187;132;242;land;false;plains;1
2812;192;193;140;land;false;plains;1
2813;196;219;162;land;false;plains;1
2814;174;214;188;land;false;plains;1
2815;221;169;156;land;false;plains;1
2816;252;149;148;land;false;plains;1
2817;223;252;199;land;false;plains;1
2818;110;225;254;land;false;plains;1
2819;149;211;225;land;false;plains;1
2820;214;236;252;land;false;plains;1
2821;186;178;199;land;true;plains;1
2822;135;220;214;land;false;plains;1
2823;175;130;227;land;false;plains;1
2824;168;129;209;land;false;plains;1
2825;243;196;119;land;false;plains;1
2826;214;243;178;land;false;plains;1
2827;155;236;186;land;false;plains;1
2828;135;170;212;land;false;plains;1
2829;73;232;232;land;false;plains;1
2830;162;195;147;land;false;plains;1
2831;225;134;143;land;false;plains;1
2832;192;180;213;land;false;plains;1
2833;144;224;251;land;false;plains;1
2834;156;159;254;land;false;plains;1
2835;244;190;127;land;false;plains;1
2836;125;188;251;land;false;plains;1
2837;242;238;55;land;false;plains;1
2838;250;72;215;land;false;plains;1
2839;179;238;207;land;false;plains;1
2840;180;244;198;land;false;plains;1
2841;247;182;85;land;false;plains;1
2842;235;203;180;land;false;plains;1
2843;105;165;235;land;false;plains;1
2844;249;46;240;land;false;plains;1
2845;64;203;248;land;false;plains;1
2846;186;159;245;land;false;plains;1
2847;142;185;254;land;false;plains;1
2848;96;215;203;land;false;plains;1
2849;234;153;132;land;false;plains;1
2850;184;188;171;land;false;plains;1
2851;225;219;246;land;false;plains;1
2852;226;222;180;land;true;plains;1
2853;238;160;159;land;false;plains;1
2854;212;208;232;land;false;plains;1
2855;145;252;176;land;false;plains;1
2856;246;253;28;land;false;plains;1
2857;203;177;191;land;false;plains;1
2858;183;130;196;land;false;plains;1
2859;129;244;220;land;false;plains;1
2860;101;251;241;land;false;plains;1
2861;211;215;169;land;false;plains;1
2862;123;197;191;land;false;plains;1
2863;168;213;218;land;false;plains;1
2864;139;249;153;land;false;plains;1
2865;192;103;220;land;false;plains;1
2866;223;244;149;land;false;plains;1
2867;206;229;247;land;false;plains;1
2868;197;172;160;land;false;plains;1
2869;223;36;247;land;false;plains;1
2870;100;210;203;land;false;plains;1
2871;113;236;219;land;false;plains;1
2872;200;169;225;land;false;plains;1
2873;181;231;250;land;false;plains;1
2874;161;220;157;land;false;plains;1
2875;249;149;192;land;false;plains;1
2876;166;240;145;land;false;plains;1
2877;220;244;204;land;false;plains;1
2878;196;91;234;land;true;plains;1
2879;221;178;253;land;false;plains;1
2880;159;202;206;land;false;plains;1
2881;229;195;130;land;false;plains;1
2882;231;144;198;land;false;plains;1
2883;168;201;157;land;false;plains;1
2884;183;221;241;land;false;plains;1
2885;170;123;209;land;false;plains;1
2886;193;203;126;land;false;plains;1
2887;243;170;174;land;false;plains;1
2888;138;141;236;land;false;plains;1
2889;194;194;159;land;true;plains;1
2890;241;92;206;land;false;plains;1
2891;235;176;104;land;false;plains;1
2892;111;178;249;land;false;plains;1
2893;168;205;240;land;false;plains;1
2894;191;135;205;land;false;plains;1
2895;207;169;245;land;false;plains;1
2896;100;213;230;land;false;plains;1
2897;233;248;204;land;false;plains;1
2898;151;181;172;land;false;plains;1
2899;231;209;173;land;false;plains;1
2900;216;208;219;land;true;plains;1
2901;235;118;171;land;false;plains;1
2902;224;60;218;land;false;plains;1
2903;168;191;169;land;false;plains;1
2904;198;246;214;land;true;plains;1
2905;151;207;203;land;false;plains;1
2906;196;162;184;land;false;plains;1
2907;222;248;45;land;false;plains;1
2908;232;159;254;land;false;plains;1
2909;138;180;214;land;false;plains;1
2910;234;126;233;land;false;plains;1
2911;168;254;142;land;false;plains;1
2912;252;15;244;land;false;plains;1
2913;186;177;182;land;false;plains;1
2914;99;192;236;land;false;plains;1
2915;213;168;208;land;false;plains;1
2916;231;113;230;land;false;plains;1
2917;230;218;96;land;false;plains;1
2918;222;174;235;land;false;plains;1
2919;220;224;162;land;false;plains;1
2920;105;225;237;land;false;plains;1
2921;89;252;217;land;false;plains;1
2922;184;218;208;land;false;plains;1
2923;178;186;199;land;false;plains;1
2924;124;210;191;land;false;plains;1
2925;251;97;253;land;false;plains;1
2926;223;222;75;land;false;plains;1
2927;174;180;231;land;false;plains;1
2928;188;245;227;land;false;plains;1
2929;81;230;204;land;false;plains;1
2930;235;242;121;land;false;plains;1
2931;237;216;99;land;false;plains;1
2932;175;249;243;land;false;plains;1
2933;245;123;135;land;false;plains;1
2934;174;197;197;land;false;plains;1
2935;232;240;146;land;false;plains;1
2936;220;164;243;land;false;plains;1
2937;212;174;176;land;false;plains;1
2938;124;253;163;land;false;plains;1
2939;192;132;224;land;false;plains;1
2940;240;164;181;land;false;plains;1
2941;194;238;237;land;false;plains;1
2942;191;143;175;land;false;plains;1
2943;248;241;137;land;false;plains;1
2944;253;253;221;land;false;plains;1
2945;241;113;184;land;false;plains;1
2946;211;173;222;land;false;plains;1
2947;216;159;236;land;false;plains;1
2948;156;241;202;land;false;plains;1
2949;203;181;126;land;false;plains;1
2950;176;172;251;land;false;plains;1
2951;252;135;187;land;false;plains;1
2952;236;60;213;land;false;plains;1
2953;220;155;146;land;false;plains;1
2954;248;179;161;land;false;plains;1
2955;249;227;74;land;false;plains;1
2956;101;176;246;land;false;plains;1
2957;236;129;240;land;true;plains;1
2958;231;179;107;land;false;plains;1
2959;145;253;240;land;false;plains;1
2960;217;197;246;land;false;plains;1
2961;119;222;187;land;false;plains;1
2962;245;113;218;land;false;plains;1
2963;151;205;233;land;false;plains;1
2964;247;163;172;land;false;plains;1
2965;253;128;211;land;false;plains;1
2966;244;175;137;land;false;plains;1
2967;237;244;50;land;false;plains;1
2968;241;141;197;land;false;plains;1
2969;229;167;151;land;false;plains;1
2970;186;196;214;land;false;plains;1
2971;209;223;156;land;false;plains;1
2972;184;228;89;land;false;plains;1
2973;172;203;161;land;false;plains;1
2974;220;106;215;land;false;plains;1
2975;242;142;177;land;false;plains;1
2976;247;76;185;land;true;plains;1
2977;199;149;181;land;false;plains;1
2978;246;221;169;land;false;plains;1
2979;224;185;207;land;false;plains;1
2980;213;223;230;land;false;plains;1
2981;93;215;215;land;false;plains;1
2982;248;240;171;land;false;plains;1
2983;153;194;178;land;false;plains;1
2984;210;246;196;land;false;plains;1
2985;201;187;241;land;false;plains;1
2986;143;111;249;land;false;plains;1
2987;149;239;124;land;false;plains;1
2988;231;186;185;land;false;plains;1
2989;168;143;249;land;false;plains;1
2990;165;155;214;land;false;plains;1
2991;117;145;248;land;false;plains;1
2992;192;209;142;land;false;plains;1
2993;228;123;246;land;false;plains;1
2994;200;134;194;land;false;plains;1
2995;235;252;145;land;false;plains;1
2996;95;180;226;land;false;plains;1
2997;179;229;254;land;false;plains;1
2998;235;166;220;land;false;plains;1
2999;160;166;201;land;false;plains;1
3000;155;152;209;land;false;plains;1
3001;234;163;199;land;false;plains;1
3002;151;182;246;land;false;plains;1
3003;239;46;224;land;false;plains;1
3004;183;108;218;land;false;plains;1
3005;169;160;222;land;false;plains;1
3006;225;206;100;land;false;plains;1
3007;234;157;182;land;false;plains;1
3008;151;203;238;land;false;plains;1
3009;253;164;210;land;false;plains;1
3010;249;108;191;land;false;plains;1
3011;100;219;206;land;false;plains;1
3012;214;59;243;land;false;plains;1
3013;213;168;231;land;false;plains;1
3014;236;105;240;land;false;plains;1
3015;94;223;236;land;false;plains;1
3016;157;250;196;land;false;plains;1
3017;151;165;220;land;false;plains;1
3018;210;222;210;land;false;plains;1
3019;188;241;179;land;false;plains;1
3020;126;218;244;land;false;plains;1
3021;179;237;144;land;false;plains;1
3022;156;198;150;land;false;plains;1
3023;163;167;188;land;false;plains;1
3024;209;229;217;land;false;plains;1
3025;222;133;177;land;false;plains;1
3026;186;100;215;land;false;plains;1
3027;244;31;245;land;false;plains;1
3028;174;175;222;land;false;plains;1
3029;145;227;131;land;false;plains;1
3030;195;223;202;land;false;plains;1
3031;217;144;249;land;false;plains;1
3032;254;182;110;land;false;plains;1
3033;76;241;214;land;false;plains;1
3034;134;216;222;land;false;plains;1
3035;212;182;214;land;false;plains;1
3036;200;222;104;land;false;plains;1
3037;210;242;75;land;false;plains;1
3038;196;154;158;land;false;plains;1
3039;141;177;209;land;false;plains;1
3040;229;138;232;land;false;plains;1
3041;140;166;219;land;false;plains;1
3042;204;229;140;land;false;plains;1
3043;6;250;251;land;true;plains;1
3044;176;173;224;land;false;plains;1
3045;182;162;232;land;false;plains;1
3046;220;218;173;land;false;plains;1
3047;222;249;33;land;false;plains;1
3048;92;219;241;land;false;plains;1
3049;178;254;254;land;false;plains;1
3050;177;166;227;land;false;plains;1
3051;204;212;209;land;false;plains;1
3052;249;220;250;land;false;plains;1
3053;162;192;161;land;false;plains;1
3054;136;206;198;land;false;plains;1
3055;210;171;142;land;true;plains;1
3056;183;115;237;land;false;plains;1
3057;212;238;134;land;true;plains;1
3058;253;140;152;land;false;plains;1
3059;253;174;247;land;false;plains;1
3060;248;91;237;land;false;plains;1
3061;113;172;242;land;false;plains;1
3062;237;223;215;land;false;plains;1
3063;161;248;134;land;false;plains;1
3064;160;233;228;land;false;plains;1
3065;191;228;215;land;false;plains;1
3066;246;247;35;land;false;plains;1
3067;132;161;215;land;false;plains;1
3068;222;240;212;land;false;plains;1
3069;123;149;249;land;false;plains;1
3070;253;68;182;land;false;plains;1
3071;85;200;216;land;false;plains;1
3072;179;142;212;land;true;plains;1
3073;253;88;194;land;false;plains;1
3074;243;247;131;land;false;plains;1
3075;99;212;241;land;true;plains;1
3076;100;175;229;land;false;plains;1
3077;82;237;184;land;false;plains;1
3078;253;125;173;land;false;plains;1
3079;201;218;137;land;false;plains;1
3080;170;175;192;land;false;plains;1
3081;241;119;254;land;false;plains;1
3082;243;244;124;land;false;plains;1
3083;206;175;161;land;false;plains;1
3084;235;252;59;land;false;plains;1
3085;198;191;189;land;false;plains;1
3086;239;88;244;land;false;plains;1
3087;198;173;171;land;false;plains;1
3088;153;226;235;land;false;plains;1
3089;188;167;206;land;true;plains;1
3090;174;116;227;land;false;plains;1
3091;187;222;168;land;false;plains;1
3092;239;217;119;land;false;plains;1
3093;146;243;165;land;false;plains;1
3094;49;226;254;land;false;plains;1
3095;247;128;249;land;false;plains;1
3096;177;212;208;land;false;plains;1
3097;157;191;217;land;false;plains;1
3098;252;238;112;land;false;plains;1
3099;174;233;224;land;false;plains;1
3100;148;186;253;land;true;plains;1
3101;253;181;92;land;false;plains;1
3102;174;153;239;land;false;plains;1
3103;118;150;252;land;false;plains;1
3104;202;239;166;land;false;plains;1
3105;121;144;252;land;true;plains;1
3106;249;151;105;land;false;plains;1
3107;136;248;171;land;false;plains;1
3108;166;183;241;land;false;plains;1
3109;243;71;248;land;false;plains;1
3110;101;220;192;land;false;plains;1
3111;247;186;162;land;false;plains;1
3112;134;228;145;land;false;plains;1
3113;192;183;128;land;true;plains;1
3114;242;176;183;land;false;plains;1
3115;231;200;188;land;false;plains;1
3116;110;229;235;land;false;plains;1
3117;216;222;148;land;false;plains;1
3118;199;247;162;land;false;plains;1
3119;178;160;237;land;false;plains;1
3120;192;225;214;land;false;plains;1
3121;252;233;25;land;false;plains;1
3122;178;228;237;land;false;plains;1
3123;226;203;223;land;false;plains;1
3124;172;196;248;land;false;plains;1
3125;242;215;61;land;false;plains;1
3126;127;198;177;land;false;plains;1
3127;230;218;73;land;false;plains;1
3128;231;160;196;land;false;plains;1
3129;236;124;196;land;false;plains;1
3130;250;76;232;land;false;plains;1
3131;182;218;223;land;false;plains;1
3132;150;152;201;land;false;plains;1
3133;239;189;126;land;false;plains;1
3134;219;154;199;land;false;plains;1
3135;221;210;205;land;false;plains;1
3136;233;250;234;land;false;plains;1
3137;178;130;202;land;false;plains;1
3138;180;254;209;land;false;plains;1
3139;170;178;219;land;true;plains;1
3140;166;129;223;land;false;plains;1
3141;198;246;254;land;false;plains;1
3142;214;228;218;land;false;plains;1
3143;148;192;194;land;false;plains;1
3144;241;220;154;land;false;plains;1
3145;156;206;159;land;false;plains;1
3146;129;215;187;land;false;plains;1
3147;236;182;245;land;false;plains;1
3148;216;153;220;land;false;plains;1
3149;194;216;137;land;false;plains;1
3150;205;244;223;land;false;plains;1
3151;249;214;129;land;false;plains;1
3152;229;188;215;land;true;plains;1
3153;249;5;250;land;false;plains;1
3154;194;128;191;land;true;plains;1
3155;208;107;223;land;false;plains;1
3156;213;48;253;land;false;plains;1
3157;134;249;147;land;false;plains;1
3158;47;254;209;land;false;plains;1
3159;86;223;192;land;false;plains;1
3160;220;163;194;land;false;plains;1
3161;236;163;200;land;true;plains;1
3162;131;235;160;land;false;plains;1
3163;210;249;173;land;false;plains;1
3164;240;199;126;land;false;plains;1
3165;240;188;118;land;false;plains;1
3166;221;218;167;land;false;plains;1
3167;235;202;88;land;false;plains;1
3168;214;209;163;land;false;plains;1
3169;192;239;207;land;false;plains;1
3170;252;239;190;land;false;plains;1
3171;128;206;236;land;false;plains;1
3172;238;227;144;land;false;plains;1
3173;196;188;133;land;false;plains;1
3174;240;205;87;land;false;plains;1
3175;227;220;165;land;false;plains;1
3176;232;161;198;land;false;plains;1
3177;51;248;222;land;false;plains;1
3178;243;250;8;land;false;plains;1
3179;100;223;195;land;false;plains;1
3180;164;185;253;land;false;plains;1
3181;131;221;168;land;false;plains;1
3182;246;155;144;land;false;plains;1
3183;178;209;232;land;false;plains;1
3184;237;209;175;land;false;plains;1
3185;90;182;248;land;false;plains;1
3186;80;202;221;land;false;plains;1
3187;222;248;85;land;false;plains;1
3188;69;229;206;land;false;plains;1
3189;176;242;213;land;false;plains;1
3190;193;223;176;land;false;plains;1
3191;162;215;159;land;false;plains;1
3192;170;174;227;land;false;plains;1
3193;179;85;245;land;false;plains;1
3194;252;98;253;land;false;plains;1
3195;246;207;126;land;false;plains;1
3196;187;104;248;land;false;plains;1
3197;136;218;229;land;false;plains;1
3198;164;153;219;land;false;plains;1
3199;202;128;194;land;false;plains;1
3200;111;183;220;land;false;plains;1
3201;173;238;95;land;false;plains;1
3202;197;238;97;land;false;plains;1
3203;74;247;219;land;false;plains;1
3204;163;177;163;land;false;plains;1
3205;112;143;246;land;false;plains;1
3206;217;182;104;land;false;plains;1
3207;235;161;250;land;false;plains;1
3208;96;228;237;land;false;plains;1
3209;225;253;248;land;false;plains;1
3210;254;210;126;land;false;plains;1
3211;245;211;214;land;false;plains;1
3212;246;247;120;land;false;plains;1
3213;67;234;210;land;false;plains;1
3214;226;219;213;land;false;plains;1
3215;213;66;254;land;false;plains;1
3216;238;244;253;land;false;plains;1
3217;157;212;164;land;false;plains;1
3218;156;173;190;land;false;plains;1
3219;247;167;173;land;false;plains;1
3220;214;244;187;land;false;plains;1
3221;5;252;251;land;false;plains;1
3222;249;249;220;land;false;plains;1
3223;211;221;231;land;true;plains;1
3224;58;240;229;land;false;plains;1
3225;208;237;183;land;false;plains;1
3226;153;225;133;land;false;plains;1
3227;183;77;243;land;true;plains;1
3228;214;120;202;land;false;plains;1
3229;96;216;215;land;false;plains;1
3230;231;128;236;land;false;plains;1
3231;226;221;102;land;false;plains;1
3232;223;101;224;land;false;plains;1
3233;245;160;149;land;false;plains;1
3234;194;195;187;land;false;plains;1
3235;137;147;224;land;false;plains;1
3236;171;244;93;land;false;plains;1
3237;217;137;223;land;false;plains;1
3238;158;159;223;land;false;plains;1
3239;230;194;96;land;false;plains;1
3240;209;253;201;land;false;plains;1
3241;139;128;242;land;false;plains;1
3242;173;224;202;land;false;plains;1
3243;153;167;209;land;false;plains;1
3244;250;144;207;land;false;plains;1
3245;96;223;232;land;false;plains;1
3246;219;254;102;land;false;plains;1
3247;204;65;249;land;false;plains;1
3248;252;232;238;land;false;plains;1
3249;232;131;201;land;false;plains;1
3250;80;230;221;land;false;plains;1
3251;253;13;244;land;false;plains;1
3252;227;52;237;land;true;plains;1
3253;89;241;226;land;false;plains;1
3254;242;228;69;land;false;plains;1
3255;216;234;53;land;false;plains;1
3256;224;247;239;land;false;plains;1
3257;152;241;212;land;false;plains;1
3258;185;242;183;land;false;plains;1
3259;210;117;212;land;false;plains;1
3260;200;220;178;land;false;plains;1
3261;211;167;125;land;false;plains;1
3262;157;164;234;land;false;plains;1
3263;171;130;217;land;false;plains;1
3264;241;93;215;land;false;plains;1
3265;155;213;152;land;false;plains;1
3266;219;250;32;land;false;plains;1
3267;177;139;206;land;false;plains;1
3268;246;99;197;land;false;plains;1
3269;231;157;130;land;false;plains;1
3270;110;204;248;land;false;plains;1
3271;168;156;190;land;false;plains;1
3272;149;120;253;land;false;plains;1
3273;93;200;242;land;false;plains;1
3274;171;151;202;land;false;plains;1
3275;161;106;248;land;false;plains;1
3276;214;178;239;land;false;plains;1
3277;197;225;231;land;true;plains;1
3278;241;246;70;land;false;plains;1
3279;191;174;147;land;false;plains;1
3280;223;124;233;land;false;plains;1
3281;239;233;228;land;false;plains;1
3282;143;251;195;land;false;plains;1
3283;196;147;184;land;false;plains;1
3284;249;224;189;land;false;plains;1
3285;181;179;228;land;false;plains;1
3286;42;238;247;land;false;plains;1
3287;231;195;243;land;false;plains;1
3288;101;252;227;land;false;plains;1
3289;225;190;248;land;false;plains;1
3290;158;222;184;land;false;plains;1
3291;214;182;242;land;false;plains;1
3292;243;200;112;land;false;plains;1
3293;152;249;236;land;false;plains;1
3294;223;216;102;land;false;plains;1
3295;156;238;120;land;false;plains;1
3296;87;239;190;land;false;plains;1
3297;162;162;249;land;false;plains;1
3298;115;192;197;land;false;plains;1
3299;216;253;176;land;false;plains;1
3300;217;116;208;land;false;plains;1
3301;209;219;163;land;false;plains;1
3302;108;186;217;land;true;plains;1
3303;147;229;179;land;false;plains;1
3304;245;177;166;land;true;plains;1
3305;149;215;152;land;false;plains;1
3306;207;200;141;land;false;plains;1
3307;238;153;175;land;false;plains;1
3308;82;241;207;land;false;plains;1
3309;241;168;176;land;false;plains;1
3310;229;239;85;land;false;plains;1
3311;166;182;203;land;false;plains;1
3312;211;171;215;land;false;plains;1
3313;191;181;239;land;false;plains;1
3314;126;238;220;land;false;plains;1
3315;209;101;192;land;false;plains;1
3316;193;201;204;land;false;plains;1
3317;158;125;248;land;false;plains;1
3318;211;126;209;land;false;plains;1
3319;247;181;218;land;false;plains;1
3320;208;158;190;land;false;plains;1
3321;243;244;243;land;false;plains;1
3322;250;230;81;land;false;plains;1
3323;224;189;240;land;false;plains;1
3324;108;224;226;land;false;plains;1
3325;144;249;222;land;false;plains;1
3326;163;193;181;land;false;plains;1
3327;206;210;182;land;false;plains;1
3328;113;218;248;land;false;plains;1
3329;224;149;171;land;false;plains;1
3330;254;134;200;land;false;plains;1
3331;238;121;250;land;false;plains;1
3332;205;242;102;land;false;plains;1
3333;142;115;253;land;false;plains;1
3334;231;169;155;land;false;plains;1
3335;151;185;189;land;false;plains;1
3336;171;200;247;land;false;plains;1
3337;181;161;188;land;false;plains;1
3338;37;229;250;land;false;plains;1
3339;230;140;198;land;false;plains;1
3340;118;210;239;land;false;plains;1
3341;131;242;245;land;false;plains;1
3342;188;235;162;land;false;plains;1
3343;146;230;172;land;false;plains;1
3344;179;240;150;land;false;plains;1
3345;247;202;222;land;false;plains;1
3346;204;205;238;land;false;plains;1
3347;229;176;215;land;false;plains;1
3348;213;212;94;land;false;plains;1
3349;244;166;209;land;false;plains;1
3350;172;195;211;land;false;plains;1
3351;205;203;126;land;false;plains;1
3352;220;232;185;land;false;plains;1
3353;164;247;150;land;false;plains;1
3354;142;196;214;land;false;plains;1
3355;245;193;146;land;false;plains;1
3356;167;160;181;land;false;plains;1
3357;112;206;202;land;true;plains;1
3358;151;216;165;land;false;plains;1
3359;165;228;150;land;false;plains;1
3360;217;155;210;land;false;plains;1
3361;101;195;206;land;false;plains;1
3362;199;220;199;land;false;plains;1
3363;218;252;61;land;false;plains;1
3364;186;221;120;land;true;plains;1
3365;209;169;162;land;false;plains;1
3366;187;130;225;land;false;plains;1
3367;209;146;173;land;false;plains;1
3368;221;137;172;land;false;plains;1
3369;223;123;238;land;true;plains;1
3370;165;117;239;land;false;plains;1
3371;120;219;175;land;false;plains;1
3372;222;54;246;land;false;plains;1
3373;223;217;100;land;false;plains;1
3374;227;170;157;land;false;plains;1
3375;242;73;217;land;false;plains;1
3376;186;249;72;land;false;plains;1
3377;185;249;187;land;false;plains;1
3378;238;215;83;land;false;plains;1
3379;163;185;191;land;false;plains;1
3380;174;194;199;land;false;plains;1
3381;232;104;236;land;false;plains;1
3382;230;253;190;land;false;plains;1
3383;217;218;198;land;false;plains;1
3384;141;207;204;land;false;plains;1
3385;146;196;190;land;false;plains;1
3386;237;228;77;land;false;plains;1
3387;88;250;223;land;false;plains;1
3388;162;229;156;land;false;plains;1
3389;198;216;136;land;false;plains;1
3390;124;161;217;land;false;plains;1
3391;179;203;251;land;false;plains;1
3392;240;244;83;land;false;plains;1
3393;230;86;228;land;false;plains;1
3394;118;243;172;land;false;plains;1
3395;174;162;185;land;false;plains;1
3396;182;200;233;land;false;plains;1
3397;223;164;178;land;false;plains;1
3398;195;208;199;land;false;plains;1
3399;221;194;241;land;false;plains;1
3400;247;194;250;land;false;plains;1
3401;226;245;38;land;false;plains;1
3402;163;212;169;land;false;plains;1
3403;72;248;193;land;false;plains;1
3404;93;215;247;land;false;plains;1
3405;170;145;243;land;false;plains;1
3406;107;254;144;land;false;plains;1
3407;205;183;228;land;false;plains;1
3408;247;220;142;land;false;plains;1
3409;246;111;147;land;false;plains;1
3410;205;160;155;land;false;plains;1
3411;250;213;52;land;false;plains;1
3412;232;111;175;land;false;plains;1
3413;91;206;208;land;false;plains;1
3414;249;98;224;land;false;plains;1
3415;140;218;220;land;false;plains;1
3416;229;236;249;land;false;plains;1
3417;169;216;159;land;false;plains;1
3418;234;166;110;land;false;plains;1
3419;226;186;188;land;false;plains;1
3420;121;222;232;land;false;plains;1
3421;246;119;168;land;false;plains;1
3422;167;246;223;land;false;plains;1
3423;177;130;234;land;false;plains;1
3424;188;251;172;land;false;plains;1
3425;239;177;207;land;false;plains;1
3426;164;172;170;land;false;plains;1
3427;31;231;241;land;false;plains;1
3428;239;131;181;land;false;plains;1
3429;230;219;113;land;true;plains;1
3430;226;210;195;land;false;plains;1
3431;140;203;225;land;false;plains;1
3432;178;128;195;land;false;plains;1
3433;172;105;251;land;false;plains;1
3434;130;167;211;land;false;plains;1
3435;203;84;248;land;false;plains;1
3436;231;225;156;land;false;plains;1
3437;250;153;206;land;false;plains;1
3438;169;155;252;land;true;plains;1
3439;250;253;253;land;false;plains;1
3440;249;149;189;land;false;plains;1
3441;248;103;227;land;false;plains;1
3442;118;251;198;land;false;plains;1
3443;245;178;103;land;false;plains;1
3444;216;144;206;land;false;plains;1
3445;58;247;233;land;false;plains;1
3446;226;179;110;land;false;plains;1
3447;138;241;139;land;true;plains;1
3448;169;206;171;land;true;plains;1
3449;158;236;177;land;false;plains;1
3450;177;203;160;land;false;plains;1
3451;138;178;203;land;false;plains;1
3452;169;179;157;land;false;plains;1
3453;224;74;224;land;false;plains;1
3454;174;146;236;land;false;plains;1
3455;146;219;153;land;false;plains;1
3456;194;192;215;land;false;plains;1
3457;246;239;112;land;false;plains;1
3458;222;227;180;land;false;plains;1
3459;230;119;245;land;false;plains;1
3460;195;231;222;land;false;plains;1
3461;206;211;225;land;false;plains;1
3462;220;140;211;land;false;plains;1
3463;80;242;207;land;false;plains;1
3464;226;232;116;land;false;plains;1
3465;140;132;229;land;false;plains;1
3466;97;215;246;land;false;plains;1
3467;82;235;216;land;false;plains;1
3468;134;137;239;land;false;plains;1
3469;195;157;249;land;false;plains;1
3470;233;207;76;land;false;plains;1
3471;244;173;202;land;false;plains;1
3472;254;95;239;land;false;plains;1
3473;127;204;211;land;false;plains;1
3474;93;234;200;land;false;plains;1
3475;153;158;213;land;false;plains;1
3476;213;235;149;land;false;plains;1
3477;242;232;126;land;false;plains;1
3478;58;247;232;land;false;plains;1
3479;161;248;193;land;false;plains;1
3480;245;207;166;land;false;plains;1
3481;245;187;156;land;false;plains;1
3482;128;227;205;land;false;plains;1
3483;126;195;192;land;false;plains;1
3484;152;163;230;land;false;plains;1
3485;245;113;246;land;false;plains;1
3486;228;211;228;land;false;plains;1
3487;235;101;189;land;false;plains;1
3488;206;218;239;land;false;plains;1
3489;233;139;144;land;false;plains;1
3490;135;243;199;land;false;plains;1
3491;254;131;188;land;false;plains;1
3492;53;237;234;land;false;plains;1
3493;243;239;162;land;false;plains;1
3494;185;229;96;land;false;plains;1
3495;237;204;144;land;false;plains;1
3496;209;211;106;land;false;plains;1
3497;175;218;163;land;false;plains;1
3498;143;166;234;land;false;plains;1
3499;46;242;237;land;false;plains;1
3500;215;247;160;land;false;plains;1
3501;185;138;225;land;false;plains;1
3502;81;226;233;land;false;plains;1
3503;176;244;235;land;false;plains;1
3504;161;223;163;land;false;plains;1
3505;143;174;189;land;false;plains;1
3506;26;249;245;land;false;plains;1
3507;145;228;179;land;false;plains;1
3508;250;160;107;land;true;plains;1
3509;252;123;253;land;true;plains;1
3510;89;254;179;land;false;plains;1
3511;249;233;53;land;false;plains;1
3512;171;148;224;land;false;plains;1
3513;247;216;120;land;false;plains;1
3514;78;252;206;land;false;plains;1
3515;178;190;193;land;false;plains;1
3516;238;225;192;land;false;plains;1
3517;222;129;160;land;true;plains;1
3518;184;234;214;land;false;plains;1
3519;211;189;158;land;false;plains;1
3520;168;133;240;land;false;plains;1
3521;202;230;214;land;false;plains;1
3522;218;250;107;land;false;plains;1
3523;236;54;211;land;true;plains;1
3524;184;234;185;land;true;plains;1
3525;213;238;231;land;false;plains;1
3526;165;191;185;land;false;plains;1
3527;237;183;82;land;false;plains;1
3528;230;112;199;land;false;plains;1
3529;206;217;231;land;false;plains;1
3530;226;238;195;land;false;plains;1
3531;165;177;250;land;true;plains;1
3532;117;203;248;land;false;plains;1
3533;181;219;172;land;false;plains;1
3534;239;206;139;land;false;plains;1
3535;195;237;199;land;false;plains;1
3536;214;187;166;land;false;plains;1
3537;190;102;235;land;false;plains;1
3538;239;245;113;land;false;plains;1
3539;197;253;243;land;false;plains;1
3540;229;89;247;land;false;plains;1
3541;158;214;183;land;false;plains;1
3542;159;208;179;land;false;plains;1
3543;118;172;235;land;false;plains;1
3544;210;209;194;land;false;plains;1
3545;116;221;167;land;false;plains;1
3546;159;184;227;land;false;plains;1
3547;235;122;247;land;false;plains;1
3548;134;172;213;land;false;plains;1
3549;237;148;222;land;false;plains;1
3550;247;148;239;land;false;plains;1
3551;86;238;191;land;true;plains;1
3552;168;228;229;land;false;plains;1
3553;196;95;211;land;false;plains;1
3554;192;234;140;land;false;plains;1
3555;113;216;246;land;false;plains;1
3556;158;130;238;land;false;plains;1
3557;33;248;248;land;false;plains;1
3558;245;222;156;land;false;plains;1
3559;251;244;84;land;false;plains;1
3560;241;144;184;land;false;plains;1
3561;242;56;236;land;false;plains;1
3562;227;103;197;land;false;plains;1
3563;188;112;221;land;false;plains;1
3564;253;192;114;land;false;plains;1
3565;185;233;148;land;false;plains;1
3566;247;192;88;land;false;plains;1
3567;161;252;102;land;false;plains;1
3568;184;165;202;land;false;plains;1
3569;238;216;235;land;false;plains;1
3570;221;249;225;land;true;plains;1
3571;246;227;91;land;false;plains;1
3572;160;225;140;land;false;plains;1
3573;218;86;200;land;false;plains;1
3574;133;223;231;land;false;plains;1
3575;143;226;210;land;false;plains;1
3576;150;221;165;land;false;plains;1
3577;217;222;95;land;false;plains;1
3578;37;224;250;land;false;plains;1
3579;238;200;235;land;false;plains;1
3580;170;177;219;land;false;plains;1
3581;190;222;111;land;false;plains;1
3582;177;216;181;land;false;plains;1
3583;115;191;205;land;false;plains;1
3584;124;161;249;land;false;plains;1
3585;238;115;245;land;false;plains;1
3586;154;240;234;land;false;plains;1
3587;249;146;112;land;false;plains;1
3588;190;88;243;land;false;plains;1
3589;136;186;208;land;false;plains;1
3590;252;155;182;land;false;plains;1
3591;247;192;150;land;false;plains;1
3592;171;112;249;land;true;plains;1
3593;164;191;247;land;false;plains;1
3594;245;225;216;land;false;plains;1
3595;122;248;236;land;false;plains;1
3596;236;203;146;land;false;plains;1
3597;224;236;253;land;false;plains;1
3598;240;217;100;land;false;plains;1
3599;211;204;168;land;false;plains;1
3600;75;239;222;land;false;plains;1
3601;211;239;76;land;false;plains;1
3602;225;188;158;land;false;plains;1
3603;83;251;233;land;false;plains;1
3604;227;136;229;land;false;plains;1
3605;207;147;208;land;false;plains;1
3606;183;185;174;land;false;plains;1
3607;247;242;168;land;false;plains;1
3608;247;142;174;land;false;plains;1
3609;193;230;151;land;false;plains;1
3610;201;79;235;land;false;plains;1
3611;217;240;239;land;false;plains;1
3612;233;213;113;land;false;plains;1
3613;254;75;173;land;false;plains;1
3614;106;250;222;land;false;plains;1
3615;213;119;174;land;false;plains;1
3616;209;225;180;land;false;plains;1
3617;232;94;175;land;true;plains;1
3618;72;192;245;land;false;plains;1
3619;146;254;199;land;false;plains;1
3620;233;218;142;land;false;plains;1
3621;174;224;146;land;false;plains;1
3622;239;101;186;land;false;plains;1
3623;154;218;136;land;false;plains;1
3624;149;203;191;land;false;plains;1
3625;21;248;233;land;false;plains;1
3626;107;244;232;land;false;plains;1
3627;221;158;143;land;false;plains;1
3628;222;107;216;land;false;plains;1
3629;246;101;205;land;false;plains;1
3630;182;239;174;land;false;plains;1
3631;169;169;242;land;false;plains;1
3632;182;127;195;land;false;plains;1
3633;226;244;144;land;false;plains;1
3634;173;205;214;land;false;plains;1
3635;242;208;212;land;false;plains;1
3636;151;178;228;land;false;plains;1
3637;148;181;222;land;false;plains;1
3638;218;173;253;land;false;plains;1
3639;193;225;147;land;false;plains;1
3640;153;234;199;land;false;plains;1
3641;248;84;248;land;false;plains;1
3642;226;111;198;land;false;plains;1
3643;228;235;146;land;false;plains;1
3644;91;229;229;land;false;plains;1
3645;239;87;241;land;false;plains;1
3646;202;111;234;land;false;plains;1
3647;232;226;184;land;false;plains;1
3648;137;212;222;land;false;plains;1
3649;226;156;169;land;false;plains;1
3650;174;158;215;land;false;plains;1
3651;161;171;193;land;false;plains;1
3652;77;244;185;land;false;plains;1
3653;245;56;235;land;false;plains;1
3654;184;231;237;land;false;plains;1
3655;199;119;243;land;false;plains;1
3656;239;112;251;land;true;plains;1
3657;221;101;238;land;true;plains;1
3658;143;237;157;land;false;plains;1
3659;223;220;97;land;false;plains;1
3660;232;193;197;land;false;plains;1
3661;250;212;80;land;false;plains;1
3662;244;130;192;land;false;plains;1
3663;155;171;187;land;false;plains;1
3664;144;233;187;land;false;plains;1
3665;234;238;254;land;true;plains;1
3666;230;178;116;land;false;plains;1
3667;110;254;229;land;false;plains;1
3668;154;220;184;land;false;plains;1
3669;177;210;205;land;false;plains;1
3670;227;166;193;land;false;plains;1
3671;228;117;215;land;false;plains;1
3672;202;209;93;land;false;plains;1
3673;228;193;213;land;false;plains;1
3674;219;140;194;land;false;plains;1
3675;167;214;227;land;false;plains;1
3676;57;237;215;land;false;plains;1
3677;222;226;125;land;true;plains;1
3678;169;160;173;land;false;plains;1
3679;184;224;237;land;false;plains;1
3680;184;148;172;land;false;plains;1
3681;91;221;238;land;false;plains;1
3682;140;230;147;land;false;plains;1
3683;211;165;199;land;false;plains;1
3684;71;179;254;land;false;plains;1
3685;208;159;193;land;false;plains;1
3686;122;228;250;land;false;plains;1
3687;189;178;189;land;false;plains;1
3688;137;199;211;land;false;plains;1
3689;85;248;183;land;false;plains;1
3690;82;209;228;land;false;plains;1
3691;211;197;212;land;false;plains;1
3692;188;202;226;land;false;plains;1
3693;244;177;199;land;false;plains;1
3694;179;191;197;land;false;plains;1
3695;84;249;219;land;false;plains;1
3696;222;126;205;land;false;plains;1
3697;234;243;172;land;false;plains;1
3698;113;192;224;land;false;plains;1
3699;226;236;99;land;false;plains;1
3700;222;100;216;land;false;plains;1
3701;250;167;107;land;false;plains;1
3702;229;212;182;land;false;plains;1
3703;140;201;176;land;false;plains;1
3704;97;251;161;land;false;plains;1
3705;212;222;171;land;false;plains;1
3706;210;222;137;land;false;plains;1
3707;193;227;210;land;false;plains;1
3708;187;195;153;land;false;plains;1
3709;242;144;115;land;false;plains;1
3710;165;191;190;land;false;plains;1
3711;231;232;94;land;false;plains;1
3712;134;205;219;land;false;plains;1
3713;222;236;178;land;false;plains;1
3714;87;235;232;land;false;plains;1
3715;96;227;225;land;false;plains;1
3716;152;209;169;land;false;plains;1
3717;155;176;184;land;false;plains;1
3718;249;227;102;land;false;plains;1
3719;231;184;144;land;false;plains;1
3720;249;204;173;land;false;plains;1
3721;201;171;223;land;false;plains;1
3722;179;168;182;land;true;plains;1
3723;115;232;199;land;false;plains;1
3724;90;210;245;land;false;plains;1
3725;221;197;85;land;false;plains;1
3726;151;198;203;land;false;plains;1
3727;149;166;212;land;false;plains;1
3728;230;182;138;land;false;plains;1
3729;181;169;163;land;false;plains;1
3730;74;232;247;land;false;plains;1
3731;146;249;241;land;false;plains;1
3732;233;177;125;land;false;plains;1
3733;220;181;114;land;false;plains;1
3734;172;225;161;land;false;plains;1
3735;173;192;188;land;false;plains;1
3736;252;107;239;land;false;plains;1
3737;218;210;200;land;false;plains;1
3738;44;219;238;land;false;plains;1
3739;246;9;248;land;false;plains;1
3740;227;226;149;land;false;plains;1
3741;94;179;230;land;false;plains;1
3742;95;247;168;land;false;plains;1
3743;114;237;192;land;false;plains;1
3744;196;251;115;land;false;plains;1
3745;197;221;249;land;false;plains;1
3746;250;56;234;land;false;plains;1
3747;197;220;146;land;false;plains;1
3748;188;158;225;land;false;plains;1
3749;200;231;216;land;false;plains;1
3750;169;170;215;land;false;plains;1
3751;160;243;252;land;false;plains;1
3752;222;47;236;land;false;plains;1
3753;243;221;121;land;false;plains;1
3754;147;235;165;land;false;plains;1
3755;160;202;161;land;false;plains;1
3756;242;143;132;land;false;plains;1
3757;108;226;187;land;false;plains;1
3758;128;241;139;land;false;plains;1
3759;63;208;233;land;false;plains;1
3760;174;252;219;land;false;plains;1
3761;221;174;158;land;false;plains;1
3762;214;87;212;land;false;plains;1
3763;213;240;228;land;false;plains;1
3764;216;202;250;land;false;plains;1
3765;246;134;163;land;false;plains;1
3766;239;240;137;land;false;plains;1
3767;130;149;235;land;false;plains;1
3768;160;174;167;land;false;plains;1
3769;240;76;188;land;false;plains;1
3770;190;207;189;land;false;plains;1
3771;95;254;170;land;false;plains;1
3772;238;178;94;land;false;plains;1
3773;243;201;107;land;false;plains;1
3774;181;193;183;land;false;plains;1
3775;194;229;211;land;false;plains;1
3776;240;157;152;land;false;plains;1
3777;138;214;182;land;false;plains;1
3778;220;246;219;land;false;plains;1
3779;138;205;196;land;false;plains;1
3780;141;212;172;land;false;plains;1
3781;184;251;205;land;false;plains;1
3782;119;231;188;land;false;plains;1
3783;243;155;211;land;false;plains;1
3784;203;227;155;land;false;plains;1
3785;240;249;162;land;false;plains;1
3786;246;246;15;land;false;plains;1
3787;190;168;152;land;false;plains;1
3788;234;68;235;land;false;plains;1
3789;211;155;207;land;false;plains;1
3790;253;92;179;land;false;plains;1
3791;163;228;221;land;false;plains;1
3792;215;48;243;land;false;plains;1
3793;222;108;209;land;false;plains;1
3794;101;251;160;land;false;plains;1
3795;170;206;241;land;false;plains;1
3796;252;200;110;land;false;plains;1
3797;207;247;108;land;false;plains;1
3798;247;63;248;land;false;plains;1
3799;211;234;203;land;false;plains;1
3800;239;174;192;land;true;plains;1
3801;220;134;165;land;false;plains;1
3802;210;220;76;land;true;plains;1
3803;196;253;219;land;false;plains;1
3804;208;187;122;land;false;plains;1
3805;207;234;105;land;false;plains;1
3806;192;221;226;land;false;plains;1
3807;198;130;206;land;false;plains;1
3808;169;136;248;land;false;plains;1
3809;192;125;210;land;false;plains;1
3810;155;230;129;land;false;plains;1
3811;188;215;158;land;false;plains;1
3812;181;177;242;land;false;plains;1
3813;233;191;238;land;false;plains;1
3814;248;166;235;land;false;plains;1
3815;235;192;233;land;false;plains;1
3816;160;171;227;land;false;plains;1
3817;196;245;109;land;false;plains;1
3818;216;87;215;land;false;plains;1
3819;105;236;212;land;false;plains;1
3820;191;110;201;land;false;plains;1
3821;187;150;197;land;false;plains;1
3822;207;239;252;land;false;plains;1
3823;236;223;171;land;false;plains;1
3824;138;222;213;land;false;plains;1
3825;185;219;209;land;false;plains;1
3826;169;136;254;land;false;plains;1
3827;191;135;247;land;false;plains;1
3828;80;245;218;land;false;plains;1
3829;232;152;127;land;true;plains;1
3830;200;122;244;land;false;plains;1
3831;184;109;232;land;false;plains;1
3832;174;222;211;land;false;plains;1
3833;225;230;158;land;false;plains;1
3834;222;252;62;land;false;plains;1
3835;190;224;126;land;false;plains;1
3836;232;221;214;land;false;plains;1
3837;208;145;168;land;false;plains;1
3838;114;182;244;land;false;plains;1
3839;187;179;183;land;false;plains;1
3840;220;250;135;land;false;plains;1
3841;93;220;196;land;false;plains;1
3842;230;197;202;land;false;plains;1
3843;111;214;254;land;false;plains;1
3844;254;69;193;land;false;plains;1
3845;234;89;217;land;false;plains;1
3846;162;239;232;land;false;plains;1
3847;239;231;94;land;false;plains;1
3848;227;207;160;land;false;plains;1
3849;181;144;197;land;false;plains;1
3850;254;234;111;land;false;plains;1
3851;233;157;205;land;false;plains;1
3852;137;203;234;land;false;plains;1
3853;170;232;214;land;false;plains;1
3854;186;151;222;land;false;plains;1
3855;172;216;206;land;false;plains;1
3856;115;170;250;land;false;plains;1
3857;200;228;92;land;false;plains;1
3858;223;241;116;land;false;plains;1
3859;193;189;213;land;false;plains;1
3860;36;223;243;land;false;plains;1
3861;250;238;131;land;false;plains;1
3862;215;216;234;land;false;plains;1
3863;162;252;207;land;false;plains;1
3864;191;114;220;land;false;plains;1
3865;103;199;217;land;false;plains;1
3866;167;246;193;land;false;plains;1
3867;220;121;179;land;false;plains;1
3868;180;102;249;land;false;plains;1
3869;217;177;189;land;false;plains;1
3870;194;247;246;land;false;plains;1
3871;237;93;254;land;false;plains;1
3872;225;51;241;land;false;plains;1
3873;171;210;245;land;false;plains;1
3874;157;180;197;land;false;plains;1
3875;209;237;219;land;false;plains;1
3876;175;92;248;land;false;plains;1
3877;228;221;254;land;false;plains;1
3878;222;121;229;land;false;plains;1
3879;166;227;238;land;false;plains;1
3880;236;145;205;land;false;plains;1
3881;219;244;252;land;false;plains;1
3882;200;156;252;land;false;plains;1
3883;144;137;242;land;false;plains;1
3884;231;128;237;land;false;plains;1
3885;142;147;222;land;false;plains;1
3886;243;86;236;land;false;plains;1
3887;131;205;222;land;false;plains;1
3888;154;226;212;land;false;plains;1
3889;142;194;207;land;false;plains;1
3890;211;253;55;land;false;plains;1
3891;251;130;141;land;false;plains;1
3892;189;241;198;land;false;plains;1
3893;213;216;92;land;false;plains;1
3894;248;199;161;land;false;plains;1
3895;199;79;242;land;false;plains;1
3896;169;94;254;land;false;plains;1
3897;77;217;216;land;false;plains;1
3898;177;109;232;land;false;plains;1
3899;189;233;185;land;false;plains;1
3900;223;135;217;land;false;plains;1
3901;180;250;219;land;false;plains;1
3902;235;131;207;land;false;plains;1
3903;238;46;232;land;false;plains;1
3904;161;114;233;land;false;plains;1
3905;232;26;246;land;false;plains;1
3906;145;183;189;land;false;plains;1
3907;220;168;186;land;false;plains;1
3908;218;105;232;land;false;plains;1
3909;221;153;156;land;false;plains;1
3910;230;119;167;land;false;plains;1
3911;186;197;145;land;false;plains;1
3912;209;49;254;land;false;plains;1
3913;164;218;121;land;false;plains;1
3914;140;170;239;land;false;plains;1
3915;243;239;117;land;false;plains;1
3916;132;243;240;land;false;plains;1
3917;204;244;177;land;false;plains;1
3918;148;199;165;land;false;plains;1
3919;216;171;151;land;true;plains;1
3920;239;97;227;land;false;plains;1
3921;113;240;230;land;false;plains;1
3922;227;106;253;land;false;plains;1
3923;50;219;232;land;false;plains;1
3924;119;211;212;land;false;plains;1
3925;228;99;196;land;true;plains;1
3926;245;131;221;land;false;plains;1
3927;217;189;139;land;false;plains;1
3928;191;212;228;land;false;plains;1
3929;111;253;252;land;false;plains;1
3930;177;222;185;land;false;plains;1
3931;233;251;17;land;false;plains;1
3932;245;219;226;land;false;plains;1
3933;223;114;197;land;false;plains;1
3934;196;181;198;land;false;plains;1
3935;152;201;220;land;false;plains;1
3936;208;246;87;land;false;plains;1
3937;251;219;180;land;false;plains;1
3938;224;176;251;land;false;plains;1
3939;194;106;242;land;false;plains;1
3940;123;252;176;land;false;plains;1
3941;201;212;132;land;true;plains;1
3942;254;234;49;land;false;plains;1
3943;197;167;181;land;false;plains;1
3944;211;207;112;land;false;plains;1
3945;194;94;243;land;false;plains;1
3946;110;175;251;land;false;plains;1
3947;169;160;209;land;true;plains;1
3948;122;252;136;land;false;plains;1
3949;40;235;243;land;true;plains;1
3950;204;155;226;land;false;plains;1
3951;221;186;94;land;false;plains;1
3952;251;252;236;land;false;plains;1
3953;227;181;99;land;false;plains;1
3954;229;245;86;land;false;plains;1
3955;218;67;250;land;false;plains;1
3956;254;53;246;land;false;plains;1
3957;164;184;173;land;false;plains;1
3958;230;230;135;land;true;plains;1
3959;200;145;200;land;false;plains;1
3960;254;117;254;land;false;plains;1
3961;220;71;225;land;false;plains;1
3962;199;140;192;land;false;plains;1
3963;123;211;247;land;false;plains;1
3964;201;156;249;land;false;plains;1
3965;155;239;253;land;false;plains;1
3966;227;242;153;land;false;plains;1
3967;85;249;191;land;false;plains;1
3968;128;124;251;land;false;plains;1
3969;140;224;197;land;false;plains;1
3970;242;243;203;land;false;plains;1
3971;149;177;231;land;false;plains;1
3972;135;133;242;land;false;plains;1
3973;33;231;251;land;false;plains;1
3974;109;176;252;land;false;plains;1
3975;186;246;174;land;false;plains;1
3976;223;219;230;land;false;plains;1
3977;176;168;160;land;true;plains;1
3978;134;210;188;land;true;plains;1
3979;226;238;65;land;false;plains;1
3980;179;229;170;land;false;plains;1
3981;218;215;216;land;false;plains;1
3982;208;235;148;land;false;plains;1
3983;230;206;247;land;false;plains;1
3984;230;54;251;land;false;plains;1
3985;228;214;147;land;false;plains;1
3986;246;179;102;land;false;plains;1
3987;220;224;110;land;false;plains;1
3988;240;88;246;land;false;plains;1
3989;164;179;189;land;false;plains;1
3990;180;126;205;land;false;plains;1
3991;235;155;161;land;true;plains;1
3992;219;118;197;land;false;plains;1
3993;231;165;108;land;false;plains;1
3994;241;164;148;land;false;plains;1
3995;153;217;152;land;false;plains;1
3996;219;230;181;land;false;plains;1
3997;211;246;73;land;false;plains;1
3998;114;201;209;land;false;plains;1
3999;185;120;200;land;false;plains;1
4000;224;122;197;land;false;plains;1
4001;137;144;232;land;false;plains;1
4002;241;198;239;land;false;plains;1
4003;118;238;159;land;false;plains;1
4004;221;136;181;land;false;plains;1
4005;183;240;88;land;false;plains;1
4006;172;236;193;land;false;plains;1
4007;171;245;139;land;false;plains;1
4008;221;234;227;land;false;plains;1
4009;242;247;221;land;false;plains;1
4010;190;118;243;land;false;plains;1
4011;123;163;237;land;false;plains;1
4012;189;205;236;land;false;plains;1
4013;223;250;46;land;false;plains;1
4014;234;222;52;land;false;plains;1
4015;223;188;228;land;false;plains;1
4016;235;116;186;land;false;plains;1
4017;116;213;205;land;false;plains;1
4018;246;237;240;land;false;plains;1
4019;198;86;245;land;false;plains;1
4020;129;180;249;land;false;plains;1
4021;248;137;249;land;false;plains;1
4022;244;149;252;land;false;plains;1
4023;200;154;158;land;true;plains;1
4024;145;247;246;land;false;plains;1
4025;34;251;216;land;false;plains;1
4026;224;118;219;land;false;plains;1
4027;217;109;247;land;false;plains;1
4028;200;236;186;land;false;plains;1
4029;149;215;185;land;false;plains;1
4030;73;253;198;land;false;plains;1
4031;230;214;107;land;false;plains;1
4032;210;141;246;land;false;plains;1
4033;115;240;179;land;false;plains;1
4034;163;249;156;land;false;plains;1
4035;211;178;219;land;false;plains;1
4036;245;179;137;land;false;plains;1
4037;137;203;211;land;false;plains;1
4038;189;238;180;land;false;plains;1
4039;239;150;211;land;false;plains;1
4040;119;170;215;land;false;plains;1
4041;150;186;181;land;false;plains;1
4042;203;245;87;land;false;plains;1
4043;169;247;141;land;false;plains;1
4044;214;253;52;land;false;plains;1
4045;195;171;165;land;false;plains;1
4046;220;43;241;land;false;plains;1
4047;176;162;238;land;false;plains;1
4048;250;70;253;land;false;plains;1
4049;178;149;253;land;false;plains;1
4050;200;116;196;land;false;plains;1
4051;160;232;213;land;false;plains;1
4052;234;107;207;land;false;plains;1
4053;234;205;180;land;false;plains;1
4054;80;198;246;land;false;plains;1
4055;133;203;201;land;false;plains;1
4056;193;250;227;land;false;plains;1
4057;245;174;187;land;false;plains;1
4058;221;130;225;land;false;plains;1
4059;67;207;240;land;false;plains;1
4060;234;75;200;land;false;plains;1
4061;103;174;237;land;false;plains;1
4062;98;242;243;land;false;plains;1
4063;151;126;251;land;false;plains;1
4064;237;214;121;land;false;plains;1
4065;224;235;44;land;false;plains;1
4066;228;52;249;land;false;plains;1
4067;208;245;204;land;false;plains;1
4068;196;245;205;land;true;plains;1
4069;212;130;171;land;false;plains;1
4070;191;208;253;land;false;plains;1
4071;245;163;188;land;false;plains;1
4072;220;205;81;land;false;plains;1
4073;224;179;153;land;false;plains;1
4074;251;250;122;land;false;plains;1
4075;220;221;165;land;false;plains;1
4076;183;194;163;land;false;plains;1
4077;199;196;157;land;false;plains;1
4078;141;155;213;land;false;plains;1
4079;249;203;223;land;false;plains;1
4080;168;245;95;land;false;plains;1
4081;153;204;199;land;false;plains;1
4082;243;138;154;land;false;plains;1
4083;124;189;222;land;false;plains;1
4084;151;196;175;land;false;plains;1
4085;215;136;215;land;false;plains;1
4086;221;250;142;land;false;plains;1
4087;143;223;193;land;false;plains;1
4088;148;240;164;land;false;plains;1
4089;136;239;164;land;false;plains;1
4090;243;75;188;land;false;plains;1
4091;225;205;161;land;false;plains;1
4092;229;235;149;land;true;plains;1
4093;234;222;64;land;false;plains;1
4094;216;69;218;land;false;plains;1
4095;181;212;181;land;false;plains;1
4096;135;200;179;land;false;plains;1
4097;180;125;241;land;true;plains;1
4098;205;254;184;land;false;plains;1
4099;252;173;83;land;false;plains;1
4100;151;232;198;land;false;plains;1
4101;221;160;180;land;false;plains;1
4102;249;124;136;land;false;plains;1
4103;180;147;181;land;false;plains;1
4104;107;238;248;land;false;plains;1
4105;250;108;154;land;false;plains;1
4106;249;203;235;land;false;plains;1
4107;223;242;40;land;false;plains;1
4108;187;227;154;land;true;plains;1
4109;212;190;119;land;false;plains;1
4110;176;143;228;land;false;plains;1
4111;189;85;249;land;false;plains;1
4112;188;253;199;land;false;plains;1
4113;164;246;157;land;false;plains;1
4114;81;209;216;land;false;plains;1
4115;242;171;165;land;false;plains;1
4116;233;68;229;land;false;plains;1
4117;162;249;125;land;false;plains;1
4118;203;119;233;land;false;plains;1
4119;166;243;239;land;false;plains;1
4120;241;189;101;land;false;plains;1
4121;195;223;195;land;false;plains;1
4122;164;243;175;land;false;plains;1
4123;205;163;211;land;false;plains;1
4124;252;85;217;land;false;plains;1
4125;230;202;250;land;false;plains;1
4126;187;155;183;land;false;plains;1
4127;199;229;181;land;false;plains;1
4128;240;117;234;land;false;plains;1
4129;179;159;244;land;true;plains;1
4130;162;203;231;land;false;plains;1
4131;160;241;175;land;false;plains;1
4132;144;127;249;land;false;plains;1
4133;172;169;215;land;false;plains;1
4134;199;211;231;land;false;plains;1
4135;228;190;186;land;false;plains;1
4136;166;112;228;land;false;plains;1
4137;148;254;219;land;false;plains;1
4138;124;216;168;land;false;plains;1
4139;146;245;142;land;false;plains;1
4140;243;207;183;land;false;plains;1
4141;204;117;193;land;false;plains;1
4142;249;121;153;land;false;plains;1
4143;228;166;194;land;false;plains;1
4144;95;178;252;land;false;plains;1
4145;116;246;236;land;false;plains;1
4146;202;95;224;land;false;plains;1
4147;192;123;220;land;false;plains;1
4148;176;228;230;land;false;plains;1
4149;176;225;160;land;false;plains;1
4150;240;191;215;land;false;plains;1
4151;202;193;166;land;false;plains;1
4152;199;101;227;land;false;plains;1
4153;234;192;168;land;false;plains;1
4154;207;78;243;land;false;plains;1
4155;217;219;202;land;false;plains;1
4156;90;246;209;land;false;plains;1
4157;170;235;141;land;false;plains;1
4158;222;208;126;land;false;plains;1
4159;163;180;180;land;true;plains;1
4160;204;106;254;land;false;plains;1
4161;159;166;211;land;false;plains;1
4162;187;218;103;land;true;plains;1
4163;251;105;168;land;false;plains;1
4164;187;223;181;land;false;plains;1
4165;238;183;132;land;false;plains;1
4166;194;214;216;land;true;plains;1
4167;236;160;138;land;false;plains;1
4168;173;235;229;land;false;plains;1
4169;225;237;99;land;false;plains;1
4170;236;183;251;land;false;plains;1
4171;233;149;233;land;false;plains;1
4172;253;241;131;land;false;plains;1
4173;162;227;241;land;false;plains;1
4174;146;235;237;land;false;plains;1
4175;218;104;183;land;false;plains;1
4176;101;215;244;land;false;plains;1
4177;188;127;241;land;false;plains;1
4178;237;123;206;land;false;plains;1
4179;158;144;218;land;false;plains;1
4180;94;219;217;land;true;plains;1
4181;169;251;164;land;false;plains;1
4182;191;150;164;land;false;plains;1
4183;146;161;254;land;false;plains;1
4184;228;199;215;land;false;plains;1
4185;169;253;211;land;false;plains;1
4186;204;177;209;land;false;plains;1
4187;201;189;143;land;false;plains;1
4188;219;232;116;land;false;plains;1
4189;123;206;230;land;false;plains;1
4190;226;90;197;land;false;plains;1
4191;254;207;238;land;false;plains;1
4192;252;91;180;land;false;plains;1
4193;217;210;183;land;false;plains;1
4194;201;254;84;land;false;plains;1
4195;163;176;244;land;false;plains;1
4196;165;239;157;land;true;plains;1
4197;179;143;218;land;false;plains;1
4198;213;140;180;land;false;plains;1
4199;107;217;248;land;false;plains;1
4200;162;228;163;land;false;plains;1
4201;242;157;228;land;false;plains;1
4202;125;166;220;land;false;plains;1
4203;149;254;102;land;false;plains;1
4204;211;151;170;land;false;plains;1
4205;127;251;218;land;false;plains;1
4206;202;166;203;land;false;plains;1
4207;229;201;172;land;false;plains;1
4208;100;231;171;land;false;plains;1
4209;206;215;178;land;false;plains;1
4210;168;156;181;land;false;plains;1
4211;245;225;93;land;false;plains;1
4212;192;219;208;land;false;plains;1
4213;224;160;198;land;false;plains;1
4214;204;195;252;land;false;plains;1
4215;194;207;177;land;false;plains;1
4216;207;154;234;land;false;plains;1
4217;202;239;206;land;false;plains;1
4218;226;77;230;land;false;plains;1
4219;69;253;192;land;false;plains;1
4220;236;191;96;land;false;plains;1
4221;110;169;229;land;true;plains;1
4222;241;161;198;land;false;plains;1
4223;232;161;152;land;false;plains;1
4224;176;221;208;land;false;plains;1
4225;199;91;245;land;false;plains;1
4226;250;181;225;land;false;plains;1
4227;114;229;218;land;false;plains;1
4228;162;188;249;land;false;plains;1
4229;158;164;235;land;false;plains;1
4230;155;185;181;land;false;plains;1
4231;171;165;168;land;false;plains;1
4232;81;226;235;land;false;plains;1
4233;232;221;137;land;false;plains;1
4234;137;234;164;land;false;plains;1
4235;246;82;184;land;false;plains;1
4236;227;193;102;land;false;plains;1
4237;128;193;212;land;false;plains;1
4238;241;164;149;land;false;plains;1
4239;183;224;184;land;false;plains;1
4240;213;190;201;land;false;plains;1
4241;195;207;217;land;false;plains;1
4242;237;181;238;land;false;plains;1
4243;217;212;201;land;false;plains;1
4244;137;162;248;land;false;plains;1
4245;210;222;178;land;false;plains;1
4246;253;251;230;land;false;plains;1
4247;206;214;166;land;false;plains;1
4248;113;199;219;land;false;plains;1
4249;148;192;248;land;false;plains;1
4250;250;134;204;land;false;plains;1
4251;178;210;185;land;true;plains;1
4252;174;234;252;land;false;plains;1
4253;248;38;218;land;false;plains;1
4254;159;155;251;land;false;plains;1
4255;251;214;45;land;false;plains;1
4256;209;237;174;land;false;plains;1
4257;227;135;197;land;false;plains;1
4258;208;139;192;land;false;plains;1
4259;246;169;125;land;false;plains;1
4260;175;254;85;land;false;plains;1
4261;193;116;205;land;false;plains;1
4262;213;242;136;land;true;plains;1
4263;133;154;231;land;false;plains;1
4264;209;148;196;land;false;plains;1
4265;193;232;222;land;false;plains;1
4266;164;212;252;land;false;plains;1
4267;211;201;249;land;false;plains;1
4268;215;191;139;land;false;plains;1
4269;251;116;238;land;false;plains;1
4270;231;243;81;land;false;plains;1
4271;98;193;227;land;false;plains;1
4272;116;241;221;land;false;plains;1
4273;179;202;177;land;false;plains;1
4274;109;181;233;land;false;plains;1
4275;247;227;122;land;false;plains;1
4276;225;27;251;land;false;plains;1
4277;214;209;124;land;false;plains;1
4278;206;206;100;land;false;plains;1
4279;179;210;209;land;false;plains;1
4280;174;233;245;land;false;plains;1
4281;224;226;53;land;true;plains;1
4282;228;213;84;land;false;plains;1
4283;242;80;203;land;false;plains;1
4284;219;198;148;land;false;plains;1
4285;233;178;237;land;false;plains;1
4286;155;153;209;land;false;plains;1
4287;250;141;218;land;false;plains;1
4288;187;135;179;land;false;plains;1
4289;141;217;244;land;false;plains;1
4290;131;234;239;land;false;plains;1
4291;204;113;219;land;false;plains;1
4292;219;153;198;land;true;plains;1
4293;186;239;195;land;false;plains;1
4294;238;138;210;land;false;plains;1
4295;124;225;215;land;false;plains;1
4296;228;140;191;land;false;plains;1
4297;208;115;185;land;false;plains;1
4298;239;152;195;land;false;plains;1
4299;198;183;209;land;false;plains;1
4300;191;180;247;land;false;plains;1
4301;229;175;249;land;false;plains;1
4302;177;176;175;land;false;plains;1
4303;252;210;136;land;true;plains;1
4304;251;60;218;land;false;plains;1
4305;182;227;115;land;false;plains;1
4306;117;148;242;land;false;plains;1
4307;163;197;164;land;false;plains;1
4308;207;233;194;land;false;plains;1
4309;173;233;195;land;false;plains;1
4310;212;232;119;land;false;plains;1
4311;124;231;206;land;false;plains;1
4312;184;252;77;land;false;plains;1
4313;94;231;221;land;false;plains;1
4314;254;87;175;land;false;plains;1
4315;223;126;168;land;false;plains;1
4316;126;148;233;land;false;plains;1
4317;126;249;231;land;false;plains;1
4318;178;208;248;land;false;plains;1
4319;204;83;248;land;false;plains;1
4320;250;220;121;land;false;plains;1
4321;250;115;178;land;false;plains;1
4322;157;216;209;land;false;plains;1
4323;197;182;154;land;false;plains;1
4324;110;252;143;land;false;plains;1
4325;238;208;232;land;false;plains;1
4326;216;210;173;land;false;plains;1
4327;251;224;43;land;false;plains;1
4328;226;240;80;land;false;plains;1
4329;224;122;167;land;false;plains;1
4330;253;27;234;land;true;plains;1
4331;241;217;204;land;false;plains;1
4332;228;121;163;land;false;plains;1
4333;251;235;249;land;false;plains;1
4334;229;251;163;land;false;plains;1
4335;243;235;41;land;false;plains;1
4336;223;188;212;land;true;plains;1
4337;250;49;214;land;false;plains;1
4338;103;232;249;land;false;plains;1
4339;249;111;157;land;false;plains;1
4340;193;135;174;land;false;plains;1
4341;55;250;197;land;false;plains;1
4342;134;251;218;land;false;plains;1
4343;231;241;238;land;false;plains;1
4344;217;193;124;land;false;plains;1
4345;168;218;166;land;false;plains;1
4346;246;214;63;land;false;plains;1
4347;180;152;218;land;false;plains;1
4348;214;211;108;land;false;plains;1
4349;181;139;219;land;false;plains;1
4350;252;174;108;land;false;plains;1
4351;226;214;181;land;false;plains;1
4352;193;221;177;land;false;plains;1
4353;232;220;104;land;false;plains;1
4354;162;187;209;land;false;plains;1
4355;243;219;193;land;false;plains;1
4356;215;215;115;land;false;plains;1
4357;173;158;177;land;false;plains;1
4358;163;250;226;land;false;plains;1
4359;228;250;181;land;false;plains;1
4360;208;224;147;land;false;plains;1
4361;199;164;193;land;false;plains;1
4362;244;254;73;land;false;plains;1
4363;233;104;211;land;false;plains;1
4364;193;192;132;land;false;plains;1
4365;246;111;235;land;false;plains;1
4366;245;208;103;land;false;plains;1
4367;229;111;206;land;false;plains;1
4368;149;233;155;land;false;plains;1
4369;117;198;217;land;false;plains;1
4370;170;247;89;land;false;plains;1
4371;190;204;120;land;false;plains;1
4372;99;171;251;land;false;plains;1
4373;218;130;226;land;false;plains;1
4374;246;246;78;land;false;plains;1
4375;38;240;234;land;false;plains;1
4376;202;211;109;land;false;plains;1
4377;250;122;179;land;false;plains;1
4378;172;234;112;land;false;plains;1
4379;227;163;249;land;false;plains;1
4380;202;201;214;land;false;plains;1
4381;234;199;117;land;false;plains;1
4382;221;137;252;land;false;plains;1
4383;143;144;236;land;false;plains;1
4384;230;182;169;land;false;plains;1
4385;236;187;166;land;false;plains;1
4386;220;227;225;land;false;plains;1
4387;208;249;106;land;false;plains;1
4388;79;236;248;land;false;plains;1
4389;210;165;159;land;false;plains;1
4390;196;210;215;land;false;plains;1
4391;221;161;241;land;true;plains;1
4392;207;87;252;land;false;plains;1
4393;135;253;155;land;false;plains;1
4394;225;129;248;land;true;plains;1
4395;156;165;202;land;false;plains;1
4396;217;199;150;land;false;plains;1
4397;61;252;197;land;false;plains;1
4398;160;213;172;land;true;plains;1
4399;178;252;226;land;false;plains;1
4400;112;212;252;land;false;plains;1
4401;252;252;62;land;false;plains;1
4402;194;244;212;land;false;plains;1
4403;210;227;186;land;false;plains;1
4404;117;250;225;land;false;plains;1
4405;190;243;107;land;false;plains;1
4406;239;129;192;land;false;plains;1
4407;253;247;68;land;false;plains;1
4408;192;234;78;land;false;plains;1
4409;221;226;229;land;false;plains;1
4410;234;101;215;land;false;plains;1
4411;244;184;83;land;false;plains;1
4412;144;174;240;land;false;plains;1
4413;214;163;135;land;false;plains;1
4414;125;236;186;land;true;plains;1
4415;226;240;189;land;false;plains;1
4416;188;157;207;land;false;plains;1
4417;85;232;224;land;false;plains;1
4418;164;230;232;land;false;plains;1
4419;227;58;241;land;false;plains;1
4420;217;234;131;land;false;plains;1
4421;233;135;178;land;false;plains;1
4422;252;158;99;land;false;plains;1
4423;221;198;175;land;false;plains;1
4424;245;136;250;land;false;plains;1
4425;58;243;251;land;false;plains;1
4426;239;162;129;land;false;plains;1
4427;188;222;244;land;false;plains;1
4428;53;252;214;land;false;plains;1
4429;171;222;230;land;false;plains;1
4430;184;232;250;land;true;plains;1
4431;233;159;119;land;false;plains;1
4432;124;159;254;land;false;plains;1
4433;96;244;251;land;false;plains;1
4434;252;253;25;land;false;plains;1
4435;195;96;236;land;false;plains;1
4436;206;141;176;land;false;plains;1
4437;229;246;111;land;false;plains;1
4438;187;129;231;land;false;plains;1
4439;249;211;167;land;false;plains;1
4440;173;242;188;land;true;plains;1
4441;173;201;166;land;false;plains;1
4442;155;147;239;land;false;plains;1
4443;204;246;194;land;false;plains;1
4444;63;219;237;land;false;plains;1
4445;245;246;117;land;false;plains;1
4446;185;240;209;land;false;plains;1
4447;221;166;167;land;false;plains;1
4448;157;177;233;land;false;plains;1
4449;239;127;177;land;false;plains;1
4450;235;205;75;land;false;plains;1
4451;195;184;168;land;false;plains;1
4452;220;174;139;land;false;plains;1
4453;231;186;237;land;false;plains;1
4454;122;204;212;land;false;plains;1
4455;155;246;231;land;false;plains;1
4456;212;89;251;land;false;plains;1
4457;253;237;184;land;false;plains;1
4458;214;183;248;land;false;plains;1
4459;204;247;240;land;false;plains;1
4460;112;240;152;land;false;plains;1
4461;243;95;173;land;false;plains;1
4462;178;252;119;land;false;plains;1
4463;216;203;96;land;false;plains;1
4464;231;144;240;land;false;plains;1
4465;252;47;210;land;false;plains;1
4466;241;155;144;land;false;plains;1
4467;253;214;198;land;false;plains;1
4468;197;239;88;land;false;plains;1
4469;238;191;247;land;false;plains;1
4470;187;190;199;land;false;plains;1
4471;86;251;185;land;false;plains;1
4472;123;161;249;land;false;plains;1
4473;101;228;246;land;false;plains;1
4474;169;233;220;land;true;plains;1
4475;138;218;196;land;false;plains;1
4476;202;243;186;land;false;plains;1
4477;166;185;190;land;false;plains;1
4478;225;156;214;land;false;plains;1
4479;222;84;235;land;false;plains;1
4480;194;240;155;land;false;plains;1
4481;251;187;187;land;false;plains;1
4482;251;204;228;land;false;plains;1
4483;183;220;132;land;false;plains;1
4484;222;189;93;land;false;plains;1
4485;207;184;213;land;false;plains;1
4486;195;186;209;land;false;plains;1
4487;196;134;233;land;false;plains;1
4488;243;93;233;land;false;plains;1
4489;182;235;250;land;false;plains;1
4490;141;173;201;land;false;plains;1
4491;242;71;223;land;false;plains;1
4492;109;189;250;land;false;plains;1
4493;157;193;214;land;false;plains;1
4494;166;221;195;land;false;plains;1
4495;245;250;131;land;false;plains;1
4496;254;215;99;land;false;plains;1
4497;193;226;91;land;false;plains;1
4498;235;170;122;land;false;plains;1
4499;253;157;121;land;false;plains;1
4500;191;236;110;land;false;plains;1
4501;254;203;69;land;false;plains;1
4502;183;180;197;land;false;plains;1
4503;205;213;229;land;false;plains;1
4504;234;215;155;land;false;plains;1
4505;247;201;200;land;false;plains;1
4506;187;192;209;land;false;plains;1
4507;77;233;252;land;false;plains;1
4508;213;225;65;land;true;plains;1
4509;210;151;158;land;false;plains;1
4510;160;238;167;land;false;plains;1
4511;157;166;222;land;false;plains;1
4512;222;249;128;land;false;plains;1
4513;203;180;212;land;false;plains;1
4514;243;189;239;land;false;plains;1
4515;203;239;124;land;false;plains;1
4516;189;92;242;land;false;plains;1
4517;163;97;251;land;false;plains;1
4518;216;214;214;land;false;plains;1
4519;121;205;196;land;false;plains;1
4520;85;210;222;land;false;plains;1
4521;143;156;214;land;true;plains;1
4522;184;152;186;land;false;plains;1
4523;180;146;184;land;false;plains;1
4524;183;138;235;land;false;plains;1
4525;220;245;163;land;true;plains;1
4526;199;241;109;land;false;plains;1
4527;192;203;112;land;false;plains;1
4528;251;215;212;land;false;plains;1
4529;251;143;187;land;false;plains;1
4530;163;202;209;land;false;plains;1
4531;218;173;139;land;false;plains;1
4532;220;229;85;land;false;plains;1
4533;143;158;236;land;false;plains;1
4534;83;221;220;land;false;plains;1
4535;237;239;203;land;false;plains;1
4536;44;219;242;land;false;plains;1
4537;246;239;67;land;false;plains;1
4538;154;128;223;land;false;plains;1
4539;241;151;176;land;false;plains;1
4540;212;110;186;land;false;plains;1
4541;99;226;212;land;false;plains;1
4542;30;254;229;land;false;plains;1
4543;225;254;202;land;false;plains;1
4544;121;155;239;land;false;plains;1
4545;246;156;133;land;false;plains;1
4546;248;63;240;land;false;plains;1
4547;194;107;204;land;false;plains;1
4548;222;206;193;land;false;plains;1
4549;231;248;162;land;false;plains;1
4550;250;150;207;land;false;plains;1
4551;178;234;164;land;false;plains;1
4552;243;155;210;land;false;plains;1
4553;113;196;229;land;false;plains;1
4554;123;214;228;land;false;plains;1
4555;207;185;149;land;false;plains;1
4556;121;161;250;land;false;plains;1
4557;188;115;207;land;false;plains;1
4558;193;211;130;land;false;plains;1
4559;173;247;176;land;false;plains;1
4560;167;101;247;land;false;plains;1
4561;245;167;108;land;false;plains;1
4562;230;226;250;land;false;plains;1
4563;199;206;115;land;false;plains;1
4564;225;130;150;land;true;plains;1
4565;210;187;149;land;false;plains;1
4566;197;213;202;land;false;plains;1
4567;226;196;170;land;false;plains;1
4568;208;128;192;land;false;plains;1
4569;230;139;162;land;false;plains;1
4570;235;179;211;land;false;plains;1
4571;208;235;136;land;false;plains;1
4572;171;110;238;land;false;plains;1
4573;214;191;153;land;false;plains;1
4574;137;129;253;land;false;plains;1
4575;193;129;239;land;false;plains;1
4576;173;175;185;land;true;plains;1
4577;244;86;172;land;false;plains;1
4578;193;174;245;land;true;plains;1
4579;212;183;175;land;false;plains;1
4580;203;201;173;land;false;plains;1
4581;106;231;205;land;false;plains;1
4582;159;194;252;land;false;plains;1
4583;237;92;228;land;false;plains;1
4584;234;228;76;land;false;plains;1
4585;225;226;164;land;false;plains;1
4586;235;137;177;land;false;plains;1
4587;209;206;193;land;false;plains;1
4588;165;158;204;land;false;plains;1
4589;135;225;185;land;false;plains;1
4590;222;241;193;land;false;plains;1
4591;245;217;81;land;false;plains;1
4592;221;252;124;land;false;plains;1
4593;196;232;253;land;false;plains;1
4594;162;173;206;land;true;plains;1
4595;177;252;236;land;false;plains;1
4596;225;169;113;land;false;plains;1
4597;174;230;130;land;false;plains;1
4598;240;233;179;land;false;plains;1
4599;242;208;181;land;false;plains;1
4600;134;207;243;land;false;plains;1
4601;254;142;105;land;false;plains;1
4602;174;172;210;land;false;plains;1
4603;186;216;185;land;false;plains;1
4604;247;252;181;land;false;plains;1
4605;253;177;189;land;false;plains;1
4606;226;200;128;land;false;plains;1
4607;246;242;75;land;false;plains;1
4608;220;240;190;land;false;plains;1
4609;118;223;162;land;false;plains;1
4610;209;109;193;land;false;plains;1
4611;232;206;158;land;false;plains;1
4612;250;218;184;land;false;plains;1
4613;239;61;238;land;true;plains;1
4614;190;151;194;land;false;plains;1
4615;254;152;167;land;false;plains;1
4616;219;225;63;land;false;plains;1
4617;201;241;145;land;false;plains;1
4618;235;141;249;land;false;plains;1
4619;231;92;236;land;false;plains;1
4620;214;221;99;land;false;plains;1
4621;220;170;144;land;false;plains;1
4622;67;195;245;land;false;plains;1
4623;229;103;227;land;false;plains;1
4624;65;231;250;land;false;plains;1
4625;235;175;146;land;false;plains;1
4626;190;187;193;land;false;plains;1
4627;204;102;243;land;false;plains;1
4628;131;250;170;land;false;plains;1
4629;215;244;170;land;false;plains;1
4630;197;53;252;land;false;plains;1
4631;202;190;121;land;false;plains;1
4632;252;206;92;land;false;plains;1
4633;181;198;172;land;false;plains;1
4634;190;146;166;land;false;plains;1
4635;143;211;182;land;false;plains;1
4636;244;180;172;land;false;plains;1
4637;212;135;250;land;false;plains;1
4638;138;238;160;land;false;plains;1
4639;191;220;109;land;false;plains;1
4640;239;121;201;land;false;plains;1
4641;221;108;193;land;false;plains;1
4642;247;20;234;land;false;plains;1
4643;165;234;249;land;false;plains;1
4644;153;157;225;land;false;plains;1
4645;204;219;192;land;false;plains;1
4646;225;186;119;land;false;plains;1
4647;119;229;205;land;false;plains;1
4648;135;232;235;land;false;plains;1
4649;245;202;226;land;false;plains;1
4650;243;114;154;land;false;plains;1
4651;95;249;181;land;false;plains;1
4652;98;239;248;land;false;plains;1
4653;197;158;166;land;false;plains;1
4654;225;108;250;land;false;plains;1
4655;206;250;107;land;false;plains;1
4656;139;227;146;land;false;plains;1
4657;247;12;247;land;false;plains;1
4658;171;220;119;land;false;plains;1
4659;240;163;156;land;false;plains;1
4660;125;197;234;land;false;plains;1
4661;238;152;118;land;false;plains;1
4662;248;247;34;land;false;plains;1
4663;230;198;227;land;false;plains;1
4664;202;95;235;land;false;plains;1
4665;112;193;205;land;false;plains;1
4666;110;234;172;land;false;plains;1
4667;160;159;230;land;false;plains;1
4668;251;142;232;land;false;plains;1
4669;194;205;202;land;false;plains;1
4670;133;202;240;land;false;plains;1
4671;148;158;218;land;false;plains;1
4672;206;225;202;land;true;plains;1
4673;183;248;133;land;false;plains;1
4674;222;124;224;land;false;plains;1
4675;199;212;193;land;false;plains;1
4676;162;211;234;land;false;plains;1
4677;49;239;227;land;false;plains;1
4678;108;230;166;land;false;plains;1
4679;207;142;203;land;false;plains;1
4680;253;215;171;land;false;plains;1
4681;208;190;200;land;false;plains;1
4682;251;177;143;land;false;plains;1
4683;161;233;185;land;false;plains;1
4684;243;98;202;land;false;plains;1
4685;217;192;156;land;false;plains;1
4686;212;160;132;land;false;plains;1
4687;207;191;209;land;false;plains;1
4688;107;246;218;land;false;plains;1
4689;186;208;135;land;false;plains;1
4690;80;178;245;land;false;plains;1
4691;245;225;123;land;false;plains;1
4692;123;201;242;land;false;plains;1
4693;199;108;232;land;false;plains;1
4694;207;105;196;land;false;plains;1
4695;212;224;218;land;false;plains;1
4696;168;130;230;land;false;plains;1
4697;185;169;169;land;false;plains;1
4698;208;208;97;land;false;plains;1
4699;231;76;220;land;false;plains;1
4700;161;162;225;land;false;plains;1
4701;210;198;109;land;false;plains;1
4702;234;126;141;land;false;plains;1
4703;200;238;84;land;false;plains;1
4704;196;246;79;land;false;plains;1
4705;244;225;155;land;false;plains;1
4706;167;212;184;land;false;plains;1
4707;222;152;217;land;false;plains;1
4708;229;97;218;land;false;plains;1
4709;196;185;183;land;false;plains;1
4710;240;241;167;land;false;plains;1
4711;163;247;161;land;false;plains;1
4712;243;214;121;land;false;plains;1
4713;201;194;232;land;false;plains;1
4714;184;202;240;land;false;plains;1
4715;225;173;152;land;false;plains;1
4716;224;94;183;land;false;plains;1
4717;232;145;237;land;false;plains;1
4718;191;57;254;land;false;plains;1
4719;216;220;124;land;false;plains;1
4720;169;141;198;land;false;plains;1
4721;78;251;180;land;false;plains;1
4722;158;208;240;land;false;plains;1
4723;190;238;192;land;false;plains;1
4724;197;249;251;land;false;plains;1
4725;183;116;227;land;true;plains;1
4726;178;171;171;land;false;plains;1
4727;147;183;241;land;false;plains;1
4728;163;196;175;land;false;plains;1
4729;197;85;226;land;false;plains;1
4730;244;240;77;land;false;plains;1
4731;232;98;234;land;false;plains;1
4732;120;173;232;land;false;plains;1
4733;207;141;167;land;false;plains;1
4734;190;189;188;land;false;plains;1
4735;172;220;131;land;false;plains;1
4736;162;175;177;land;false;plains;1
4737;219;226;68;land;true;plains;1
4738;132;246;141;land;false;plains;1
4739;209;218;194;land;false;plains;1
4740;254;189;224;land;false;plains;1
4741;212;125;174;land;false;plains;1
4742;178;153;186;land;false;plains;1
4743;238;55;209;land;false;plains;1
4744;131;241;181;land;false;plains;1
4745;198;185;192;land;false;plains;1
4746;166;145;219;land;false;plains;1
4747;231;238;57;land;false;plains;1
4748;243;245;98;land;false;plains;1
4749;156;180;227;land;false;plains;1
4750;198;246;136;land;false;plains;1
4751;254;115;149;land;false;plains;1
4752;211;187;218;land;false;plains;1
4753;168;240;149;land;false;plains;1
4754;205;164;135;land;false;plains;1
4755;227;206;129;land;false;plains;1
4756;198;235;122;land;false;plains;1
4757;205;171;125;land;false;plains;1
4758;90;189;238;land;false;plains;1
4759;174;221;132;land;true;plains;1
4760;253;114;160;land;false;plains;1
4761;142;227;184;land;true;plains;1
4762;244;220;79;land;false;plains;1
4763;111;208;186;land;false;plains;1
4764;195;128;187;land;false;plains;1
4765;150;194;191;land;false;plains;1
4766;188;204;132;land;false;plains;1
4767;155;161;199;land;false;plains;1
4768;239;250;103;land;false;plains;1
4769;189;169;212;land;false;plains;1
4770;206;158;186;land;false;plains;1
4771;125;224;250;land;false;plains;1
4772;247;230;219;land;false;plains;1
4773;235;204;107;land;false;plains;1
4774;191;88;225;land;false;plains;1
4775;189;193;165;land;false;plains;1
4776;135;139;231;land;false;plains;1
4777;251;209;227;land;false;plains;1
4778;248;114;221;land;false;plains;1
4779;236;161;129;land;false;plains;1
4780;171;230;147;land;false;plains;1
4781;104;237;164;land;false;plains;1
4782;246;130;142;land;false;plains;1
4783;239;221;224;land;false;plains;1
4784;178;210;240;land;false;plains;1
4785;225;229;129;land;false;plains;1
4786;83;240;224;land;false;plains;1
4787;120;249;229;land;false;plains;1
4788;137;137;247;land;false;plains;1
4789;186;192;229;land;true;plains;1
4790;172;93;239;land;false;plains;1
4791;203;178;157;land;false;plains;1
4792;250;129;157;land;false;plains;1
4793;238;197;252;land;false;plains;1
4794;165;146;238;land;false;plains;1
4795;216;85;239;land;false;plains;1
4796;232;232;203;land;false;plains;1
4797;204;142;240;land;true;plains;1
4798;108;172;226;land;false;plains;1
4799;150;245;149;land;false;plains;1
4800;241;63;200;land;false;plains;1
4801;253;130;207;land;false;plains;1
4802;175;223;179;land;false;plains;1
4803;86;213;238;land;false;plains;1
4804;195;224;183;land;false;plains;1
4805;89;232;214;land;false;plains;1
4806;196;114;195;land;false;plains;1
4807;178;205;183;land;false;plains;1
4808;99;170;241;land;false;plains;1
4809;152;243;194;land;false;plains;1
4810;216;153;254;land;false;plains;1
4811;205;186;191;land;false;plains;1
4812;43;239;222;land;false;plains;1
4813;242;54;247;land;false;plains;1
4814;243;166;195;land;false;plains;1
4815;253;161;151;land;false;plains;1
4816;245;50;252;land;true;plains;1
4817;245;207;72;land;false;plains;1
4818;221;228;176;land;false;plains;1
4819;110;237;169;land;false;plains;1
4820;143;254;198;land;false;plains;1
4821;88;230;208;land;true;plains;1
4822;145;249;109;land;false;plains;1
4823;251;119;235;land;false;plains;1
4824;242;185;141;land;false;plains;1
4825;204;136;183;land;false;plains;1
4826;124;247;191;land;false;plains;1
4827;27;246;245;land;false;plains;1
4828;236;241;238;land;false;plains;1
4829;219;131;213;land;false;plains;1
4830;216;194;172;land;false;plains;1
4831;89;252;229;land;false;plains;1
4832;171;193;211;land;true;plains;1
4833;77;248;223;land;false;plains;1
4834;184;231;168;land;false;plains;1
4835;254;247;63;land;false;plains;1
4836;88;218;232;land;false;plains;1
4837;248;114;207;land;false;plains;1
4838;244;185;232;land;false;plains;1
4839;214;155;163;land;false;plains;1
4840;207;164;168;land;false;plains;1
4841;140;246;117;land;false;plains;1
4842;220;69;246;land;false;plains;1
4843;249;136;168;land;false;plains;1
4844;194;197;118;land;false;plains;1
4845;239;254;177;land;false;plains;1
4846;156;250;141;land;true;plains;1
4847;196;96;238;land;false;plains;1
4848;253;41;231;land;false;plains;1
4849;254;190;164;land;false;plains;1
4850;199;195;118;land;false;plains;1
4851;149;158;226;land;false;plains;1
4852;241;235;116;land;false;plains;1
4853;222;164;234;land;false;plains;1
4854;160;230;126;land;false;plains;1
4855;220;222;68;land;false;plains;1
4856;196;121;238;land;false;plains;1
4857;214;63;233;land;false;plains;1
4858;200;234;189;land;true;plains;1
4859;169;249;241;land;false;plains;1
4860;154;177;219;land;false;plains;1
4861;192;224;160;land;false;plains;1
4862;244;180;213;land;false;plains;1
4863;152;155;235;land;false;plains;1
4864;202;122;186;land;false;plains;1
4865;237;103;182;land;false;plains;1
4866;165;92;252;land;false;plains;1
4867;214;239;219;land;false;plains;1
4868;74;216;243;land;false;plains;1
4869;244;152;177;land;false;plains;1
4870;196;252;187;land;false;plains;1
4871;210;180;221;land;false;plains;1
4872;119;145;247;land;false;plains;1
4873;174;238;233;land;false;plains;1
4874;55;210;253;land;false;plains;1
4875;195;142;169;land;false;plains;1
4876;249;194;62;land;false;plains;1
4877;236;207;154;land;false;plains;1
4878;212;243;227;land;false;plains;1
4879;144;183;218;land;false;plains;1
4880;234;70;203;land;false;plains;1
4881;180;177;248;land;false;plains;1
4882;217;205;139;land;false;plains;1
4883;223;217;83;land;false;plains;1
4884;149;151;235;land;false;plains;1
4885;57;248;248;land;false;plains;1
4886;210;208;241;land;false;plains;1
4887;193;202;150;land;false;plains;1
4888;191;124;240;land;false;plains;1
4889;148;121;244;land;false;plains;1
4890;133;236;226;land;false;plains;1
4891;235;91;228;land;false;plains;1
4892;145;251;142;land;false;plains;1
4893;176;251;177;land;false;plains;1
4894;180;143;235;land;false;plains;1
4895;199;253;60;land;false;plains;1
4896;222;250;160;land;false;plains;1
4897;224;112;245;land;false;plains;1
4898;233;209;254;land;false;plains;1
4899;231;159;167;land;false;plains;1
4900;217;108;185;land;false;plains;1
4901;187;250;65;land;false;plains;1
4902;212;230;172;land;false;plains;1
4903;238;216;145;land;false;plains;1
4904;246;205;58;land;false;plains;1
4905;170;210;153;land;false;plains;1
4906;220;98;184;land;true;plains;1
4907;242;209;220;land;false;plains;1
4908;231;228;146;land;false;plains;1
4909;192;83;250;land;false;plains;1
4910;95;221;201;land;false;plains;1
4911;198;247;230;land;false;plains;1
4912;234;237;249;land;false;plains;1
4913;242;134;223;land;false;plains;1
4914;131;245;251;land;false;plains;1
4915;173;229;108;land;false;plains;1
4916;218;235;115;land;false;plains;1
4917;186;86;233;land;false;plains;1
4918;174;172;246;land;false;plains;1
4919;189;211;163;land;false;plains;1
4920;249;140;184;land;false;plains;1
4921;203;140;242;land;false;plains;1
4922;47;244;229;land;false;plains;1
4923;237;179;151;land;false;plains;1
4924;247;156;117;land;false;plains;1
4925;156;179;244;land;false;plains;1
4926;126;231;237;land;false;plains;1
4927;207;215;213;land;false;plains;1
4928;160;240;161;land;false;plains;1
4929;103;196;239;land;false;plains;1
4930;217;219;243;land;false;plains;1
4931;191;252;146;land;false;plains;1
4932;213;209;199;land;false;plains;1
4933;238;243;253;land;false;plains;1
4934;212;213;188;land;false;plains;1
4935;251;100;231;land;false;plains;1
4936;156;237;229;land;false;plains;1
4937;133;161;240;land;false;plains;1
4938;190;145;225;land;false;plains;1
4939;223;106;228;land;false;plains;1
4940;248;111;171;land;false;plains;1
4941;195;88;228;land;false;plains;1
4942;219;218;67;land;false;plains;1
4943;161;160;196;land;false;plains;1
4944;207;179;198;land;false;plains;1
4945;142;212;242;land;false;plains;1
4946;151;213;180;land;false;plains;1
4947;234;209;246;land;false;plains;1
4948;212;223;82;land;false;plains;1
4949;194;78;252;land;false;plains;1
4950;66;244;204;land;false;plains;1
4951;179;123;215;land;false;plains;1
4952;165;163;196;land;false;plains;1
4953;249;214;150;land;false;plains;1
4954;235;126;235;land;false;plains;1
4955;136;153;250;land;false;plains;1
4956;220;94;207;land;false;plains;1
4957;219;180;122;land;false;plains;1
4958;114;166;233;land;false;plains;1
4959;192;167;207;land;false;plains;1
4960;246;203;242;land;false;plains;1
4961;145;216;196;land;false;plains;1
4962;219;173;195;land;false;plains;1
4963;248;248;10;land;false;plains;1
4964;117;223;162;land;false;plains;1
4965;248;163;218;land;false;plains;1
4966;230;138;254;land;false;plains;1
4967;245;154;190;land;false;plains;1
4968;218;219;206;land;false;plains;1
4969;131;136;243;land;false;plains;1
4970;144;245;159;land;false;plains;1
4971;131;118;252;land;false;plains;1
4972;140;131;230;land;true;plains;1
4973;119;199;194;land;true;plains;1
4974;114;211;225;land;false;plains;1
4975;190;123;229;land;false;plains;1
4976;206;201;245;land;false;plains;1
4977;100;201;254;land;false;plains;1
4978;148;199;174;land;false;plains;1
4979;204;223;225;land;false;plains;1
4980;237;94;190;land;false;plains;1
4981;141;227;166;land;false;plains;1
4982;95;251;254;land;false;plains;1
4983;247;108;234;land;false;plains;1
4984;159;226;123;land;false;plains;1
4985;207;143;207;land;false;plains;1
4986;245;20;239;land;false;plains;1
4987;158;234;150;land;false;plains;1
4988;247;228;182;land;false;plains;1
4989;62;247;215;land;false;plains;1
4990;242;136;134;land;false;plains;1
4991;226;67;208;land;false;plains;1
4992;178;203;235;land;false;plains;1
4993;151;192;162;land;false;plains;1
4994;126;232;163;land;false;plains;1
4995;225;192;182;land;false;plains;1
4996;180;192;228;land;false;plains;1
4997;213;157;175;land;false;plains;1
4998;195;172;143;land;false;plains;1
4999;239;126;245;land;false;plains;1
5000;192;231;105;land;false;plains;1
5001;214;114;183;land;false;plains;1
5002;189;177;215;land;false;plains;1
5003;46;241;229;land;false;plains;1
5004;215;236;60;land;false;plains;1
5005;252;201;223;land;false;plains;1
5006;184;224;116;land;false;plains;1
5007;226;144;253;land;false;plains;1
5008;243;229;83;land;false;plains;1
5009;152;171;238;land;false;plains;1
5010;193;237;186;land;false;plains;1
5011;207;223;120;land;false;plains;1
5012;242;232;102;land;false;plains;1
5013;115;238;212;land;false;plains;1
5014;218;58;252;land;false;plains;1
5015;162;228;250;land;false;plains;1
5016;204;214;251;land;false;plains;1
5017;234;166;239;land;false;plains;1
5018;249;163;207;land;false;plains;1
5019;230;248;103;land;false;plains;1
5020;233;193;198;land;false;plains;1
5021;77;241;246;land;false;plains;1
5022;203;136;244;land;false;plains;1
5023;242;92;233;land;false;plains;1
5024;158;191;206;land;false;plains;1
5025;126;236;253;land;false;plains;1
5026;95;208;211;land;false;plains;1
5027;236;148;214;land;false;plains;1
5028;197;239;80;land;false;plains;1
5029;181;169;168;land;false;plains;1
5030;203;249;239;land;false;plains;1
5031;237;235;80;land;false;plains;1
5032;239;106;247;land;false;plains;1
5033;239;250;215;land;false;plains;1
5034;200;201;133;land;false;plains;1
5035;251;184;226;land;false;plains;1
5036;242;177;217;land;false;plains;1
5037;163;226;245;land;false;plains;1
5038;156;189;165;land;false;plains;1
5039;125;235;224;land;false;plains;1
5040;231;176;135;land;false;plains;1
5041;76;250;207;land;false;plains;1
5042;208;229;209;land;false;plains;1
5043;230;247;125;land;false;plains;1
5044;127;224;213;land;false;plains;1
5045;164;147;243;land;false;plains;1
5046;115;185;208;land;false;plains;1
5047;184;126;203;land;false;plains;1
5048;203;243;162;land;false;plains;1
5049;157;161;246;land;false;plains;1
5050;143;235;246;land;false;plains;1
5051;153;130;234;land;false;plains;1
5052;229;199;133;land;false;plains;1
5053;240;234;33;land;false;plains;1
5054;204;81;227;land;false;plains;1
5055;221;102;190;land;false;plains;1
5056;176;211;183;land;true;plains;1
5057;198;185;153;land;false;plains;1
5058;135;195;206;land;false;plains;1
5059;95;228;179;land;false;plains;1
5060;244;185;181;land;false;plains;1
5061;197;196;212;land;false;plains;1
5062;195;118;206;land;false;plains;1
5063;249;184;251;land;false;plains;1
5064;240;250;58;land;false;plains;1
5065;183;249;207;land;false;plains;1
5066;153;191;182;land;false;plains;1
5067;143;238;122;land;false;plains;1
5068;172;243;236;land;false;plains;1
5069;252;173;187;land;false;plains;1
5070;164;237;165;land;false;plains;1
5071;134;237;138;land;false;plains;1
5072;75;196;236;land;false;plains;1
5073;220;215;98;land;false;plains;1
5074;184;253;110;land;false;plains;1
5075;178;202;126;land;false;plains;1
5076;248;254;75;land;false;plains;1
5077;77;219;238;land;false;plains;1
5078;173;211;143;land;false;plains;1
5079;219;198;107;land;false;plains;1
5080;171;243;110;land;false;plains;1
5081;198;141;179;land;false;plains;1
5082;220;170;112;land;false;plains;1
5083;177;231;231;land;false;plains;1
5084;86;229;229;land;false;plains;1
5085;195;66;248;land;false;plains;1
5086;232;216;61;land;false;plains;1
5087;192;223;131;land;false;plains;1
5088;230;156;174;land;false;plains;1
5089;232;229;63;land;false;plains;1
5090;147;252;116;land;false;plains;1
5091;192;203;117;land;false;plains;1
5092;211;176;137;land;false;plains;1
5093;226;228;101;land;false;plains;1
5094;170;199;235;land;false;plains;1
5095;102;245;191;land;true;plains;1
5096;188;176;212;land;false;plains;1
5097;240;178;128;land;false;plains;1
5098;218;166;163;land;false;plains;1
5099;119;230;155;land;false;plains;1
5100;204;162;188;land;false;plains;1
5101;158;243;166;land;false;plains;1
5102;249;122;245;land;false;plains;1
5103;184;163;204;land;false;plains;1
5104;227;126;167;land;false;plains;1
5105;208;227;241;land;false;plains;1
5106;101;199;211;land;false;plains;1
5107;224;123;217;land;false;plains;1
5108;249;199;191;land;false;plains;1
5109;154;214;157;land;true;plains;1
5110;109;248;188;land;false;plains;1
5111;118;231;186;land;false;plains;1
5112;236;156;181;land;true;plains;1
5113;246;84;254;land;false;plains;1
5114;143;217;181;land;false;plains;1
5115;162;86;254;land;false;plains;1
5116;85;239;253;land;true;plains;1
5117;219;68;221;land;false;plains;1
5118;224;234;192;land;false;plains;1
5119;223;83;220;land;false;plains;1
5120;253;241;181;land;false;plains;1
5121;240;90;224;land;false;plains;1
5122;198;179;151;land;false;plains;1
5123;223;143;174;land;false;plains;1
5124;240;153;219;land;false;plains;1
5125;241;254;188;land;false;plains;1
5126;107;245;207;land;false;plains;1
5127;120;235;243;land;false;plains;1
5128;198;119;224;land;false;plains;1
5129;116;166;247;land;false;plains;1
5130;198;243;204;land;false;plains;1
5131;238;189;134;land;false;plains;1
5132;221;226;176;land;false;plains;1
5133;226;177;131;land;false;plains;1
5134;52;253;222;land;false;plains;1
5135;222;136;237;land;false;plains;1
5136;223;185;125;land;false;plains;1
5137;91;231;232;land;false;plains;1
5138;191;114;224;land;false;plains;1
5139;179;206;238;land;false;plains;1
5140;234;191;128;land;false;plains;1
5141;252;215;139;land;false;plains;1
5142;159;208;247;land;false;plains;1
5143;104;233;195;land;false;plains;1
5144;180;94;248;land;false;plains;1
5145;209;233;166;land;false;plains;1
5146;238;79;221;land;false;plains;1
5147;240;56;231;land;false;plains;1
5148;235;207;115;land;false;plains;1
5149;187;162;229;land;false;plains;1
5150;229;203;117;land;false;plains;1
5151;239;232;52;land;false;plains;1
5152;205;76;228;land;false;plains;1
5153;158;218;237;land;false;plains;1
5154;230;189;229;land;false;plains;1
5155;162;172;245;land;false;plains;1
5156;170;196;242;land;false;plains;1
5157;223;199;178;land;false;plains;1
5158;224;172;235;land;false;plains;1
5159;241;171;106;land;false;plains;1
5160;208;98;205;land;false;plains;1
5161;178;226;113;land;false;plains;1
5162;138;228;192;land;false;plains;1
5163;142;211;196;land;false;plains;1
5164;217;208;252;land;false;plains;1
5165;185;240;172;land;false;plains;1
5166;78;181;248;land;false;plains;1
5167;176;216;214;land;false;plains;1
5168;110;223;200;land;false;plains;1
5169;214;181;162;land;false;plains;1
5170;240;216;66;land;false;plains;1
5171;216;194;180;land;false;plains;1
5172;195;219;91;land;false;plains;1
5173;136;235;193;land;false;plains;1
5174;214;244;247;land;false;plains;1
5175;231;242;232;land;false;plains;1
5176;200;241;116;land;false;plains;1
5177;239;217;123;land;false;plains;1
5178;100;178;246;land;false;plains;1
5179;89;172;248;land;false;plains;1
5180;251;226;59;land;false;plains;1
5181;215;125;195;land;false;plains;1
5182;121;233;217;land;false;plains;1
5183;114;207;254;land;false;plains;1
5184;229;160;167;land;false;plains;1
5185;170;250;130;land;false;plains;1
5186;203;131;201;land;false;plains;1
5187;152;190;197;land;true;plains;1
5188;73;225;222;land;false;plains;1
5189;98;209;216;land;false;plains;1
5190;240;238;26;land;false;plains;1
5191;198;153;227;land;false;plains;1
5192;234;218;87;land;false;plains;1
5193;146;224;154;land;false;plains;1
5194;93;217;243;land;false;plains;1
5195;188;185;133;land;false;plains;1
5196;245;186;121;land;true;plains;1
5197;242;249;156;land;false;plains;1
5198;224;123;205;land;false;plains;1
5199;176;244;237;land;false;plains;1
5200;125;250;246;land;false;plains;1
5201;224;118;188;land;false;plains;1
5202;71;224;233;land;true;plains;1
5203;151;230;217;land;false;plains;1
5204;180;249;98;land;false;plains;1
5205;193;158;241;land;false;plains;1
5206;206;97;198;land;false;plains;1
5207;236;161;111;land;false;plains;1
5208;121;232;178;land;false;plains;1
5209;217;220;253;land;true;plains;1
5210;113;251;158;land;false;plains;1
5211;209;156;170;land;false;plains;1
5212;212;184;189;land;false;plains;1
5213;216;217;165;land;false;plains;1
5214;233;176;194;land;false;plains;1
5215;248;237;196;land;true;plains;1
5216;211;232;194;land;false;plains;1
5217;131;223;231;land;true;plains;1
5218;212;231;243;land;false;plains;1
5219;224;240;177;land;false;plains;1
5220;246;95;177;land;false;plains;1
5221;227;224;241;land;false;plains;1
5222;161;199;165;land;false;plains;1
5223;194;116;199;land;false;plains;1
5224;235;231;193;land;false;plains;1
5225;199;216;145;land;false;plains;1
5226;220;232;186;land;false;plains;1
5227;203;169;206;land;false;plains;1
5228;152;214;235;land;false;plains;1
5229;245;87;254;land;false;plains;1
5230;222;172;175;land;false;plains;1
5231;242;141;163;land;false;plains;1
5232;213;221;144;land;false;plains;1
5233;190;199;125;land;true;plains;1
5234;179;151;185;land;false;plains;1
5235;188;224;114;land;false;plains;1
5236;61;254;209;land;false;plains;1
5237;233;184;125;land;false;plains;1
5238;198;189;176;land;false;plains;1
5239;164;187;217;land;false;plains;1
5240;209;232;60;land;false;plains;1
5241;217;242;98;land;false;plains;1
5242;183;240;194;land;false;plains;1
5243;244;90;177;land;false;plains;1
5244;162;253;144;land;false;plains;1
5245;146;232;166;land;false;plains;1
5246;178;240;248;land;false;plains;1
5247;208;170;183;land;false;plains;1
5248;223;215;141;land;false;plains;1
5249;126;201;187;land;true;plains;1
5250;142;226;156;land;false;plains;1
5251;229;126;191;land;false;plains;1
5252;180;233;224;land;false;plains;1
5253;148;253;126;land;true;plains;1
5254;155;254;146;land;false;plains;1
5255;184;173;227;land;false;plains;1
5256;169;143;228;land;false;plains;1
5257;75;229;226;land;false;plains;1
5258;249;152;201;land;false;plains;1
5259;199;173;196;land;false;plains;1
5260;236;208;89;land;false;plains;1
5261;234;163;207;land;false;plains;1
5262;123;174;206;land;false;plains;1
5263;246;79;210;land;false;plains;1
5264;217;191;180;land;false;plains;1
5265;236;130;232;land;false;plains;1
5266;174;248;242;land;false;plains;1
5267;175;240;96;land;false;plains;1
5268;240;239;243;land;false;plains;1
5269;245;246;235;land;false;plains;1
5270;184;232;122;land;false;plains;1
5271;219;254;196;land;false;plains;1
5272;212;168;142;land;false;plains;1
5273;231;84;240;land;false;plains;1
5274;183;114;247;land;false;plains;1
5275;238;101;243;land;false;plains;1
5276;212;135;207;land;false;plains;1
5277;185;221;159;land;false;plains;1
5278;220;36;250;land;false;plains;1
5279;205;185;135;land;false;plains;1
5280;244;136;121;land;false;plains;1
5281;69;230;220;land;false;plains;1
5282;229;131;243;land;false;plains;1
5283;241;142;166;land;false;plains;1
5284;230;111;235;land;false;plains;1
5285;249;241;116;land;false;plains;1
5286;241;218;247;land;false;plains;1
5287;99;190;229;land;false;plains;1
5288;225;227;55;land;false;plains;1
5289;210;141;182;land;false;plains;1
5290;250;196;233;land;false;plains;1
5291;243;214;212;land;false;plains;1
5292;67;226;252;land;false;plains;1
5293;249;209;94;land;false;plains;1
5294;233;212;187;land;false;plains;1
5295;129;213;218;land;false;plains;1
5296;200;235;130;land;false;plains;1
5297;189;153;251;land;true;plains;1
5298;142;213;155;land;false;plains;1
5299;188;192;156;land;false;plains;1
5300;171;237;246;land;false;plains;1
5301;233;186;150;land;false;plains;1
5302;238;211;88;land;false;plains;1
5303;220;199;218;land;false;plains;1
5304;122;206;181;land;false;plains;1
5305;241;168;210;land;false;plains;1
5306;114;214;202;land;false;plains;1
5307;123;212;250;land;false;plains;1
5308;232;85;204;land;false;plains;1
5309;226;213;227;land;false;plains;1
5310;74;224;212;land;false;plains;1
5311;136;167;223;land;false;plains;1
5312;174;238;151;land;false;plains;1
5313;132;220;247;land;false;plains;1
5314;178;246;159;land;false;plains;1
5315;148;250;238;land;false;plains;1
5316;170;214;134;land;false;plains;1
5317;154;207;172;land;false;plains;1
5318;252;168;240;land;false;plains;1
5319;177;252;170;land;false;plains;1
5320;110;239;251;land;false;plains;1
5321;145;215;236;land;false;plains;1
5322;163;193;169;land;false;plains;1
5323;254;226;105;land;true;plains;1
5324;231;187;100;land;false;plains;1
5325;251;231;106;land;false;plains;1
5326;250;189;232;land;false;plains;1
5327;141;185;226;land;false;plains;1
5328;209;211;211;land;false;plains;1
5329;240;81;227;land;false;plains;1
5330;236;175;125;land;true;plains;1
5331;232;153;129;land;false;plains;1
5332;207;167;208;land;false;plains;1
5333;251;176;228;land;false;plains;1
5334;236;114;245;land;false;plains;1
5335;51;239;235;land;false;plains;1
5336;89;188;226;land;false;plains;1
5337;205;206;240;land;true;plains;1
5338;132;182;212;land;false;plains;1
5339;207;217;194;land;false;plains;1
5340;123;229;198;land;false;plains;1
5341;228;223;150;land;false;plains;1
5342;124;242;174;land;false;plains;1
5343;227;98;227;land;false;plains;1
5344;233;196;195;land;false;plains;1
5345;132;203;201;land;false;plains;1
5346;236;93;223;land;false;plains;1
5347;184;210;219;land;false;plains;1
5348;215;221;81;land;false;plains;1
5349;150;219;142;land;false;plains;1
5350;128;218;161;land;false;plains;1
5351;113;211;202;land;false;plains;1
5352;254;143;104;land;false;plains;1
5353;193;179;133;land;false;plains;1
5354;164;232;202;land;false;plains;1
5355;187;142;241;land;false;plains;1
5356;192;214;234;land;false;plains;1
5357;212;187;192;land;false;plains;1
5358;239;56;237;land;false;plains;1
5359;237;212;184;land;false;plains;1
5360;254;112;158;land;false;plains;1
5361;90;229;221;land;false;plains;1
5362;252;116;241;land;true;plains;1
5363;225;250;99;land;false;plains;1
5364;216;193;234;land;false;plains;1
5365;229;221;123;land;true;plains;1
5366;248;204;157;land;false;plains;1
5367;239;237;60;land;false;plains;1
5368;250;242;167;land;false;plains;1
5369;244;219;217;land;false;plains;1
5370;129;254;139;land;false;plains;1
5371;242;203;245;land;false;plains;1
5372;227;129;245;land;false;plains;1
5373;243;146;158;land;false;plains;1
5374;209;208;249;land;false;plains;1
5375;55;251;251;land;false;plains;1
5376;203;209;242;land;false;plains;1
5377;228;252;90;land;true;plains;1
5378;233;158;115;land;false;plains;1
5379;145;183;195;land;false;plains;1
5380;231;175;131;land;false;plains;1
5381;234;241;183;land;false;plains;1
5382;179;152;216;land;false;plains;1
5383;115;182;218;land;false;plains;1
5384;227;106;204;land;false;plains;1
5385;243;215;203;land;false;plains;1
5386;82;216;250;land;false;plains;1
5387;131;254;136;land;false;plains;1
5388;238;179;223;land;false;plains;1
5389;65;210;242;land;false;plains;1
5390;217;233;101;land;false;plains;1
5391;108;230;250;land;false;plains;1
5392;185;226;249;land;false;plains;1
5393;210;189;147;land;false;plains;1
5394;169;106;249;land;true;plains;1
5395;180;220;214;land;false;plains;1
5396;132;150;236;land;false;plains;1
5397;123;206;224;land;false;plains;1
5398;224;152;233;land;false;plains;1
5399;204;203;141;land;false;plains;1
5400;252;213;145;land;false;plains;1
5401;248;231;74;land;false;plains;1
5402;183;196;253;land;false;plains;1
5403;121;253;148;land;false;plains;1
5404;165;190;207;land;false;plains;1
5405;254;189;247;land;false;plains;1
5406;59;241;229;land;false;plains;1
5407;192;140;175;land;false;plains;1
5408;238;179;136;land;false;plains;1
5409;180;241;238;land;false;plains;1
5410;223;252;249;land;false;plains;1
5411;54;246;229;land;false;plains;1
5412;213;86;240;land;false;plains;1
5413;237;160;138;land;false;plains;1
5414;82;224;235;land;false;plains;1
5415;213;195;160;land;false;plains;1
5416;248;153;177;land;false;plains;1
5417;229;227;188;land;false;plains;1
5418;215;143;182;land;false;plains;1
5419;52;249;230;land;true;plains;1
5420;238;131;190;land;false;plains;1
5421;227;224;125;land;false;plains;1
5422;220;219;67;land;false;plains;1
5423;174;171;213;land;false;plains;1
5424;77;195;252;land;false;plains;1
5425;178;237;105;land;false;plains;1
5426;191;189;227;land;true;plains;1
5427;154;107;252;land;false;plains;1
5428;244;224;164;land;false;plains;1
5429;225;148;207;land;false;plains;1
5430;232;244;60;land;false;plains;1
5431;53;237;235;land;false;plains;1
5432;166;149;236;land;false;plains;1
5433;200;170;149;land;false;plains;1
5434;238;150;216;land;false;plains;1
5435;228;117;225;land;false;plains;1
5436;208;250;151;land;false;plains;1
5437;215;243;252;land;false;plains;1
5438;148;198;177;land;false;plains;1
5439;196;243;74;land;false;plains;1
5440;207;198;185;land;false;plains;1
5441;254;174;120;land;false;plains;1
5442;253;140;137;land;false;plains;1
5443;214;117;253;land;false;plains;1
5444;156;153;211;land;false;plains;1
5445;206;232;162;land;false;plains;1
5446;176;220;247;land;false;plains;1
5447;203;204;245;land;false;plains;1
5448;182;222;138;land;false;plains;1
5449;100;211;221;land;false;plains;1
5450;230;211;155;land;false;plains;1
5451;244;142;166;land;false;plains;1
5452;228;221;221;land;false;plains;1
5453;61;215;235;land;false;plains;1
5454;213;171;121;land;false;plains;1
5455;129;166;234;land;false;plains;1
5456;244;139;217;land;false;plains;1
5457;206;252;141;land;false;plains;1
5458;246;127;159;land;false;plains;1
5459;219;129;221;land;false;plains;1
5460;196;220;148;land;false;plains;1
5461;250;19;241;land;false;plains;1
5462;232;190;96;land;true;plains;1
5463;245;109;181;land;false;plains;1
5464;166;164;202;land;false;plains;1
5465;156;175;248;land;false;plains;1
5466;202;219;161;land;true;plains;1
5467;172;124;252;land;false;plains;1
5468;167;154;218;land;false;plains;1
5469;227;185;214;land;true;plains;1
5470;247;234;244;land;false;plains;1
5471;201;195;215;land;false;plains;1
5472;181;247;154;land;false;plains;1
5473;81;220;229;land;false;plains;1
5474;155;252;203;land;false;plains;1
5475;251;231;126;land;false;plains;1
5476;196;203;107;land;false;plains;1
5477;159;200;230;land;false;plains;1
5478;172;151;208;land;false;plains;1
5479;229;188;117;land;false;plains;1
5480;210;145;241;land;false;plains;1
5481;203;205;225;land;false;plains;1
5482;190;199;127;land;false;plains;1
5483;219;61;223;land;false;plains;1
5484;196;198;162;land;false;plains;1
5485;219;168;197;land;false;plains;1
5486;100;243;243;land;false;plains;1
5487;147;240;169;land;false;plains;1
5488;187;76;249;land;false;plains;1
5489;254;208;162;land;false;plains;1
5490;182;134;206;land;false;plains;1
5491;191;140;190;land;false;plains;1
5492;236;254;120;land;false;plains;1
5493;253;13;235;land;false;plains;1
5494;206;178;157;land;false;plains;1
5495;155;234;183;land;false;plains;1
5496;216;170;190;land;false;plains;1
5497;203;191;119;land;false;plains;1
5498;185;139;227;land;false;plains;1
5499;237;217;252;land;false;plains;1
5500;238;233;234;land;false;plains;1
5501;169;179;173;land;false;plains;1
5502;202;166;192;land;false;plains;1
5503;227;195;198;land;false;plains;1
5504;249;177;86;land;false;plains;1
5505;173;177;239;land;false;plains;1
5506;246;78;245;land;false;plains;1
5507;105;179;254;land;false;plains;1
5508;218;192;145;land;false;plains;1
5509;235;130;198;land;false;plains;1
5510;224;185;229;land;false;plains;1
5511;248;149;178;land;false;plains;1
5512;221;183;197;land;false;plains;1
5513;233;185;155;land;false;plains;1
5514;228;135;165;land;false;plains;1
5515;133;188;204;land;false;plains;1
5516;228;172;163;land;false;plains;1
5517;187;211;121;land;false;plains;1
5518;149;172;248;land;false;plains;1
5519;226;72;246;land;false;plains;1
5520;182;250;171;land;false;plains;1
5521;130;168;205;land;false;plains;1
5522;252;244;146;land;false;plains;1
5523;116;211;175;land;false;plains;1
5524;149;172;227;land;false;plains;1
5525;191;246;236;land;false;plains;1
5526;199;222;120;land;false;plains;1
5527;198;210;199;land;false;plains;1
5528;212;215;240;land;false;plains;1
5529;127;245;147;land;false;plains;1
5530;218;162;131;land;false;plains;1
5531;172;124;247;land;false;plains;1
5532;249;222;191;land;true;plains;1
5533;192;163;172;land;false;plains;1
5534;223;197;146;land;false;plains;1
5535;133;223;162;land;false;plains;1
5536;211;246;185;land;false;plains;1
5537;240;215;189;land;false;plains;1
5538;254;125;211;land;false;plains;1
5539;214;215;171;land;false;plains;1
5540;216;129;217;land;false;plains;1
5541;239;137;244;land;false;plains;1
5542;238;234;78;land;false;plains;1
5543;209;250;144;land;false;plains;1
5544;182;245;244;land;false;plains;1
5545;157;231;203;land;false;plains;1
5546;174;146;209;land;false;plains;1
5547;189;178;216;land;false;plains;1
5548;229;134;178;land;false;plains;1
5549;252;62;211;land;false;plains;1
5550;187;246;119;land;false;plains;1
5551;162;233;244;land;false;plains;1
5552;133;243;174;land;false;plains;1
5553;137;216;203;land;false;plains;1
5554;99;168;248;land;false;plains;1
5555;220;220;170;land;false;plains;1
5556;191;208;230;land;true;plains;1
5557;172;113;221;land;false;plains;1
5558;199;243;149;land;true;plains;1
5559;143;205;163;land;false;plains;1
5560;206;184;136;land;false;plains;1
5561;92;232;184;land;false;plains;1
5562;180;177;210;land;false;plains;1
5563;180;252;138;land;false;plains;1
5564;165;203;163;land;false;plains;1
5565;232;170;137;land;false;plains;1
5566;153;216;207;land;false;plains;1
5567;215;105;223;land;false;plains;1
5568;212;66;228;land;false;plains;1
5569;215;185;225;land;false;plains;1
5570;120;221;218;land;false;plains;1
5571;234;209;247;land;false;plains;1
5572;237;174;210;land;false;plains;1
5573;240;105;181;land;false;plains;1
5574;248;100;161;land;false;plains;1
5575;205;241;61;land;false;plains;1
5576;230;182;107;land;false;plains;1
5577;237;149;159;land;false;plains;1
5578;128;185;238;land;true;plains;1
5579;226;207;208;land;false;plains;1
5580;231;180;172;land;false;plains;1
5581;200;140;192;land;false;plains;1
5582;212;251;123;land;false;plains;1
5583;205;113;213;land;false;plains;1
5584;121;220;254;land;false;plains;1
5585;208;247;160;land;false;plains;1
5586;156;254;105;land;false;plains;1
5587;251;247;102;land;false;plains;1
5588;235;244;203;land;false;plains;1
5589;224;230;246;land;false;plains;1
5590;202;231;210;land;false;plains;1
5591;63;203;237;land;false;plains;1
5592;47;206;253;land;false;plains;1
5593;249;245;195;land;false;plains;1
5594;146;198;238;land;false;plains;1
5595;124;195;239;land;false;plains;1
5596;165;197;229;land;false;plains;1
5597;217;102;185;land;false;plains;1
5598;234;121;191;land;false;plains;1
5599;198;141;238;land;false;plains;1
5600;239;248;207;land;true;plains;1
5601;252;148;202;land;false;plains;1
5602;134;227;207;land;false;plains;1
5603;254;199;236;land;false;plains;1
5604;99;207;245;land;false;plains;1
5605;244;195;201;land;false;plains;1
5606;235;225;186;land;false;plains;1
5607;98;184;250;land;false;plains;1
5608;53;240;242;land;false;plains;1
5609;236;186;114;land;false;plains;1
5610;207;127;231;land;false;plains;1
5611;184;252;100;land;false;plains;1
5612;232;133;210;land;false;plains;1
5613;243;128;177;land;false;plains;1
5614;219;178;128;land;false;plains;1
5615;218;251;83;land;false;plains;1
5616;161;214;150;land;false;plains;1
5617;206;180;164;land;false;plains;1
5618;157;136;223;land;false;plains;1
5619;136;125;251;land;false;plains;1
5620;200;162;191;land;false;plains;1
5621;217;95;207;land;false;plains;1
5622;117;200;227;land;true;plains;1
5623;220;208;228;land;false;plains;1
5624;107;236;198;land;false;plains;1
5625;218;158;152;land;false;plains;1
5626;171;235;233;land;false;plains;1
5627;223;40;254;land;false;plains;1
5628;106;174;246;land;false;plains;1
5629;202;209;205;land;false;plains;1
5630;211;164;220;land;true;plains;1
5631;215;194;237;land;false;plains;1
5632;211;244;125;land;false;plains;1
5633;128;230;166;land;false;plains;1
5634;207;225;158;land;false;plains;1
5635;147;247;116;land;false;plains;1
5636;160;235;150;land;false;plains;1
5637;240;112;225;land;false;plains;1
5638;231;212;160;land;true;plains;1
5639;225;204;152;land;false;plains;1
5640;112;234;163;land;false;plains;1
5641;184;166;187;land;false;plains;1
5642;230;228;43;land;false;plains;1
5643;238;205;174;land;false;plains;1
5644;217;198;194;land;false;plains;1
5645;249;112;144;land;false;plains;1
5646;220;252;171;land;false;plains;1
5647;160;164;254;land;false;plains;1
5648;241;172;203;land;false;plains;1
5649;183;138;195;land;false;plains;1
5650;171;180;205;land;true;plains;1
5651;217;84;204;land;false;plains;1
5652;225;131;161;land;false;plains;1
5653;173;209;147;land;false;plains;1
5654;198;141;203;land;false;plains;1
5655;213;165;159;land;false;plains;1
5656;233;247;198;land;false;plains;1
5657;254;187;216;land;false;plains;1
5658;202;240;172;land;false;plains;1
5659;194;209;144;land;false;plains;1
5660;201;186;247;land;false;plains;1
5661;183;176;191;land;false;plains;1
5662;170;247;116;land;true;plains;1
5663;218;182;252;land;false;plains;1
5664;240;186;243;land;false;plains;1
5665;221;146;195;land;false;plains;1
5666;246;197;147;land;false;plains;1
5667;165;231;126;land;false;plains;1
5668;244;178;153;land;false;plains;1
5669;223;237;246;land;false;plains;1
5670;186;217;243;land;false;plains;1
5671;126;194;221;land;false;plains;1
5672;171;192;151;land;false;plains;1
5673;249;140;159;land;false;plains;1
5674;81;215;254;land;false;plains;1
5675;242;137;168;land;false;plains;1
5676;228;170;187;land;false;plains;1
5677;168;240;248;land;true;plains;1
5678;240;236;214;land;false;plains;1
5679;177;179;189;land;false;plains;1
5680;237;202;253;land;false;plains;1
5681;218;170;139;land;false;plains;1
5682;210;186;238;land;false;plains;1
5683;236;173;110;land;false;plains;1
5684;254;168;229;land;false;plains;1
5685;215;204;121;land;false;plains;1
5686;208;88;237;land;false;plains;1
5687;89;166;248;land;false;plains;1
5688;217;143;254;land;true;plains;1
5689;164;100;239;land;false;plains;1
5690;242;204;70;land;false;plains;1
5691;206;243;58;land;false;plains;1
5692;136;171;221;land;false;plains;1
5693;229;80;233;land;false;plains;1
5694;214;253;231;land;false;plains;1
5695;113;220;188;land;false;plains;1
5696;200;131;182;land;false;plains;1
5697;67;252;244;land;false;plains;1
5698;152;199;241;land;false;plains;1
5699;238;214;221;land;false;plains;1
5700;138;235;240;land;false;plains;1
5701;183;182;138;land;false;plains;1
5702;184;242;131;land;false;plains;1
5703;121;207;185;land;false;plains;1
5704;211;157;246;land;false;plains;1
5705;107;171;232;land;false;plains;1
5706;205;165;176;land;false;plains;1
5707;199;75;251;land;false;plains;1
5708;210;148;151;land;false;plains;1
5709;99;233;240;land;false;plains;1
5710;203;242;250;land;false;plains;1
5711;241;134;221;land;false;plains;1
5712;71;239;208;land;false;plains;1
5713;211;145;217;land;false;plains;1
5714;123;177;224;land;false;plains;1
5715;239;39;239;land;false;plains;1
5716;238;160;162;land;false;plains;1
5717;237;231;142;land;false;plains;1
5718;115;211;207;land;false;plains;1
5719;157;233;203;land;false;plains;1
5720;178;247;171;land;false;plains;1
5721;164;212;168;land;false;plains;1
5722;73;234;201;land;false;plains;1
5723;251;164;169;land;false;plains;1
5724;251;254;188;land;false;plains;1
5725;249;152;137;land;false;plains;1
5726;208;240;200;land;false;plains;1
5727;172;235;183;land;true;plains;1
5728;226;207;228;land;false;plains;1
5729;235;204;109;land;false;plains;1
5730;226;244;233;land;false;plains;1
5731;228;215;149;land;true;plains;1
5732;238;238;246;land;false;plains;1
5733;251;112;142;land;false;plains;1
5734;88;253;251;land;false;plains;1
5735;214;246;127;land;false;plains;1
5736;179;153;236;land;false;plains;1
5737;204;124;213;land;false;plains;1
5738;202;250;240;land;false;plains;1
5739;185;222;199;land;false;plains;1
5740;212;191;173;land;false;plains;1
5741;242;224;175;land;false;plains;1
5742;111;180;250;land;true;plains;1
5743;132;222;192;land;false;plains;1
5744;233;141;186;land;false;plains;1
5745;144;197;248;land;false;plains;1
5746;246;149;195;land;false;plains;1
5747;123;219;207;land;false;plains;1
5748;183;76;251;land;false;plains;1
5749;138;204;173;land;false;plains;1
5750;197;162;144;land;false;plains;1
5751;219;233;52;land;false;plains;1
5752;105;195;226;land;false;plains;1
5753;238;83;246;land;false;plains;1
5754;213;222;167;land;false;plains;1
5755;194;190;142;land;false;plains;1
5756;133;218;156;land;false;plains;1
5757;200;234;141;land;false;plains;1
5758;121;233;222;land;false;plains;1
5759;129;238;143;land;false;plains;1
5760;117;235;225;land;false;plains;1
5761;214;221;171;land;false;plains;1
5762;119;203;233;land;false;plains;1
5763;92;251;227;land;true;plains;1
5764;206;215;201;land;false;plains;1
5765;175;244;249;land;false;plains;1
5766;121;254;223;land;false;plains;1
5767;133;219;150;land;false;plains;1
5768;195;241;228;land;false;plains;1
5769;181;137;227;land;false;plains;1
5770;148;206;204;land;false;plains;1
5771;166;93;251;land;false;plains;1
5772;200;181;220;land;false;plains;1
5773;192;227;116;land;false;plains;1
5774;147;193;179;land;false;plains;1
5775;238;109;220;land;false;plains;1
5776;247;164;225;land;false;plains;1
5777;233;240;49;land;false;plains;1
5778;48;247;254;land;false;plains;1
5779;246;135;225;land;false;plains;1
5780;201;206;198;land;false;plains;1
5781;235;138;139;land;true;plains;1
5782;225;98;227;land;false;plains;1
5783;206;204;156;land;false;plains;1
5784;211;175;141;land;false;plains;1
5785;178;236;204;land;false;plains;1
5786;138;196;195;land;false;plains;1
5787;217;136;233;land;true;plains;1
5788;194;204;213;land;false;plains;1
5789;247;252;60;land;false;plains;1
5790;151;214;154;land;false;plains;1
5791;206;254;162;land;false;plains;1
5792;181;189;225;land;true;plains;1
5793;192;206;197;land;false;plains;1
5794;129;228;202;land;false;plains;1
5795;228;150;124;land;false;plains;1
5796;152;254;167;land;false;plains;1
5797;148;224;185;land;false;plains;1
5798;227;189;100;land;false;plains;1
5799;199;218;231;land;false;plains;1
5800;139;240;228;land;false;plains;1
5801;234;95;194;land;false;plains;1
5802;177;179;147;land;false;plains;1
5803;195;228;127;land;false;plains;1
5804;195;216;148;land;false;plains;1
5805;211;227;148;land;false;plains;1
5806;235;235;34;land;false;plains;1
5807;253;208;165;land;false;plains;1
5808;245;89;203;land;false;plains;1
5809;197;221;186;land;false;plains;1
5810;163;207;155;land;false;plains;1
5811;233;249;87;land;false;plains;1
5812;239;62;221;land;false;plains;1
5813;68;233;211;land;false;plains;1
5814;163;233;140;land;false;plains;1
5815;210;253;232;land;false;plains;1
5816;251;163;201;land;false;plains;1
5817;46;228;244;land;false;plains;1
5818;205;187;216;land;true;plains;1
5819;245;251;25;land;false;plains;1
5820;170;242;179;land;false;plains;1
5821;123;211;204;land;true;plains;1
5822;205;247;120;land;false;plains;1
5823;97;181;244;land;false;plains;1
5824;150;164;224;land;false;plains;1
5825;226;197;179;land;false;plains;1
5826;248;188;88;land;false;plains;1
5827;68;198;238;land;false;plains;1
5828;195;208;165;land;false;plains;1
5829;167;222;214;land;false;plains;1
5830;214;141;148;land;false;plains;1
5831;60;254;219;land;false;plains;1
5832;245;142;218;land;false;plains;1
5833;114;242;147;land;false;plains;1
5834;168;243;122;land;false;plains;1
5835;137;134;233;land;false;plains;1
5836;244;201;242;land;false;plains;1
5837;196;253;54;land;false;plains;1
5838;176;204;244;land;false;plains;1
5839;130;182;247;land;false;plains;1
5840;211;190;151;land;false;plains;1
5841;206;248;254;land;true;plains;1
5842;168;200;144;land;false;plains;1
5843;179;200;137;land;false;plains;1
5844;247;180;147;land;false;plains;1
5845;226;95;186;land;false;plains;1
5846;135;224;207;land;false;plains;1
5847;61;253;217;land;false;plains;1
5848;95;196;225;land;false;plains;1
5849;121;195;229;land;false;plains;1
5850;206;109;188;land;false;plains;1
5851;236;42;254;land;false;plains;1
5852;150;228;138;land;false;plains;1
5853;187;172;166;land;false;plains;1
5854;159;141;250;land;false;plains;1
5855;203;189;231;land;false;plains;1
5856;236;205;123;land;false;plains;1
5857;243;243;212;land;false;plains;1
5858;241;64;232;land;false;plains;1
5859;105;194;222;land;true;plains;1
5860;71;232;240;land;false;plains;1
5861;203;186;115;land;false;plains;1
5862;140;188;224;land;false;plains;1
5863;252;154;174;land;false;plains;1
5864;123;163;245;land;false;plains;1
5865;242;251;135;land;false;plains;1
5866;224;122;203;land;false;plains;1
5867;246;218;87;land;false;plains;1
5868;214;201;188;land;false;plains;1
5869;173;163;181;land;false;plains;1
5870;132;223;156;land;false;plains;1
5871;226;99;217;land;false;plains;1
5872;116;243;168;land;false;plains;1
5873;157;230;231;land;false;plains;1
5874;135;186;254;land;false;plains;1
5875;196;207;98;land;false;plains;1
5876;253;237;240;land;false;plains;1
5877;244;90;209;land;false;plains;1
5878;237;237;157;land;false;plains;1
5879;226;218;58;land;false;plains;1
5880;205;117;182;land;false;plains;1
5881;218;219;229;land;false;plains;1
5882;253;238;227;land;false;plains;1
5883;246;223;63;land;false;plains;1
5884;181;240;192;land;false;plains;1
5885;135;201;241;land;false;plains;1
5886;137;127;240;land;false;plains;1
5887;178;237;218;land;false;plains;1
5888;213;193;176;land;false;plains;1
5889;82;180;247;land;false;plains;1
5890;233;166;108;land;false;plains;1
5891;133;167;227;land;true;plains;1
5892;201;221;223;land;false;plains;1
5893;127;157;248;land;false;plains;1
5894;194;190;140;land;false;plains;1
5895;224;251;199;land;false;plains;1
5896;237;198;93;land;false;plains;1
5897;86;239;251;land;false;plains;1
5898;114;219;211;land;false;plains;1
5899;248;170;128;land;false;plains;1
5900;254;94;217;land;false;plains;1
5901;227;251;148;land;false;plains;1
5902;143;176;218;land;false;plains;1
5903;235;209;113;land;false;plains;1
5904;194;188;226;land;false;plains;1
5905;222;215;118;land;false;plains;1
5906;214;101;238;land;false;plains;1
5907;234;13;254;land;false;plains;1
5908;193;142;243;land;false;plains;1
5909;238;208;229;land;false;plains;1
5910;198;172;131;land;true;plains;1
5911;118;205;249;land;false;plains;1
5912;209;166;137;land;false;plains;1
5913;103;228;210;land;false;plains;1
5914;109;251;147;land;false;plains;1
5915;176;192;176;land;false;plains;1
5916;137;213;155;land;false;plains;1
5917;193;158;222;land;false;plains;1
5918;224;48;241;land;false;plains;1
5919;218;137;191;land;false;plains;1
5920;213;250;224;land;false;plains;1
5921;107;219;243;land;false;plains;1
5922;200;186;167;land;false;plains;1
5923;233;176;179;land;false;plains;1
5924;238;237;101;land;false;plains;1
5925;145;229;189;land;false;plains;1
5926;195;233;99;land;false;plains;1
5927;243;138;181;land;false;plains;1
5928;218;87;212;land;false;plains;1
5929;193;238;190;land;false;plains;1
5930;108;222;221;land;false;plains;1
5931;244;148;151;land;false;plains;1
5932;106;248;193;land;false;plains;1
5933;225;253;250;land;false;plains;1
5934;72;247;222;land;false;plains;1
5935;132;184;230;land;false;plains;1
5936;146;254;147;land;false;plains;1
5937;49;239;215;land;false;plains;1
5938;220;130;154;land;false;plains;1
5939;199;224;222;land;false;plains;1
5940;220;168;237;land;false;plains;1
5941;184;167;193;land;false;plains;1
5942;237;191;212;land;false;plains;1
5943;252;219;251;land;true;plains;1
5944;176;223;133;land;false;plains;1
5945;31;250;234;land;false;plains;1
5946;70;194;239;land;false;plains;1
5947;196;243;111;land;false;plains;1
5948;228;160;214;land;false;plains;1
5949;218;70;217;land;false;plains;1
5950;252;96;228;land;false;plains;1
5951;202;235;192;land;false;plains;1
5952;175;235;241;land;false;plains;1
5953;59;232;217;land;false;plains;1
5954;251;20;248;land;false;plains;1
5955;166;232;124;land;false;plains;1
5956;153;181;224;land;false;plains;1
5957;243;200;64;land;false;plains;1
5958;52;216;236;land;false;plains;1
5959;171;243;146;land;false;plains;1
5960;245;193;68;land;false;plains;1
5961;184;130;234;land;false;plains;1
5962;148;157;220;land;false;plains;1
5963;182;93;232;land;false;plains;1
5964;187;185;204;land;false;plains;1
5965;247;92;216;land;false;plains;1
5966;224;155;220;land;false;plains;1
5967;178;185;200;land;true;plains;1
5968;213;59;244;land;false;plains;1
5969;172;234;247;land;false;plains;1
5970;229;160;194;land;false;plains;1
5971;244;182;226;land;false;plains;1
5972;151;152;253;land;false;plains;1
5973;182;141;208;land;true;plains;1
5974;225;226;166;land;false;plains;1
5975;187;189;248;land;false;plains;1
5976;185;161;183;land;false;plains;1
5977;235;165;110;land;false;plains;1
5978;187;202;172;land;false;plains;1
5979;207;249;173;land;false;plains;1
5980;247;126;136;land;false;plains;1
5981;61;253;248;land;false;plains;1
5982;201;221;79;land;false;plains;1
5983;173;126;244;land;false;plains;1
5984;140;220;180;land;false;plains;1
5985;230;181;108;land;false;plains;1
5986;215;207;138;land;false;plains;1
5987;175;222;109;land;false;plains;1
5988;220;160;204;land;false;plains;1
5989;203;120;247;land;false;plains;1
5990;214;222;65;land;false;plains;1
5991;243;226;124;land;false;plains;1
5992;118;177;232;land;false;plains;1
5993;222;67;224;land;false;plains;1
5994;178;179;243;land;false;plains;1
5995;254;246;97;land;false;plains;1
5996;238;194;191;land;false;plains;1
5997;163;150;242;land;false;plains;1
5998;195;231;187;land;false;plains;1
5999;102;251;181;land;false;plains;1
6000;174;243;158;land;false;plains;1
6001;240;120;233;land;false;plains;1
6002;253;247;106;land;false;plains;1
6003;225;182;244;land;false;plains;1
6004;133;232;244;land;false;plains;1
6005;209;208;158;land;false;plains;1
6006;231;172;129;land;false;plains;1
6007;78;247;249;land;false;plains;1
6008;247;202;172;land;false;plains;1
6009;222;61;237;land;false;plains;1
6010;187;242;123;land;false;plains;1
6011;251;244;204;land;false;plains;1
6012;244;155;204;land;false;plains;1
6013;208;237;155;land;true;plains;1
6014;240;144;170;land;false;plains;1
6015;215;244;216;land;false;plains;1
6016;236;158;214;land;false;plains;1
6017;240;153;108;land;false;plains;1
6018;112;231;218;land;false;plains;1
6019;173;138;211;land;false;plains;1
6020;186;199;132;land;false;plains;1
6021;252;120;224;land;false;plains;1
6022;218;236;91;land;false;plains;1
6023;223;65;231;land;false;plains;1
6024;221;161;163;land;false;plains;1
6025;66;230;220;land;false;plains;1
6026;242;163;227;land;true;plains;1
6027;245;238;93;land;false;plains;1
6028;223;164;216;land;false;plains;1
6029;189;248;124;land;false;plains;1
6030;170;217;225;land;false;plains;1
6031;248;218;244;land;false;plains;1
6032;190;175;161;land;false;plains;1
6033;131;202;168;land;false;plains;1
6034;207;247;55;land;false;plains;1
6035;149;248;187;land;false;plains;1
6036;116;161;228;land;false;plains;1
6037;234;193;116;land;false;plains;1
6038;156;183;207;land;false;plains;1
6039;193;75;236;land;false;plains;1
6040;245;100;161;land;false;plains;1
6041;230;166;165;land;false;plains;1
6042;181;249;79;land;false;plains;1
6043;234;89;209;land;false;plains;1
6044;245;196;74;land;false;plains;1
6045;232;212;57;land;false;plains;1
6046;235;238;172;land;false;plains;1
6047;55;254;200;land;true;plains;1
6048;137;223;218;land;false;plains;1
6049;250;254;216;land;true;plains;1
6050;241;252;12;land;false;plains;1
6051;161;209;145;land;false;plains;1
6052;185;174;216;land;false;plains;1
6053;236;106;179;land;false;plains;1
6054;203;157;197;land;false;plains;1
6055;203;118;254;land;false;plains;1
6056;157;254;127;land;false;plains;1
6057;239;248;22;land;false;plains;1
6058;102;237;170;land;false;plains;1
6059;246;168;168;land;false;plains;1
6060;239;253;204;land;false;plains;1
6061;221;105;188;land;false;plains;1
6062;164;232;126;land;false;plains;1
6063;204;251;136;land;false;plains;1
6064;185;209;174;land;false;plains;1
6065;226;173;178;land;false;plains;1
6066;214;213;253;land;true;plains;1
6067;195;242;139;land;false;plains;1
6068;56;254;247;land;false;plains;1
6069;174;195;154;land;false;plains;1
6070;233;153;168;land;false;plains;1
6071;237;146;216;land;false;plains;1
6072;211;92;227;land;false;plains;1
6073;22;242;242;land;false;plains;1
6074;164;247;114;land;false;plains;1
6075;144;212;179;land;false;plains;1
6076;230;39;241;land;false;plains;1
6077;167;120;252;land;false;plains;1
6078;63;235;220;land;false;plains;1
6079;221;94;228;land;false;plains;1
6080;235;84;228;land;false;plains;1
6081;53;235;242;land;false;plains;1
6082;53;237;225;land;false;plains;1
6083;225;209;207;land;false;plains;1
6084;232;144;212;land;true;plains;1
6085;131;212;172;land;false;plains;1
6086;242;165;133;land;false;plains;1
6087;237;170;222;land;false;plains;1
6088;200;187;160;land;false;plains;1
6089;247;171;139;land;false;plains;1
6090;193;110;207;land;true;plains;1
6091;118;217;199;land;false;plains;1
6092;229;126;237;land;false;plains;1
6093;254;118;236;land;false;plains;1
6094;126;216;160;land;false;plains;1
6095;154;157;229;land;false;plains;1
6096;222;229;90;land;false;plains;1
6097;155;188;211;land;false;plains;1
6098;149;171;206;land;false;plains;1
6099;169;248;194;land;false;plains;1
6100;251;230;240;land;false;plains;1
6101;218;89;200;land;false;plains;1
6102;203;193;233;land;false;plains;1
6103;160;235;109;land;false;plains;1
6104;240;157;123;land;false;plains;1
6105;244;223;175;land;false;plains;1
6106;217;232;244;land;false;plains;1
6107;230;241;44;land;false;plains;1
6108;220;226;171;land;false;plains;1
6109;230;194;220;land;false;plains;1
6110;227;45;244;land;false;plains;1
6111;234;219;163;land;false;plains;1
6112;91;205;214;land;false;plains;1
6113;165;236;166;land;false;plains;1
6114;137;236;216;land;false;plains;1
6115;191;73;252;land;false;plains;1
6116;250;239;23;land;false;plains;1
6117;208;247;219;land;false;plains;1
6118;234;224;157;land;false;plains;1
6119;140;184;207;land;false;plains;1
6120;235;197;227;land;false;plains;1
6121;219;69;235;land;false;plains;1
6122;164;187;186;land;false;plains;1
6123;170;206;192;land;false;plains;1
6124;246;87;191;land;false;plains;1
6125;194;184;223;land;false;plains;1
6126;222;204;108;land;false;plains;1
6127;182;231;94;land;false;plains;1
6128;193;223;157;land;false;plains;1
6129;187;92;247;land;false;plains;1
6130;41;252;248;land;true;plains;1
6131;252;161;126;land;true;plains;1
6132;81;234;227;land;false;plains;1
6133;122;234;191;land;false;plains;1
6134;231;80;201;land;false;plains;1
6135;226;247;134;land;false;plains;1
6136;209;102;236;land;false;plains;1
6137;219;124;158;land;false;plains;1
6138;183;229;144;land;false;plains;1
6139;189;215;140;land;false;plains;1
6140;196;199;191;land;false;plains;1
6141;225;214;128;land;false;plains;1
6142;225;176;140;land;false;plains;1
6143;250;177;175;land;false;plains;1
6144;244;56;214;land;false;plains;1
6145;110;251;219;land;false;plains;1
6146;216;147;209;land;false;plains;1
6147;156;217;174;land;false;plains;1
6148;131;248;190;land;false;plains;1
6149;181;189;190;land;false;plains;1
6150;237;128;228;land;true;plains;1
6151;230;219;76;land;false;plains;1
6152;94;244;201;land;false;plains;1
6153;216;196;98;land;false;plains;1
6154;229;253;49;land;false;plains;1
6155;230;238;161;land;true;plains;1
6156;159;145;213;land;false;plains;1
6157;236;227;200;land;false;plains;1
6158;214;165;160;land;false;plains;1
6159;194;204;193;land;false;plains;1
6160;252;136;211;land;false;plains;1
6161;202;194;147;land;false;plains;1
6162;207;69;245;land;false;plains;1
6163;230;124;207;land;false;plains;1
6164;201;205;216;land;false;plains;1
6165;189;170;157;land;false;plains;1
6166;244;181;178;land;false;plains;1
6167;254;198;140;land;false;plains;1
6168;241;112;177;land;false;plains;1
6169;242;81;249;land;false;plains;1
6170;221;122;207;land;false;plains;1
6171;92;161;249;land;false;plains;1
6172;89;221;226;land;false;plains;1
6173;179;198;220;land;false;plains;1
6174;222;96;236;land;false;plains;1
6175;231;249;159;land;false;plains;1
6176;154;253;109;land;false;plains;1
6177;109;232;248;land;false;plains;1
6178;166;220;185;land;false;plains;1
6179;86;221;243;land;false;plains;1
6180;213;90;213;land;false;plains;1
6181;207;166;183;land;false;plains;1
6182;222;75;224;land;false;plains;1
6183;219;232;165;land;false;plains;1
6184;210;146;176;land;false;plains;1
6185;197;113;251;land;false;plains;1
6186;180;134;208;land;false;plains;1
6187;206;103;198;land;false;plains;1
6188;231;152;181;land;false;plains;1
6189;82;168;252;land;false;plains;1
6190;72;203;244;land;false;plains;1
6191;252;22;253;land;false;plains;1
6192;229;250;60;land;false;plains;1
6193;229;235;130;land;false;plains;1
6194;221;89;252;land;false;plains;1
6195;202;69;244;land;false;plains;1
6196;226;221;249;land;false;plains;1
6197;246;205;111;land;false;plains;1
6198;241;233;79;land;false;plains;1
6199;177;161;183;land;false;plains;1
6200;154;214;183;land;false;plains;1
6201;230;240;167;land;false;plains;1
6202;191;88;223;land;false;plains;1
6203;175;169;210;land;false;plains;1
6204;253;129;127;land;false;plains;1
6205;189;212;217;land;false;plains;1
6206;250;241;186;land;false;plains;1
6207;242;170;159;land;false;plains;1
6208;227;173;238;land;false;plains;1
6209;175;207;223;land;false;plains;1
6210;231;224;156;land;false;plains;1
6211;101;202;204;land;false;plains;1
6212;217;211;131;land;false;plains;1
6213;239;253;55;land;false;plains;1
6214;124;235;171;land;false;plains;1
6215;199;165;170;land;false;plains;1
6216;238;209;187;land;false;plains;1
6217;242;216;179;land;false;plains;1
6218;194;218;151;land;false;plains;1
6219;245;206;162;land;false;plains;1
6220;229;201;85;land;false;plains;1
6221;230;218;146;land;false;plains;1
6222;79;202;223;land;false;plains;1
6223;190;105;230;land;false;plains;1
6224;159;108;252;land;false;plains;1
6225;211;233;143;land;true;plains;1
6226;172;206;210;land;false;plains;1
6227;242;124;175;land;false;plains;1
6228;251;176;134;land;false;plains;1
6229;249;86;184;land;false;plains;1
6230;124;254;199;land;false;plains;1
6231;243;120;147;land;false;plains;1
6232;253;50;248;land;false;plains;1
6233;200;163;221;land;false;plains;1
6234;138;249;158;land;false;plains;1
6235;232;227;63;land;false;plains;1
6236;81;208;228;land;false;plains;1
6237;223;208;82;land;false;plains;1
6238;248;247;230;land;false;plains;1
6239;147;208;219;land;true;plains;1
6240;220;202;80;land;false;plains;1
6241;233;197;75;land;false;plains;1
6242;220;249;184;land;false;plains;1
6243;236;83;243;land;false;plains;1
6244;123;201;185;land;false;plains;1
6245;165;234;155;land;false;plains;1
6246;242;86;186;land;false;plains;1
6247;231;206;251;land;false;plains;1
6248;247;43;244;land;false;plains;1
6249;247;66;201;land;false;plains;1
6250;138;242;174;land;false;plains;1
6251;175;103;244;land;false;plains;1
6252;230;128;224;land;false;plains;1
6253;176;240;161;land;false;plains;1
6254;232;207;139;land;false;plains;1
6255;146;238;161;land;false;plains;1
6256;220;235;99;land;false;plains;1
6257;203;202;223;land;false;plains;1
6258;253;79;226;land;false;plains;1
6259;213;137;216;land;false;plains;1
6260;207;202;147;land;false;plains;1
6261;181;208;112;land;false;plains;1
6262;22;249;236;land;false;plains;1
6263;247;218;111;land;false;plains;1
6264;123;147;244;land;false;plains;1
6265;189;200;119;land;false;plains;1
6266;251;235;244;land;false;plains;1
6267;83;245;214;land;false;plains;1
6268;224;66;251;land;false;plains;1
6269;90;176;253;land;false;plains;1
6270;236;191;211;land;false;plains;1
6271;237;152;221;land;false;plains;1
6272;185;204;150;land;false;plains;1
6273;201;232;180;land;false;plains;1
6274;235;85;220;land;false;plains;1
6275;216;134;157;land;true;plains;1
6276;251;222;54;land;false;plains;1
6277;248;251;69;land;false;plains;1
6278;186;205;124;land;false;plains;1
6279;163;243;192;land;false;plains;1
6280;182;238;248;land;false;plains;1
6281;154;199;235;land;false;plains;1
6282;183;196;254;land;false;plains;1
6283;194;187;189;land;false;plains;1
6284;234;198;239;land;false;plains;1
6285;190;175;185;land;false;plains;1
6286;160;253;220;land;false;plains;1
6287;244;214;58;land;false;plains;1
6288;190;188;192;land;false;plains;1
6289;108;221;175;land;false;plains;1
6290;18;248;246;land;false;plains;1
6291;245;147;130;land;false;plains;1
6292;233;231;86;land;false;plains;1
6293;156;206;230;land;false;plains;1
6294;202;245;88;land;false;plains;1
6295;248;24;246;land;false;plains;1
6296;184;131;195;land;false;plains;1
6297;216;134;221;land;true;plains;1
6298;176;180;186;land;false;plains;1
6299;237;222;173;land;false;plains;1
6300;123;205;173;land;false;plains;1
6301;229;198;188;land;false;plains;1
6302;144;168;242;land;false;plains;1
6303;145;183;205;land;false;plains;1
6304;184;217;225;land;false;plains;1
6305;212;200;134;land;false;plains;1
6306;249;216;161;land;false;plains;1
6307;238;160;223;land;false;plains;1
6308;204;63;237;land;false;plains;1
6309;198;180;167;land;false;plains;1
6310;238;79;197;land;false;plains;1
6311;95;204;231;land;false;plains;1
6312;213;186;181;land;false;plains;1
6313;232;53;251;land;false;plains;1
6314;150;234;162;land;false;plains;1
6315;228;200;225;land;false;plains;1
6316;243;252;129;land;false;plains;1
6317;125;241;207;land;false;plains;1
6318;239;72;242;land;false;plains;1
6319;91;206;204;land;false;plains;1
6320;243;222;63;land;false;plains;1
6321;122;231;161;land;false;plains;1
6322;157;191;201;land;true;plains;1
6323;243;60;201;land;false;plains;1
6324;167;221;239;land;false;plains;1
6325;234;97;195;land;false;plains;1
6326;239;110;195;land;true;plains;1
6327;249;243;91;land;false;plains;1
6328;148;198;186;land;false;plains;1
6329;242;249;94;land;false;plains;1
6330;177;117;244;land;false;plains;1
6331;160;147;228;land;false;plains;1
6332;237;39;244;land;false;plains;1
6333;193;181;174;land;false;plains;1
6334;152;190;232;land;false;plains;1
6335;157;172;189;land;false;plains;1
6336;175;238;252;land;false;plains;1
6337;105;247;240;land;false;plains;1
6338;204;217;220;land;false;plains;1
6339;231;95;254;land;false;plains;1
6340;69;205;243;land;false;plains;1
6341;81;233;241;land;false;plains;1
6342;228;142;233;land;false;plains;1
6343;126;247;143;land;false;plains;1
6344;232;66;225;land;false;plains;1
6345;131;235;176;land;false;plains;1
6346;251;209;146;land;false;plains;1
6347;143;248;214;land;false;plains;1
6348;191;112;221;land;false;plains;1
6349;223;244;124;land;false;plains;1
6350;127;243;144;land;false;plains;1
6351;82;231;189;land;false;plains;1
6352;214;201;155;land;false;plains;1
6353;28;248;254;land;false;plains;1
6354;242;99;187;land;false;plains;1
6355;163;223;123;land;false;plains;1
6356;227;212;88;land;false;plains;1
6357;250;209;108;land;false;plains;1
6358;77;225;218;land;false;plains;1
6359;130;163;254;land;false;plains;1
6360;182;226;232;land;false;plains;1
6361;228;223;212;land;false;plains;1
6362;205;129;192;land;false;plains;1
6363;68;254;238;land;false;plains;1
6364;223;237;234;land;false;plains;1
6365;232;248;75;land;false;plains;1
6366;213;227;231;land;false;plains;1
6367;196;193;167;land;false;plains;1
6368;64;216;250;land;false;plains;1
6369;220;182;158;land;false;plains;1
6370;70;211;254;land;false;plains;1
6371;221;150;144;land;false;plains;1
6372;209;228;135;land;false;plains;1
6373;147;251;123;land;false;plains;1
6374;185;182;163;land;true;plains;1
6375;228;158;173;land;false;plains;1
6376;144;142;227;land;false;plains;1
6377;227;148;237;land;false;plains;1
6378;186;214;179;land;false;plains;1
6379;178;144;204;land;false;plains;1
6380;202;195;177;land;false;plains;1
6381;199;94;224;land;false;plains;1
6382;247;224;155;land;false;plains;1
6383;209;214;103;land;false;plains;1
6384;252;219;188;land;false;plains;1
6385;252;94;233;land;false;plains;1
6386;92;243;204;land;false;plains;1
6387;230;126;196;land;false;plains;1
6388;160;179;239;land;false;plains;1
6389;228;247;139;land;false;plains;1
6390;187;173;199;land;false;plains;1
6391;229;230;122;land;false;plains;1
6392;210;223;106;land;false;plains;1
6393;241;249;15;land;false;plains;1
6394;234;194;102;land;false;plains;1
6395;101;242;179;land;true;plains;1
6396;193;181;199;land;false;plains;1
6397;159;254;238;land;false;plains;1
6398;191;218;184;land;false;plains;1
6399;233;158;195;land;false;plains;1
6400;228;242;220;land;false;plains;1
6401;242;202;141;land;false;plains;1
6402;250;217;155;land;false;plains;1
6403;147;228;194;land;false;plains;1
6404;230;133;146;land;false;plains;1
6405;162;246;249;land;false;plains;1
6406;184;137;253;land;false;plains;1
6407;220;249;231;land;false;plains;1
6408;186;220;214;land;false;plains;1
6409;220;238;163;land;false;plains;1
6410;165;178;247;land;false;plains;1
6411;147;109;248;land;false;plains;1
6412;231;243;93;land;false;plains;1
6413;231;225;244;land;false;plains;1
6414;110;251;230;land;false;plains;1
6415;133;216;229;land;false;plains;1
6416;205;233;212;land;false;plains;1
6417;174;216;192;land;false;plains;1
6418;151;119;249;land;false;plains;1
6419;219;121;196;land;false;plains;1
6420;77;208;241;land;false;plains;1
6421;161;178;194;land;false;plains;1
6422;219;141;210;land;false;plains;1
6423;236;203;206;land;true;plains;1
6424;132;196;210;land;false;plains;1
6425;216;167;134;land;true;plains;1
6426;224;143;188;land;true;plains;1
6427;211;107;190;land;false;plains;1
6428;152;212;237;land;false;plains;1
6429;133;207;234;land;false;plains;1
6430;228;158;151;land;false;plains;1
6431;137;218;193;land;false;plains;1
6432;146;215;148;land;false;plains;1
6433;183;170;177;land;false;plains;1
6434;204;103;247;land;false;plains;1
6435;242;224;194;land;false;plains;1
6436;140;170;231;land;false;plains;1
6437;217;159;144;land;false;plains;1
6438;142;215;193;land;false;plains;1
6439;234;72;214;land;false;plains;1
6440;135;238;192;land;false;plains;1
6441;211;230;182;land;false;plains;1
6442;180;181;195;land;false;plains;1
6443;249;107;154;land;false;plains;1
6444;171;187;245;land;false;plains;1
6445;179;189;162;land;false;plains;1
6446;166;133;206;land;false;plains;1
6447;235;168;246;land;false;plains;1
6448;209;254;145;land;false;plains;1
6449;180;183;154;land;false;plains;1
6450;222;253;209;land;false;plains;1
6451;246;242;82;land;false;plains;1
6452;195;202;172;land;false;plains;1
6453;209;217;199;land;false;plains;1
6454;182;178;207;land;false;plains;1
6455;142;219;234;land;false;plains;1
6456;243;210;201;land;false;plains;1
6457;242;177;250;land;true;plains;1
6458;231;229;248;land;false;plains;1
6459;153;217;158;land;false;plains;1
6460;149;165;205;land;false;plains;1
6461;250;230;226;land;true;plains;1
6462;95;240;187;land;false;plains;1
6463;181;246;122;land;false;plains;1
6464;129;159;215;land;false;plains;1
6465;132;192;189;land;false;plains;1
6466;139;225;149;land;false;plains;1
6467;235;225;128;land;false;plains;1
6468;203;188;246;land;false;plains;1
6469;231;215;212;land;false;plains;1
6470;192;151;233;land;false;plains;1
6471;188;210;237;land;false;plains;1
6472;239;235;120;land;false;plains;1
6473;232;79;205;land;false;plains;1
6474;186;138;202;land;false;plains;1
6475;229;210;132;land;false;plains;1
6476;208;49;246;land;false;plains;1
6477;208;221;247;land;false;plains;1
6478;181;222;150;land;false;plains;1
6479;202;119;216;land;false;plains;1
6480;251;117;252;land;false;plains;1
6481;229;220;119;land;false;plains;1
6482;201;199;175;land;false;plains;1
6483;223;214;103;land;false;plains;1
6484;180;145;199;land;false;plains;1
6485;138;249;159;land;false;plains;1
6486;47;214;243;land;false;plains;1
6487;221;160;207;land;false;plains;1
6488;98;206;220;land;false;plains;1
6489;169;121;238;land;false;plains;1
6490;191;155;220;land;false;plains;1
6491;165;187;157;land;false;plains;1
6492;245;244;156;land;false;plains;1
6493;248;233;60;land;false;plains;1
6494;230;198;132;land;false;plains;1
6495;195;239;132;land;false;plains;1
6496;243;224;62;land;false;plains;1
6497;244;99;243;land;false;plains;1
6498;105;191;211;land;false;plains;1
6499;124;178;226;land;false;plains;1
6500;240;146;227;land;false;plains;1
6501;119;238;204;land;false;plains;1
6502;247;214;175;land;false;plains;1
6503;214;174;221;land;false;plains;1
6504;211;213;223;land;false;plains;1
6505;193;254;59;land;true;plains;1
6506;162;230;225;land;false;plains;1
6507;232;213;148;land;false;plains;1
6508;206;188;226;land;false;plains;1
6509;238;63;205;land;false;plains;1
6510;230;149;167;land;true;plains;1
6511;93;247;196;land;false;plains;1
6512;201;142;209;land;false;plains;1
6513;224;250;252;land;false;plains;1
6514;187;241;232;land;false;plains;1
6515;177;195;241;land;false;plains;1
6516;196;250;160;land;false;plains;1
6517;189;90;231;land;false;plains;1
6518;170;251;174;land;false;plains;1
6519;228;216;177;land;false;plains;1
6520;218;206;128;land;true;plains;1
6521;83;219;224;land;false;plains;1
6522;244;252;118;land;false;plains;1
6523;155;254;219;land;false;plains;1
6524;176;219;219;land;false;plains;1
6525;196;191;142;land;false;plains;1
6526;56;248;250;land;true;plains;1
6527;203;170;245;land;false;plains;1
6528;248;185;249;land;false;plains;1
6529;169;185;217;land;false;plains;1
6530;166;234;197;land;false;plains;1
6531;98;201;205;land;false;plains;1
6532;108;243;187;land;false;plains;1
6533;124;224;199;land;false;plains;1
6534;154;174;180;land;true;plains;1
6535;216;248;98;land;false;plains;1
6536;119;227;192;land;false;plains;1
6537;127;210;241;land;false;plains;1
6538;144;133;231;land;false;plains;1
6539;228;242;225;land;false;plains;1
6540;150;233;159;land;false;plains;1
6541;219;218;181;land;false;plains;1
6542;248;235;218;land;false;plains;1
6543;235;180;245;land;false;plains;1
6544;208;81;245;land;false;plains;1
6545;184;189;232;land;false;plains;1
6546;188;90;228;land;false;plains;1
6547;243;28;235;land;false;plains;1
6548;206;145;213;land;false;plains;1
6549;199;245;156;land;false;plains;1
6550;228;212;140;land;true;plains;1
6551;243;51;252;land;false;plains;1
6552;226;162;204;land;false;plains;1
6553;215;218;201;land;false;plains;1
6554;90;218;216;land;false;plains;1
6555;235;182;245;land;false;plains;1
6556;147;238;254;land;false;plains;1
6557;247;30;252;land;false;plains;1
6558;213;232;100;land;false;plains;1
6559;193;143;246;land;false;plains;1
6560;170;175;209;land;false;plains;1
6561;150;231;192;land;false;plains;1
6562;243;165;218;land;false;plains;1
6563;213;222;194;land;false;plains;1
6564;173;165;206;land;false;plains;1
6565;168;154;247;land;false;plains;1
6566;202;206;145;land;false;plains;1
6567;218;137;249;land;true;plains;1
6568;227;218;230;land;false;plains;1
6569;136;220;178;land;false;plains;1
6570;242;249;51;land;false;plains;1
6571;234;64;218;land;false;plains;1
6572;183;249;176;land;false;plains;1
6573;165;209;209;land;false;plains;1
6574;144;148;232;land;false;plains;1
6575;215;172;249;land;false;plains;1
6576;141;140;244;land;false;plains;1
6577;237;236;217;land;false;plains;1
6578;85;187;239;land;false;plains;1
6579;203;249;204;land;false;plains;1
6580;141;237;186;land;false;plains;1
6581;75;236;222;land;false;plains;1
6582;29;239;245;land;false;plains;1
6583;248;142;165;land;false;plains;1
6584;188;247;135;land;false;plains;1
6585;210;236;204;land;false;plains;1
6586;98;196;249;land;false;plains;1
6587;43;250;253;land;false;plains;1
6588;180;234;172;land;false;plains;1
6589;244;142;220;land;false;plains;1
6590;238;253;148;land;false;plains;1
6591;188;99;223;land;false;plains;1
6592;179;173;155;land;false;plains;1
6593;243;74;222;land;false;plains;1
6594;207;154;210;land;false;plains;1
6595;220;96;227;land;false;plains;1
6596;215;208;95;land;false;plains;1
6597;159;211;172;land;false;plains;1
6598;155;233;245;land;true;plains;1
6599;139;250;248;land;false;plains;1
6600;245;250;90;land;false;plains;1
6601;192;161;242;land;false;plains;1
6602;233;117;198;land;false;plains;1
6603;131;230;207;land;false;plains;1
6604;217;246;87;land;false;plains;1
6605;117;212;203;land;false;plains;1
6606;197;201;184;land;false;plains;1
6607;232;239;38;land;false;plains;1
6608;185;235;171;land;false;plains;1
6609;177;158;182;land;false;plains;1
6610;188;177;163;land;false;plains;1
6611;244;122;147;land;false;plains;1
6612;167;251;254;land;false;plains;1
6613;235;248;205;land;false;plains;1
6614;147;177;229;land;false;plains;1
6615;146;156;244;land;false;plains;1
6616;158;172;242;land;false;plains;1
6617;217;132;223;land;false;plains;1
6618;201;164;187;land;false;plains;1
6619;123;161;239;land;false;plains;1
6620;214;135;215;land;false;plains;1
6621;250;241;211;land;false;plains;1
6622;189;250;148;land;false;plains;1
6623;109;222;226;land;false;plains;1
6624;254;82;250;land;false;plains;1
6625;199;200;217;land;false;plains;1
6626;252;173;153;land;true;plains;1
6627;202;136;205;land;false;plains;1
6628;193;194;159;land;false;plains;1
6629;158;249;102;land;false;plains;1
6630;140;161;233;land;false;plains;1
6631;149;222;156;land;false;plains;1
6632;210;191;140;land;false;plains;1
6633;157;251;121;land;false;plains;1
6634;166;110;233;land;false;plains;1
6635;131;216;217;land;false;plains;1
6636;78;247;179;land;false;plains;1
6637;116;200;228;land;false;plains;1
6638;228;155;214;land;false;plains;1
6639;157;219;217;land;false;plains;1
6640;109;217;205;land;false;plains;1
6641;80;206;241;land;false;plains;1
6642;218;143;186;land;false;plains;1
6643;161;201;141;land;false;plains;1
6644;244;240;135;land;false;plains;1
6645;202;191;185;land;false;plains;1
6646;204;196;199;land;false;plains;1
6647;184;167;169;land;false;plains;1
6648;152;242;113;land;false;plains;1
6649;138;217;205;land;false;plains;1
6650;169;172;205;land;false;plains;1
6651;250;231;250;land;false;plains;1
6652;253;130;122;land;false;plains;1
6653;240;228;96;land;false;plains;1
6654;218;155;222;land;false;plains;1
6655;171;239;142;land;false;plains;1
6656;192;145;196;land;false;plains;1
6657;209;91;201;land;false;plains;1
6658;161;238;157;land;false;plains;1
6659;137;199;254;land;false;plains;1
6660;223;59;251;land;false;plains;1
6661;239;33;252;land;false;plains;1
6662;205;254;158;land;false;plains;1
6663;253;181;251;land;false;plains;1
6664;218;177;171;land;false;plains;1
6665;248;242;212;land;false;plains;1
6666;176;216;169;land;false;plains;1
6667;108;235;252;land;false;plains;1
6668;186;246;178;land;false;plains;1
6669;159;225;159;land;false;plains;1
6670;164;196;212;land;false;plains;1
6671;199;133;183;land;false;plains;1
6672;118;250;174;land;false;plains;1
6673;239;219;72;land;false;plains;1
6674;249;74;251;land;false;plains;1
6675;237;217;188;land;false;plains;1
6676;244;179;91;land;false;plains;1
6677;219;242;225;land;false;plains;1
6678;247;172;172;land;false;plains;1
6679;237;188;158;land;false;plains;1
6680;172;204;136;land;false;plains;1
6681;243;237;31;land;false;plains;1
6682;212;152;194;land;false;plains;1
6683;205;252;110;land;false;plains;1
6684;243;210;209;land;true;plains;1
6685;68;207;249;land;false;plains;1
6686;238;199;189;land;false;plains;1
6687;142;248;116;land;false;plains;1
6688;217;253;223;land;false;plains;1
6689;191;93;251;land;false;plains;1
6690;79;205;219;land;false;plains;1
6691;240;249;132;land;false;plains;1
6692;173;247;99;land;false;plains;1
6693;219;184;187;land;false;plains;1
6694;210;180;197;land;false;plains;1
6695;224;202;91;land;false;plains;1
6696;254;124;162;land;false;plains;1
6697;71;218;249;land;false;plains;1
6698;248;153;143;land;false;plains;1
6699;155;250;129;land;false;plains;1
6700;196;249;61;land;false;plains;1
6701;138;143;226;land;false;plains;1
6702;151;171;251;land;false;plains;1
6703;184;182;243;land;false;plains;1
6704;198;179;228;land;false;plains;1
6705;193;248;250;land;false;plains;1
6706;250;220;73;land;false;plains;1
6707;187;164;198;land;false;plains;1
6708;253;158;205;land;false;plains;1
6709;144;230;163;land;false;plains;1
6710;199;142;224;land;false;plains;1
6711;250;216;219;land;false;plains;1
6712;234;221;81;land;false;plains;1
6713;198;187;160;land;false;plains;1
6714;228;237;86;land;false;plains;1
6715;239;115;206;land;false;plains;1
6716;120;172;245;land;false;plains;1
6717;90;248;241;land;false;plains;1
6718;208;90;252;land;false;plains;1
6719;226;140;225;land;false;plains;1
6720;140;232;171;land;false;plains;1
6721;237;227;99;land;false;plains;1
6722;213;155;172;land;false;plains;1
6723;204;241;224;land;false;plains;1
6724;191;251;207;land;false;plains;1
6725;222;131;245;land;false;plains;1
6726;247;157;118;land;false;plains;1
6727;213;104;237;land;false;plains;1
6728;205;187;121;land;false;plains;1
6729;228;199;113;land;false;plains;1
6730;249;195;233;land;false;plains;1
6731;55;252;209;land;true;plains;1
6732;143;132;248;land;false;plains;1
6733;187;233;158;land;false;plains;1
6734;238;197;232;land;false;plains;1
6735;246;160;236;land;false;plains;1
6736;165;226;135;land;false;plains;1
6737;195;126;246;land;false;plains;1
6738;224;239;98;land;false;plains;1
6739;250;199;164;land;false;plains;1
6740;185;242;175;land;false;plains;1
6741;226;90;195;land;false;plains;1
6742;190;166;211;land;false;plains;1
6743;98;237;211;land;false;plains;1
6744;231;180;244;land;false;plains;1
6745;168;206;246;land;false;plains;1
6746;207;222;253;land;false;plains;1
6747;254;216;150;land;true;plains;1
6748;253;196;142;land;false;plains;1
6749;210;220;252;land;false;plains;1
6750;226;101;241;land;false;plains;1
6751;69;226;249;land;false;plains;1
6752;187;184;130;land;true;plains;1
6753;228;54;250;land;false;plains;1
6754;181;192;150;land;false;plains;1
6755;108;249;220;land;false;plains;1
6756;175;244;129;land;false;plains;1
6757;159;181;182;land;true;plains;1
6758;213;254;235;land;false;plains;1
6759;189;207;197;land;true;plains;1
6760;187;96;238;land;false;plains;1
6761;81;238;232;land;false;plains;1
6762;190;237;240;land;true;plains;1
6763;158;250;189;land;false;plains;1
6764;177;182;171;land;false;plains;1
6765;223;226;68;land;false;plains;1
6766;188;213;163;land;false;plains;1
6767;123;199;207;land;false;plains;1
6768;251;220;231;land;false;plains;1
6769;249;240;240;land;true;plains;1
6770;207;200;157;land;false;plains;1
6771;107;222;183;land;false;plains;1
6772;254;204;165;land;true;plains;1
6773;138;159;252;land;false;plains;1
6774;233;212;194;land;true;plains;1
6775;249;122;202;land;false;plains;1
6776;95;195;228;land;true;plains;1
6777;203;249;175;land;true;plains;1
6778;188;78;250;land;true;plains;1
6779;205;155;145;land;false;plains;1
6780;158;127;237;land;true;plains;1
6781;204;161;160;land;false;plains;1
6782;144;170;193;land;true;plains;1
6783;232;222;54;land;false;plains;1
6784;152;180;216;land;false;plains;1
6785;193;204;202;land;false;plains;1
6786;174;171;161;land;true;plains;1
6787;183;123;238;land;false;plains;1
6788;235;148;144;land;false;plains;1
6789;223;89;208;land;false;plains;1
6790;171;243;226;land;false;plains;1
6791;238;115;156;land;false;plains;1
6792;148;237;162;land;true;plains;1
6793;154;239;229;land;false;plains;1
6794;248;168;232;land;true;plains;1
6795;203;129;169;land;false;plains;1
6796;154;187;202;land;false;plains;1
6797;118;166;253;land;false;plains;1
6798;105;182;245;land;false;plains;1
6799;221;83;239;land;false;plains;1
6800;225;164;160;land;false;plains;1
6801;214;254;206;land;false;plains;1
6802;142;253;233;land;false;plains;1
6803;127;125;252;land;false;plains;1
6804;153;149;232;land;true;plains;1
6805;230;166;202;land;true;plains;1
6806;193;239;170;land;false;plains;1
6807;177;243;184;land;false;plains;1
6808;50;243;235;land;true;plains;1
6809;158;221;231;land;true;plains;1
6810;192;236;130;land;true;plains;1
6811;218;116;226;land;false;plains;1
6812;186;104;245;land;true;plains;1
6813;70;211;238;land;false;plains;1
6814;245;124;224;land;false;plains;1
6815;155;157;251;land;true;plains;1
6816;186;138;238;land;false;plains;1
6817;224;125;184;land;true;plains;1
6818;105;248;228;land;false;plains;1
6819;204;215;105;land;false;plains;1
6820;253;249;31;land;true;plains;1
6821;210;97;250;land;false;plains;1
6822;214;222;183;land;true;plains;1
6823;161;195;153;land;false;plains;1
6824;209;253;49;land;false;plains;1
6825;222;153;180;land;true;plains;1
6826;204;193;234;land;false;plains;1
6827;248;54;213;land;false;plains;1
6828;184;165;238;land;false;plains;1
6829;239;219;247;land;true;plains;1
6830;254;212;213;land;true;plains;1
6831;231;164;162;land;false;plains;1
6832;206;210;202;land;true;plains;1
6833;252;113;222;land;false;plains;1
6834;150;189;184;land;false;plains;1
6835;171;200;230;land;false;plains;1
6836;181;184;198;land;false;plains;1
6837;214;159;206;land;true;plains;1
6838;61;216;243;land;false;plains;1
6839;238;222;157;land;false;plains;1
6840;174;156;242;land;false;plains;1
6841;214;253;249;land;true;plains;1
6842;206;182;235;land;false;plains;1
6843;196;234;163;land;false;plains;1
6844;179;132;203;land;false;plains;1
6845;223;240;229;land;true;plains;1
6846;208;56;250;land;false;plains;1
6847;103;164;235;land;false;plains;1
6848;200;130;178;land;false;plains;1
6849;201;132;206;land;true;plains;1
6850;197;249;81;land;false;plains;1
6851;218;97;207;land;false;plains;1
6852;158;203;232;land;false;plains;1
6853;81;192;238;land;true;plains;1
6854;217;209;208;land;true;plains;1
6855;166;240;119;land;false;plains;1
6856;143;161;228;land;false;plains;1
6857;123;239;149;land;true;plains;1
6858;234;248;117;land;false;plains;1
6859;201;120;217;land;true;plains;1
6860;230;189;216;land;true;plains;1
6861;231;145;211;land;false;plains;1
6862;244;163;216;land;false;plains;1
6863;167;140;222;land;true;plains;1
6864;239;225;224;land;false;plains;1
6865;252;97;195;land;true;plains;1
6866;121;225;238;land;true;plains;1
6867;225;241;83;land;true;plains;1
6868;246;205;209;land;false;plains;1
6869;237;66;229;land;true;plains;1
6870;188;223;221;land;false;plains;1
6871;122;202;233;land;false;plains;1
6872;170;153;229;land;true;plains;1
6873;232;244;228;land;false;plains;1
6874;163;212;157;land;false;plains;1
6875;233;99;246;land;true;plains;1
6876;100;237;206;land;false;plains;1
6877;226;187;174;land;true;plains;1
6878;129;214;222;land;false;plains;1
6879;252;124;147;land;false;plains;1
6880;201;54;253;land;false;plains;1
6881;162;191;148;land;false;plains;1
6882;231;91;188;land;false;plains;1
6883;134;132;253;land;true;plains;1
6884;208;151;209;land;true;plains;1
6885;158;208;244;land;false;plains;1
6886;80;232;241;land;false;plains;1
6887;186;95;228;land;true;plains;1
6888;116;177;211;land;false;plains;1
6889;209;198;143;land;false;plains;1
6890;87;190;253;land;true;plains;1
6891;218;187;130;land;false;plains;1
6892;128;211;220;land;false;plains;1
6893;245;170;214;land;false;plains;1
6894;153;199;152;land;true;plains;1
6895;207;234;133;land;false;plains;1
6896;213;123;237;land;false;plains;1
6897;250;225;190;land;false;plains;1
6898;171;229;150;land;true;plains;1
6899;235;155;176;land;false;plains;1
6900;221;70;231;land;false;plains;1
6901;46;236;253;land;false;plains;1
6902;223;225;141;land;false;plains;1
6903;212;117;235;land;false;plains;1
6904;249;250;126;land;false;plains;1
6905;241;83;188;land;false;plains;1
6906;103;246;250;land;true;plains;1
6907;84;254;209;land;false;plains;1
6908;214;116;208;land;false;plains;1
6909;172;222;146;land;false;plains;1
6910;152;226;233;land;false;plains;1
6911;248;174;169;land;false;plains;1
6912;134;180;211;land;false;plains;1
6913;252;102;243;land;false;plains;1
6914;117;248;216;land;false;plains;1
6915;158;145;238;land;true;plains;1
6916;203;229;126;land;false;plains;1
6917;247;227;145;land;false;plains;1
6918;72;213;223;land;false;plains;1
6919;107;156;247;land;false;plains;1
6920;231;235;144;land;false;plains;1
6921;164;225;250;land;false;plains;1
6922;162;206;155;land;true;plains;1
6923;147;214;217;land;false;plains;1
6924;247;201;129;land;false;plains;1
6925;84;227;218;land;false;plains;1
6926;234;129;250;land;false;plains;1
6927;96;252;196;land;false;plains;1
6928;195;147;166;land;false;plains;1
6929;197;116;242;land;true;plains;1
6930;240;130;204;land;true;plains;1
6931;247;159;201;land;false;plains;1
6932;93;196;235;land;true;plains;1
6933;217;192;186;land;true;plains;1
6934;211;224;74;land;true;plains;1
6935;238;77;232;land;true;plains;1
6936;194;243;100;land;true;plains;1
6937;191;216;241;land;false;plains;1
6938;47;250;247;land;false;plains;1
6939;245;101;253;land;true;plains;1
6940;42;211;248;land;false;plains;1
6941;220;161;173;land;true;plains;1
6942;173;236;173;land;true;plains;1
6943;176;229;111;land;true;plains;1
6944;141;197;213;land;false;plains;1
6945;187;106;226;land;false;plains;1
6946;152;237;211;land;false;plains;1
6947;183;111;253;land;false;plains;1
6948;184;226;229;land;false;plains;1
6949;217;126;218;land;false;plains;1
6950;204;201;142;land;false;plains;1
6951;250;103;249;land;false;plains;1
6952;158;227;209;land;false;plains;1
6953;146;114;248;land;false;plains;1
6954;143;170;218;land;false;plains;1
6955;188;216;203;land;true;plains;1
6956;195;211;106;land;true;plains;1
6957;245;206;54;land;false;plains;1
6958;185;150;187;land;false;plains;1
6959;215;156;152;land;false;plains;1
6960;210;217;79;land;true;plains;1
6961;154;189;216;land;true;plains;1
6962;149;250;250;land;false;plains;1
6963;202;59;244;land;false;plains;1
6964;238;245;142;land;false;plains;1
6965;192;206;104;land;true;plains;1
6966;142;163;250;land;false;plains;1
6967;151;140;237;land;false;plains;1
6968;231;117;233;land;false;plains;1
6969;159;219;142;land;true;plains;1
6970;101;157;245;land;false;plains;1
6971;156;238;135;land;false;plains;1
6972;230;154;172;land;false;plains;1
6973;82;217;242;land;false;plains;1
6974;211;130;182;land;false;plains;1
6975;123;248;194;land;false;plains;1
6976;122;240;171;land;false;plains;1
6977;243;60;249;land;false;plains;1
6978;254;189;169;land;false;plains;1
6979;231;254;112;land;false;plains;1
6980;233;248;244;land;false;plains;1
6981;200;218;125;land;true;plains;1
6982;46;249;206;land;false;plains;1
6983;170;214;184;land;false;plains;1
6984;143;250;137;land;false;plains;1
6985;159;251;179;land;true;plains;1
6986;218;184;130;land;false;plains;1
6987;173;217;215;land;false;plains;1
6988;77;213;247;land;true;plains;1
6989;225;129;250;land;false;plains;1
6990;140;242;138;land;false;plains;1
6991;204;183;168;land;false;plains;1
6992;191;251;134;land;false;plains;1
6993;124;124;253;land;false;plains;1
6994;208;238;208;land;true;plains;1
6995;158;215;153;land;false;plains;1
6996;97;166;246;land;false;plains;1
6997;222;248;192;land;false;plains;1
6998;177;225;128;land;false;plains;1
6999;117;205;218;land;true;plains;1
7000;143;188;221;land;false;plains;1
7001;229;209;237;land;false;plains;1
7002;232;242;115;land;true;plains;1
7003;246;64;241;land;false;plains;1
7004;198;176;198;land;true;plains;1
7005;176;159;194;land;false;plains;1
7006;252;203;210;land;false;plains;1
7007;250;73;209;land;false;plains;1
7008;184;124;222;land;false;plains;1
7009;226;245;81;land;false;plains;1
7010;200;180;156;land;false;plains;1
7011;195;209;236;land;false;plains;1
7012;154;245;206;land;false;plains;1
7013;246;225;71;land;false;plains;1
7014;176;231;242;land;false;plains;1
7015;216;180;224;land;false;plains;1
7016;227;63;214;land;false;plains;1
7017;195;135;239;land;true;plains;1
7018;55;253;212;land;false;plains;1
7019;60;253;214;land;false;plains;1
7020;230;248;48;land;false;plains;1
7021;192;239;193;land;false;plains;1
7022;74;247;212;land;true;plains;1
7023;240;248;201;land;false;plains;1
7024;217;195;100;land;true;plains;1
7025;247;116;236;land;false;plains;1
7026;201;201;103;land;false;plains;1
7027;101;253;193;land;false;plains;1
7028;168;149;254;land;false;plains;1
7029;77;232;229;land;false;plains;1
7030;107;196;212;land;false;plains;1
7031;237;126;236;land;true;plains;1
7032;247;180;244;land;false;plains;1
7033;253;250;116;land;false;plains;1
7034;252;245;204;land;false;plains;1
7035;189;211;133;land;false;plains;1
7036;243;64;236;land;false;plains;1
7037;251;215;73;land;false;plains;1
7038;193;199;165;land;false;plains;1
7039;151;245;217;land;false;plains;1
7040;230;171;153;land;false;plains;1
7041;241;138;178;land;false;plains;1
7042;99;234;225;land;false;plains;1
7043;194;101;223;land;false;plains;1
7044;161;134;230;land;false;plains;1
7045;131;220;190;land;false;plains;1
7046;112;209;186;land;false;plains;1
7047;245;157;211;land;false;plains;1
7048;251;234;86;land;false;plains;1
7049;237;232;33;land;true;plains;1
7050;243;187;109;land;false;plains;1
7051;220;139;225;land;false;plains;1
7052;224;127;203;land;false;plains;1
7053;157;169;239;land;false;plains;1
7054;149;220;165;land;false;plains;1
7055;251;215;145;land;false;plains;1
7056;32;251;226;land;false;plains;1
7057;169;204;219;land;false;plains;1
7058;212;135;174;land;false;plains;1
7059;236;118;187;land;false;plains;1
7060;231;227;44;land;false;plains;1
7061;190;213;136;land;false;plains;1
7062;124;220;199;land;false;plains;1
7063;236;111;211;land;false;plains;1
7064;208;191;169;land;true;plains;1
7065;139;246;118;land;false;plains;1
7066;237;171;107;land;true;plains;1
7067;155;122;253;land;false;plains;1
7068;174;182;147;land;false;plains;1
7069;165;161;215;land;true;plains;1
7070;206;240;213;land;false;plains;1
7071;192;153;204;land;false;plains;1
7072;100;226;199;land;false;plains;1
7073;238;230;118;land;true;plains;1
7074;198;226;152;land;true;plains;1
7075;245;36;244;land;false;plains;1
7076;233;187;189;land;true;plains;1
7077;55;229;217;land;false;plains;1
7078;254;230;171;land;false;plains;1
7079;252;158;224;land;false;plains;1
7080;177;178;185;land;false;plains;1
7081;246;75;223;land;true;plains;1
7082;169;238;150;land;false;plains;1
7083;210;245;209;land;false;plains;1
7084;150;203;252;land;false;plains;1
7085;245;144;125;land;false;plains;1
7086;247;223;162;land;false;plains;1
7087;239;220;141;land;false;plains;1
7088;103;174;233;land;false;plains;1
7089;238;204;155;land;true;plains;1
7090;185;220;149;land;false;plains;1
7091;134;185;213;land;false;plains;1
7092;184;104;214;land;false;plains;1
7093;192;241;194;land;false;plains;1
7094;87;238;220;land;false;plains;1
7095;216;147;161;land;true;plains;1
7096;91;246;234;land;true;plains;1
7097;122;186;252;land;false;plains;1
7098;175;247;153;land;false;plains;1
7099;226;163;135;land;false;plains;1
7100;211;160;234;land;false;plains;1
7101;116;216;193;land;false;plains;1
7102;65;242;253;land;false;plains;1
7103;226;121;248;land;false;plains;1
7104;96;251;253;land;true;plains;1
7105;246;253;198;land;false;plains;1
7106;187;173;168;land;false;plains;1
7107;141;174;220;land;false;plains;1
7108;179;161;208;land;false;plains;1
7109;241;81;208;land;false;plains;1
7110;185;169;166;land;true;plains;1
7111;218;130;247;land;false;plains;1
7112;253;4;251;land;true;plains;1
7113;133;199;223;land;false;plains;1
7114;228;187;185;land;false;plains;1
7115;215;66;230;land;false;plains;1
7116;193;172;214;land;false;plains;1
7117;247;147;221;land;false;plains;1
7118;151;230;125;land;false;plains;1
7119;254;222;208;land;false;plains;1
7120;231;236;38;land;false;plains;1
7121;145;144;247;land;false;plains;1
7122;76;231;252;land;false;plains;1
7123;127;213;165;land;false;plains;1
7124;249;129;254;land;false;plains;1
7125;216;253;127;land;true;plains;1
7126;235;212;170;land;false;plains;1
7127;221;183;225;land;false;plains;1
7128;192;190;176;land;false;plains;1
7129;141;238;247;land;false;plains;1
7130;215;135;189;land;false;plains;1
7131;171;105;250;land;false;plains;1
7132;213;204;132;land;false;plains;1
7133;196;230;183;land;false;plains;1
7134;177;189;144;land;false;plains;1
7135;207;173;176;land;false;plains;1
7136;242;238;208;land;false;plains;1
7137;242;226;90;land;false;plains;1
7138;238;221;142;land;false;plains;1
7139;142;127;247;land;false;plains;1
7140;154;221;206;land;false;plains;1
7141;235;184;189;land;false;plains;1
7142;106;222;217;land;false;plains;1
7143;222;136;242;land;false;plains;1
7144;204;173;218;land;false;plains;1
7145;239;142;248;land;false;plains;1
7146;213;240;210;land;true;plains;1
7147;159;187;198;land;false;plains;1
7148;114;234;242;land;false;plains;1
7149;208;166;233;land;false;plains;1
7150;189;218;161;land;true;plains;1
7151;196;190;127;land;false;plains;1
7152;221;253;99;land;false;plains;1
7153;158;135;248;land;false;plains;1
7154;250;172;139;land;false;plains;1
7155;230;152;186;land;false;plains;1
7156;237;182;164;land;false;plains;1
7157;202;127;176;land;false;plains;1
7158;254;230;101;land;false;plains;1
7159;134;205;164;land;false;plains;1
7160;153;178;246;land;false;plains;1
7161;209;179;179;land;false;plains;1
7162;236;150;206;land;false;plains;1
7163;237;219;173;land;false;plains;1
7164;232;156;171;land;false;plains;1
7165;209;235;217;land;false;plains;1
7166;169;200;252;land;false;plains;1
7167;249;213;119;land;false;plains;1
7168;235;203;186;land;false;plains;1
7169;231;66;210;land;false;plains;1
7170;93;211;251;land;false;plains;1
7171;246;116;169;land;false;plains;1
7172;195;254;232;land;false;plains;1
7173;231;224;217;land;false;plains;1
7174;213;121;201;land;false;plains;1
7175;124;222;183;land;false;plains;1
7176;248;98;193;land;false;plains;1
7177;247;209;103;land;false;plains;1
7178;226;213;233;land;false;plains;1
7179;120;250;241;land;false;plains;1
7180;215;209;89;land;false;plains;1
7181;181;245;244;land;false;plains;1
7182;197;194;222;land;false;plains;1
7183;112;207;207;land;false;plains;1
7184;233;239;248;land;false;plains;1
7185;235;180;124;land;false;plains;1
7186;203;254;214;land;false;plains;1
7187;214;163;209;land;false;plains;1
7188;142;228;221;land;false;plains;1
7189;230;113;225;land;false;plains;1
7190;232;113;162;land;false;plains;1
7191;246;194;160;land;false;plains;1
7192;187;196;221;land;false;plains;1
7193;58;220;238;land;false;plains;1
7194;214;243;216;land;false;plains;1
7195;214;219;167;land;false;plains;1
7196;245;219;61;land;false;plains;1
7197;216;144;249;land;false;plains;1
7198;188;143;240;land;false;plains;1
7199;249;198;168;land;false;plains;1
7200;128;240;218;land;true;plains;1
7201;156;152;229;land;false;plains;1
7202;205;247;190;land;false;plains;1
7203;240;222;174;land;false;plains;1
7204;222;95;196;land;false;plains;1
7205;195;222;203;land;false;plains;1
7206;244;226;233;land;false;plains;1
7207;185;225;254;land;false;plains;1
7208;150;233;196;land;false;plains;1
7209;234;225;162;land;false;plains;1
7210;243;130;211;land;false;plains;1
7211;252;108;202;land;true;plains;1
7212;135;242;229;land;false;plains;1
7213;183;154;218;land;false;plains;1
7214;122;239;206;land;false;plains;1
7215;216;206;137;land;true;plains;1
7216;212;129;184;land;false;plains;1
7217;187;117;238;land;true;plains;1
7218;250;120;138;land;true;plains;1
7219;141;147;223;land;false;plains;1
7220;231;230;61;land;false;plains;1
7221;199;168;213;land;false;plains;1
7222;131;244;212;land;false;plains;1
7223;225;225;139;land;false;plains;1
7224;188;221;135;land;false;plains;1
7225;195;150;226;land;true;plains;1
7226;210;217;100;land;false;plains;1
7227;234;207;161;land;false;plains;1
7228;218;215;247;land;false;plains;1
7229;181;176;179;land;false;plains;1
7230;117;217;188;land;false;plains;1
7231;235;231;109;land;false;plains;1
7232;236;203;173;land;false;plains;1
7233;215;196;159;land;false;plains;1
7234;238;150;119;land;false;plains;1
7235;169;247;209;land;false;plains;1
7236;212;144;146;land;false;plains;1
7237;165;253;220;land;false;plains;1
7238;220;180;116;land;false;plains;1
7239;207;226;162;land;false;plains;1
7240;199;155;252;land;true;plains;1
7241;159;147;214;land;false;plains;1
7242;219;231;177;land;false;plains;1
7243;207;230;233;land;false;plains;1
7244;211;234;65;land;true;plains;1
7245;233;198;88;land;false;plains;1
7246;195;228;103;land;false;plains;1
7247;206;174;209;land;false;plains;1
7248;235;99;221;land;false;plains;1
7249;160;131;242;land;true;plains;1
7250;232;202;114;land;false;plains;1
7251;218;203;111;land;false;plains;1
7252;191;131;249;land;false;plains;1
7253;227;205;160;land;false;plains;1
7254;222;234;47;land;true;plains;1
7255;233;74;203;land;false;plains;1
7256;201;119;201;land;true;plains;1
7257;130;236;243;land;false;plains;1
7258;237;234;37;land;false;plains;1
7259;117;226;222;land;false;plains;1
7260;197;124;181;land;false;plains;1
7261;215;234;57;land;false;plains;1
7262;246;57;231;land;false;plains;1
7263;147;226;194;land;false;plains;1
7264;135;164;238;land;false;plains;1
7265;175;183;169;land;false;plains;1
7266;225;79;209;land;false;plains;1
7267;223;177;236;land;false;plains;1
7268;43;229;243;land;false;plains;1
7269;164;233;123;land;false;plains;1
7270;96;232;210;land;false;plains;1
7271;229;234;198;land;false;plains;1
7272;109;230;228;land;false;plains;1
7273;179;236;238;land;true;plains;1
7274;116;181;224;land;false;plains;1
7275;145;249;146;land;false;plains;1
7276;89;250;247;land;false;plains;1
7277;230;192;127;land;false;plains;1
7278;232;190;134;land;false;plains;1
7279;102;214;230;land;true;plains;1
7280;77;248;237;land;false;plains;1
7281;174;240;112;land;false;plains;1
7282;196;210;182;land;false;plains;1
7283;86;204;248;land;false;plains;1
7284;110;209;198;land;false;plains;1
7285;248;215;47;land;true;plains;1
7286;143;245;180;land;true;plains;1
7287;204;200;172;land;false;plains;1
7288;40;228;241;land;false;plains;1
7289;197;101;222;land;false;plains;1
7290;247;212;220;land;false;plains;1
7291;182;171;163;land;false;plains;1
7292;248;176;188;land;true;plains;1
7293;248;249;153;land;false;plains;1
7294;192;220;201;land;false;plains;1
7295;246;188;98;land;false;plains;1
7296;189;251;138;land;false;plains;1
7297;204;231;251;land;false;plains;1
7298;150;209;218;land;false;plains;1
7299;100;178;234;land;false;plains;1
7300;69;230;254;land;true;plains;1
7301;207;250;110;land;false;plains;1
7302;155;215;163;land;false;plains;1
7303;170;165;179;land;false;plains;1
7304;161;253;222;land;false;plains;1
7305;188;160;235;land;false;plains;1
7306;182;219;220;land;false;plains;1
7307;240;236;236;land;false;plains;1
7308;201;252;146;land;true;plains;1
7309;175;186;185;land;false;plains;1
7310;246;238;175;land;false;plains;1
7311;64;225;222;land;false;plains;1
7312;239;92;209;land;false;plains;1
7313;24;253;235;land;false;plains;1
7314;229;218;151;land;false;plains;1
7315;207;148;238;land;false;plains;1
7316;180;240;221;land;true;plains;1
7317;146;147;254;land;false;plains;1
7318;232;219;133;land;false;plains;1
7319;227;133;221;land;false;plains;1
7320;222;180;112;land;false;plains;1
7321;245;178;113;land;false;plains;1
7322;226;117;241;land;false;plains;1
7323;251;136;251;land;false;plains;1
7324;113;172;254;land;false;plains;1
7325;212;184;205;land;false;plains;1
7326;57;198;246;land;false;plains;1
7327;146;217;165;land;true;plains;1
7328;220;68;253;land;false;plains;1
7329;216;104;194;land;false;plains;1
7330;190;176;143;land;true;plains;1
7331;135;175;240;land;false;plains;1
7332;193;150;204;land;true;plains;1
7333;126;235;218;land;false;plains;1
7334;224;171;239;land;true;plains;1
7335;243;172;231;land;false;plains;1
7336;187;242;75;land;false;plains;1
7337;221;225;181;land;false;plains;1
7338;204;253;232;land;false;plains;1
7339;87;249;213;land;false;plains;1
7340;219;156;199;land;false;plains;1
7341;242;174;139;land;false;plains;1
7342;189;226;242;land;true;plains;1
7343;246;228;150;land;false;plains;1
7344;118;184;223;land;true;plains;1
7345;231;109;173;land;false;plains;1
7346;205;238;108;land;false;plains;1
7347;209;137;254;land;false;plains;1
7348;227;225;163;land;false;plains;1
7349;232;188;192;land;false;plains;1
7350;150;132;232;land;false;plains;1
7351;201;246;173;land;false;plains;1
7352;113;217;201;land;false;plains;1
7353;221;231;123;land;false;plains;1
7354;208;253;246;land;false;plains;1
7355;160;130;241;land;false;plains;1
7356;70;206;250;land;false;plains;1
7357;250;228;229;land;false;plains;1
7358;174;220;180;land;false;plains;1
7359;232;149;240;land;false;plains;1
7360;170;245;113;land;false;plains;1
7361;139;239;231;land;true;plains;1
7362;106;177;250;land;false;plains;1
7363;207;144;174;land;false;plains;1
7364;194;97;241;land;false;plains;1
7365;155;245;208;land;false;plains;1
7366;218;230;64;land;false;plains;1
7367;212;176;251;land;false;plains;1
7368;212;252;251;land;false;plains;1
7369;253;148;132;land;false;plains;1
7370;242;237;254;land;false;plains;1
7371;232;251;90;land;true;plains;1
7372;217;208;226;land;false;plains;1
7373;236;244;136;land;false;plains;1
7374;243;253;83;land;false;plains;1
7375;73;224;207;land;false;plains;1
7376;196;192;194;land;false;plains;1
7377;135;162;208;land;false;plains;1
7378;233;231;199;land;false;plains;1
7379;91;226;190;land;false;plains;1
7380;237;134;205;land;false;plains;1
7381;154;204;234;land;false;plains;1
7382;213;244;149;land;false;plains;1
7383;163;222;168;land;false;plains;1
7384;216;109;187;land;false;plains;1
7385;239;142;164;land;false;plains;1
7386;220;143;203;land;false;plains;1
7387;59;249;196;land;false;plains;1
7388;202;253;243;land;false;plains;1
7389;221;184;254;land;false;plains;1
7390;242;37;227;land;false;plains;1
7391;231;159;219;land;false;plains;1
7392;95;251;233;land;false;plains;1
7393;219;205;195;land;false;plains;1
7394;149;246;115;land;false;plains;1
7395;246;153;119;land;true;plains;1
7396;142;158;251;land;false;plains;1
7397;211;182;207;land;false;plains;1
7398;173;221;198;land;false;plains;1
7399;240;126;200;land;false;plains;1
7400;111;211;220;land;false;plains;1
7401;242;191;221;land;false;plains;1
7402;187;199;215;land;false;plains;1
7403;196;197;221;land;false;plains;1
7404;219;135;150;land;false;plains;1
7405;153;184;204;land;false;plains;1
7406;157;155;212;land;false;plains;1
7407;240;196;82;land;false;plains;1
7408;208;103;196;land;false;plains;1
7409;194;220;210;land;false;plains;1
7410;200;108;247;land;false;plains;1
7411;210;191;145;land;false;plains;1
7412;209;200;224;land;false;plains;1
7413;179;223;246;land;false;plains;1
7414;180;176;189;land;false;plains;1
7415;241;252;167;land;false;plains;1
7416;87;167;247;land;false;plains;1
7417;177;253;74;land;false;plains;1
7418;40;243;229;land;false;plains;1
7419;226;85;207;land;false;plains;1
7420;197;251;242;land;false;plains;1
7421;204;158;187;land;true;plains;1
7422;225;184;190;land;false;plains;1
7423;240;187;114;land;false;plains;1
7424;146;166;240;land;false;plains;1
7425;206;175;227;land;false;plains;1
7426;177;245;150;land;true;plains;1
7427;68;208;243;land;false;plains;1
7428;191;253;81;land;false;plains;1
7429;251;156;236;land;false;plains;1
7430;253;103;232;land;false;plains;1
7431;153;181;222;land;false;plains;1
7432;214;223;239;land;false;plains;1
7433;107;206;222;land;false;plains;1
7434;241;249;94;land;false;plains;1
7435;216;238;197;land;false;plains;1
7436;237;41;245;land;false;plains;1
7437;248;187;159;land;false;plains;1
7438;184;220;224;land;false;plains;1
7439;143;167;204;land;false;plains;1
7440;134;196;196;land;false;plains;1
7441;188;199;136;land;false;plains;1
7442;250;170;94;land;false;plains;1
7443;239;228;171;land;false;plains;1
7444;86;185;253;land;false;plains;1
7445;103;194;227;land;false;plains;1
7446;110;153;243;land;false;plains;1
7447;93;247;251;land;false;plains;1
7448;178;206;223;land;false;plains;1
7449;247;130;144;land;false;plains;1
7450;228;78;221;land;false;plains;1
7451;141;212;232;land;false;plains;1
7452;254;149;231;land;false;plains;1
7453;211;209;130;land;false;plains;1
7454;235;213;149;land;false;plains;1
7455;135;174;245;land;false;plains;1
7456;177;97;236;land;false;plains;1
7457;228;229;49;land;false;plains;1
7458;254;202;83;land;false;plains;1
7459;233;184;186;land;false;plains;1
7460;221;196;204;land;false;plains;1
7461;202;246;129;land;false;plains;1
7462;190;224;241;land;false;plains;1
7463;249;140;141;land;false;plains;1
7464;118;237;192;land;true;plains;1
7465;80;229;203;land;false;plains;1
7466;149;183;194;land;false;plains;1
7467;67;239;229;land;false;plains;1
7468;118;238;241;land;false;plains;1
7469;151;175;188;land;false;plains;1
7470;124;242;213;land;false;plains;1
7471;112;197;252;land;false;plains;1
7472;159;240;237;land;false;plains;1
7473;188;243;248;land;false;plains;1
7474;177;230;222;land;false;plains;1
7475;159;160;212;land;false;plains;1
7476;130;234;138;land;false;plains;1
7477;246;180;149;land;false;plains;1
7478;174;189;202;land;false;plains;1
7479;139;178;212;land;false;plains;1
7480;192;184;215;land;false;plains;1
7481;242;89;240;land;false;plains;1
7482;204;234;151;land;false;plains;1
7483;224;167;189;land;false;plains;1
7484;179;253;219;land;true;plains;1
7485;194;237;135;land;false;plains;1
7486;242;101;199;land;false;plains;1
7487;173;217;214;land;false;plains;1
7488;114;225;201;land;false;plains;1
7489;172;190;155;land;false;plains;1
7490;247;206;119;land;false;plains;1
7491;242;251;133;land;false;plains;1
7492;229;217;138;land;false;plains;1
7493;216;71;232;land;false;plains;1
7494;211;244;208;land;false;plains;1
7495;229;140;139;land;false;plains;1
7496;169;211;171;land;false;plains;1
7497;236;120;190;land;false;plains;1
7498;237;243;65;land;false;plains;1
7499;247;247;225;land;false;plains;1
7500;173;237;174;land;false;plains;1
7501;69;249;229;land;false;plains;1
7502;112;205;241;land;false;plains;1
7503;143;252;237;land;false;plains;1
7504;154;250;141;land;false;plains;1
7505;133;228;175;land;false;plains;1
7506;152;192;161;land;false;plains;1
7507;200;223;244;land;false;plains;1
7508;210;165;234;land;false;plains;1
7509;196;217;159;land;false;plains;1
7510;254;198;84;land;false;plains;1
7511;223;101;253;land;false;plains;1
7512;32;245;248;land;false;plains;1
7513;224;191;123;land;false;plains;1
7514;172;208;216;land;false;plains;1
7515;242;217;98;land;false;plains;1
7516;211;216;74;land;false;plains;1
7517;179;147;178;land;false;plains;1
7518;169;89;252;land;false;plains;1
7519;250;244;223;land;false;plains;1
7520;200;227;98;land;false;plains;1
7521;184;207;227;land;false;plains;1
7522;232;206;79;land;false;plains;1
7523;219;114;237;land;false;plains;1
7524;173;232;114;land;false;plains;1
7525;233;234;199;land;false;plains;1
7526;149;248;135;land;false;plains;1
7527;247;188;168;land;false;plains;1
7528;240;140;200;land;false;plains;1
7529;238;210;129;land;false;plains;1
7530;228;203;252;land;false;plains;1
7531;229;56;251;land;false;plains;1
7532;236;203;237;land;false;plains;1
7533;245;212;78;land;false;plains;1
7534;233;221;95;land;false;plains;1
7535;166;244;206;land;false;plains;1
7536;221;200;176;land;false;plains;1
7537;192;238;76;land;false;plains;1
7538;208;114;191;land;false;plains;1
7539;207;197;123;land;false;plains;1
7540;242;87;210;land;false;plains;1
7541;145;163;236;land;false;plains;1
7542;114;232;191;land;false;plains;1
7543;254;195;198;land;false;plains;1
7544;194;168;171;land;false;plains;1
7545;200;122;251;land;false;plains;1
7546;168;120;215;land;false;plains;1
7547;177;91;250;land;false;plains;1
7548;155;178;212;land;false;plains;1
7549;251;215;37;land;false;plains;1
7550;235;83;212;land;false;plains;1
7551;180;121;249;land;false;plains;1
7552;84;254;245;land;false;plains;1
7553;79;253;173;land;false;plains;1
7554;252;48;210;land;false;plains;1
7555;22;248;247;land;false;plains;1
7556;168;204;145;land;false;plains;1
7557;147;175;249;land;false;plains;1
7558;196;253;226;land;false;plains;1
7559;243;79;237;land;false;plains;1
7560;180;190;176;land;false;plains;1
7561;188;129;221;land;false;plains;1
7562;205;248;247;land;false;plains;1
7563;238;254;187;land;false;plains;1
7564;234;154;202;land;false;plains;1
7565;176;226;176;land;false;plains;1
7566;80;245;210;land;false;plains;1
7567;123;241;188;land;false;plains;1
7568;179;163;189;land;false;plains;1
7569;104;247;252;land;false;plains;1
7570;125;252;144;land;false;plains;1
7571;247;229;148;land;false;plains;1
7572;242;169;181;land;false;plains;1
7573;77;212;239;land;false;plains;1
7574;198;228;96;land;false;plains;1
7575;211;225;223;land;false;plains;1
7576;124;249;133;land;false;plains;1
7577;222;190;125;land;false;plains;1
7578;229;224;191;land;false;plains;1
7579;191;195;182;land;false;plains;1
7580;223;192;120;land;false;plains;1
7581;148;183;244;land;false;plains;1
7582;141;253;204;land;false;plains;1
7583;140;235;224;land;false;plains;1
7584;254;84;238;land;false;plains;1
7585;240;202;205;land;false;plains;1
7586;150;249;168;land;false;plains;1
7587;173;194;205;land;false;plains;1
7588;105;206;238;land;false;plains;1
7589;245;219;231;land;false;plains;1
7590;200;207;242;land;false;plains;1
7591;132;212;158;land;false;plains;1
7592;235;54;247;land;false;plains;1
7593;232;117;186;land;false;plains;1
7594;176;171;159;land;false;plains;1
7595;66;231;243;land;false;plains;1
7596;250;209;209;land;false;plains;1
7597;136;232;210;land;false;plains;1
7598;184;232;203;land;false;plains;1
7599;173;135;252;land;false;plains;1
7600;140;227;149;land;false;plains;1
7601;168;196;226;land;false;plains;1
7602;186;157;213;land;false;plains;1
7603;98;236;178;land;false;plains;1
7604;183;192;131;land;false;plains;1
7605;221;246;64;land;false;plains;1
7606;246;235;28;land;false;plains;1
7607;238;20;253;land;false;plains;1
7608;172;195;167;land;false;plains;1
7609;249;101;220;land;false;plains;1
7610;180;155;179;land;false;plains;1
7611;182;88;237;land;false;plains;1
7612;186;224;128;land;false;plains;1
7613;241;241;90;land;false;plains;1
7614;122;233;253;land;false;plains;1
7615;182;235;205;land;false;plains;1
7616;205;230;101;land;false;plains;1
7617;176;199;169;land;false;plains;1
7618;115;197;253;land;false;plains;1
7619;222;137;150;land;false;plains;1
7620;134;151;252;land;false;plains;1
7621;185;189;247;land;false;plains;1
7622;125;180;244;land;false;plains;1
7623;235;195;157;land;false;plains;1
7624;158;240;152;land;false;plains;1
7625;47;239;232;land;false;plains;1
7626;212;230;240;land;false;plains;1
7627;142;173;204;land;false;plains;1
7628;220;246;132;land;false;plains;1
7629;176;163;218;land;false;plains;1
7630;111;188;218;land;false;plains;1
7631;21;244;252;land;false;plains;1
7632;219;217;68;land;false;plains;1
7633;143;227;131;land;false;plains;1
7634;251;172;126;land;false;plains;1
7635;224;152;170;land;false;plains;1
7636;244;146;141;land;false;plains;1
7637;178;237;158;land;false;plains;1
7638;222;247;229;land;false;plains;1
7639;146;139;252;land;false;plains;1
7640;239;167;166;land;false;plains;1
7641;201;123;179;land;false;plains;1
7642;182;110;216;land;false;plains;1
7643;136;253;202;land;false;plains;1
7644;245;198;239;land;false;plains;1
7645;175;203;216;land;false;plains;1
7646;148;227;153;land;false;plains;1
7647;156;215;195;land;false;plains;1
7648;144;158;254;land;false;plains;1
7649;130;183;223;land;false;plains;1
7650;188;220;243;land;true;plains;1
7651;234;85;219;land;false;plains;1
7652;222;126;157;land;false;plains;1
7653;138;218;180;land;false;plains;1
7654;220;231;140;land;false;plains;1
7655;110;185;215;land;false;plains;1
7656;218;136;221;land;false;plains;1
7657;239;172;181;land;false;plains;1
7658;253;172;198;land;false;plains;1
7659;90;181;236;land;false;plains;1
7660;89;226;212;land;false;plains;1
7661;90;185;241;land;false;plains;1
7662;175;196;201;land;false;plains;1
7663;231;211;154;land;false;plains;1
7664;141;178;242;land;false;plains;1
7665;154;148;224;land;false;plains;1
7666;214;243;202;land;false;plains;1
7667;95;247;253;land;false;plains;1
7668;82;192;248;land;false;plains;1
7669;156;177;241;land;false;plains;1
7670;99;202;236;land;false;plains;1
7671;160;252;219;land;false;plains;1
7672;214;246;63;land;false;plains;1
7673;195;138;248;land;false;plains;1
7674;208;152;200;land;false;plains;1
7675;231;87;202;land;false;plains;1
7676;248;148;125;land;false;plains;1
7677;194;112;212;land;false;plains;1
7678;51;227;254;land;false;plains;1
7679;204;177;123;land;false;plains;1
7680;130;237;236;land;false;plains;1
7681;250;77;235;land;false;plains;1
7682;208;187;222;land;false;plains;1
7683;154;172;217;land;false;plains;1
7684;172;210;198;land;false;plains;1
7685;163;250;243;land;false;plains;1
7686;164;221;227;land;false;plains;1
7687;238;118;204;land;false;plains;1
7688;142;147;224;land;false;plains;1
7689;184;233;209;land;false;plains;1
7690;219;170;215;land;false;plains;1
7691;203;174;134;land;false;plains;1
7692;171;224;172;land;false;plains;1
7693;204;175;139;land;false;plains;1
7694;216;252;235;land;false;plains;1
7695;231;91;206;land;false;plains;1
7696;251;231;141;land;false;plains;1
7697;195;204;237;land;false;plains;1
7698;146;221;137;land;false;plains;1
7699;251;145;203;land;false;plains;1
7700;248;192;122;land;false;plains;1
7701;203;169;215;land;false;plains;1
7702;203;84;232;land;false;plains;1
7703;99;169;247;land;false;plains;1
7704;170;152;192;land;false;plains;1
7705;236;131;227;land;false;plains;1
7706;77;235;252;land;false;plains;1
7707;213;243;222;land;false;plains;1
7708;242;101;220;land;false;plains;1
7709;218;138;198;land;false;plains;1
7710;205;120;191;land;false;plains;1
7711;204;212;176;land;false;plains;1
7712;231;107;232;land;false;plains;1
7713;228;172;141;land;false;plains;1
7714;243;56;238;land;false;plains;1
7715;238;124;251;land;false;plains;1
7716;204;182;165;land;false;plains;1
7717;205;191;143;land;false;plains;1
7718;207;222;100;land;false;plains;1
7719;152;195;236;land;false;plains;1
7720;242;221;52;land;false;plains;1
7721;167;240;97;land;false;plains;1
7722;234;237;93;land;false;plains;1
7723;208;160;183;land;false;plains;1
7724;196;162;182;land;false;plains;1
7725;238;70;251;land;false;plains;1
7726;204;130;228;land;false;plains;1
7727;163;221;122;land;false;plains;1
7728;244;234;142;land;false;plains;1
7729;181;240;106;land;false;plains;1
7730;193;142;247;land;false;plains;1
7731;65;209;227;land;false;plains;1
7732;111;244;202;land;false;plains;1
7733;247;135;249;land;false;plains;1
7734;170;181;159;land;false;plains;1
7735;157;180;218;land;false;plains;1
7736;169;154;191;land;false;plains;1
7737;66;225;254;land;false;plains;1
7738;242;215;126;land;false;plains;1
7739;181;97;240;land;false;plains;1
7740;213;249;87;land;false;plains;1
7741;144;225;246;land;false;plains;1
7742;229;252;39;land;false;plains;1
7743;126;197;216;land;false;plains;1
7744;233;135;143;land;false;plains;1
7745;252;115;161;land;false;plains;1
7746;254;231;41;land;false;plains;1
7747;171;187;200;land;false;plains;1
7748;128;186;197;land;false;plains;1
7749;110;197;206;land;false;plains;1
7750;239;152;203;land;false;plains;1
7751;172;211;156;land;false;plains;1
7752;231;238;188;land;false;plains;1
7753;220;138;173;land;false;plains;1
7754;175;188;247;land;false;plains;1
7755;218;117;200;land;false;plains;1
7756;221;227;218;land;false;plains;1
7757;248;139;237;land;false;plains;1
7758;163;132;215;land;false;plains;1
7759;189;214;168;land;false;plains;1
7760;251;166;137;land;false;plains;1
7761;177;171;227;land;false;plains;1
7762;193;112;202;land;false;plains;1
7763;224;94;211;land;false;plains;1
7764;141;162;211;land;false;plains;1
7765;220;211;204;land;false;plains;1
7766;145;210;172;land;false;plains;1
7767;126;175;248;land;false;plains;1
7768;254;216;117;land;false;plains;1
7769;164;189;167;land;false;plains;1
7770;243;155;190;land;false;plains;1
7771;218;248;232;land;false;plains;1
7772;164;138;227;land;false;plains;1
7773;169;229;228;land;false;plains;1
7774;249;169;164;land;false;plains;1
7775;248;73;215;land;false;plains;1
7776;208;150;238;land;false;plains;1
7777;249;112;160;land;false;plains;1
7778;227;194;199;land;false;plains;1
7779;204;208;214;land;false;plains;1
7780;186;251;83;land;false;plains;1
7781;243;234;92;land;false;plains;1
7782;193;125;252;land;false;plains;1
7783;96;215;196;land;false;plains;1
7784;239;163;251;land;false;plains;1
7785;243;201;57;land;false;plains;1
7786;243;146;119;land;false;plains;1
7787;170;188;179;land;false;plains;1
7788;228;186;195;land;false;plains;1
7789;199;59;247;land;false;plains;1
7790;165;211;179;land;false;plains;1
7791;218;156;173;land;false;plains;1
7792;214;237;156;land;false;plains;1
7793;134;162;211;land;false;plains;1
7794;173;167;185;land;false;plains;1
7795;194;178;192;land;false;plains;1
7796;239;74;246;land;false;plains;1
7797;226;222;139;land;false;plains;1
7798;96;226;235;land;false;plains;1
7799;160;240;252;land;false;plains;1
7800;207;202;166;land;false;plains;1
7801;133;189;228;land;false;plains;1
7802;126;227;194;land;false;plains;1
7803;206;109;189;land;false;plains;1
7804;183;238;108;land;false;plains;1
7805;177;251;110;land;false;plains;1
7806;15;248;238;land;false;plains;1
7807;200;213;244;land;false;plains;1
7808;228;245;235;land;false;plains;1
7809;232;237;224;land;false;plains;1
7810;250;186;208;land;false;plains;1
7811;213;230;222;land;false;plains;1
7812;138;224;221;land;false;plains;1
7813;188;213;233;land;false;plains;1
7814;247;112;215;land;false;plains;1
7815;170;235;132;land;false;plains;1
7816;250;18;234;land;false;plains;1
7817;251;176;208;land;false;plains;1
7818;165;173;208;land;false;plains;1
7819;192;227;84;land;false;plains;1
7820;178;128;203;land;false;plains;1
7821;122;170;237;land;false;plains;1
7822;158;188;166;land;false;plains;1
7823;126;147;252;land;false;plains;1
7824;114;210;178;land;false;plains;1
7825;239;212;187;land;false;plains;1
7826;226;165;172;land;false;plains;1
7827;243;230;182;land;false;plains;1
7828;251;186;151;land;false;plains;1
7829;253;223;193;land;false;plains;1
7830;241;215;162;land;false;plains;1
7831;117;208;251;land;false;plains;1
7832;231;241;120;land;false;plains;1
7833;235;212;174;land;false;plains;1
7834;248;223;82;land;false;plains;1
7835;190;206;125;land;false;plains;1
7836;234;213;90;land;false;plains;1
7837;193;162;179;land;false;plains;1
7838;33;246;225;land;false;plains;1
7839;82;207;248;land;false;plains;1
7840;115;221;201;land;false;plains;1
7841;129;198;217;land;false;plains;1
7842;181;244;212;land;false;plains;1
7843;53;242;241;land;false;plains;1
7844;141;144;236;land;false;plains;1
7845;236;251;80;land;false;plains;1
7846;245;83;237;land;false;plains;1
7847;121;215;175;land;false;plains;1
7848;87;239;202;land;false;plains;1
7849;247;212;237;land;false;plains;1
7850;245;132;169;land;false;plains;1
7851;211;153;252;land;false;plains;1
7852;176;112;239;land;false;plains;1
7853;20;232;252;land;false;plains;1
7854;230;166;198;land;false;plains;1
7855;242;114;218;land;false;plains;1
7856;203;124;214;land;false;plains;1
7857;62;253;213;land;false;plains;1
7858;172;246;97;land;false;plains;1
7859;199;92;227;land;false;plains;1
7860;196;187;127;land;false;plains;1
7861;169;145;228;land;false;plains;1
7862;214;225;132;land;false;plains;1
7863;242;251;146;land;false;plains;1
7864;141;163;198;land;false;plains;1
7865;154;242;193;land;false;plains;1
7866;148;178;177;land;false;plains;1
7867;249;155;155;land;false;plains;1
7868;253;236;15;land;false;plains;1
7869;214;197;108;land;false;plains;1
7870;230;133;183;land;false;plains;1
7871;192;203;147;land;false;plains;1
7872;248;127;196;land;false;plains;1
7873;158;228;180;land;false;plains;1
7874;155;240;125;land;false;plains;1
7875;212;165;240;land;false;plains;1
7876;78;215;247;land;false;plains;1
7877;113;189;235;land;false;plains;1
7878;175;196;170;land;false;plains;1
7879;249;248;167;land;false;plains;1
7880;193;69;243;land;false;plains;1
7881;187;226;122;land;false;plains;1
7882;217;140;148;land;false;plains;1
7883;207;189;248;land;false;plains;1
7884;226;254;228;land;false;plains;1
7885;107;240;219;land;false;plains;1
7886;224;156;176;land;false;plains;1
7887;225;112;241;land;false;plains;1
7888;103;205;212;land;false;plains;1
7889;133;208;193;land;false;plains;1
7890;245;224;76;land;false;plains;1
7891;237;241;36;land;false;plains;1
7892;198;244;139;land;false;plains;1
7893;245;215;78;land;false;plains;1
7894;101;203;224;land;false;plains;1
7895;169;228;251;land;false;plains;1
7896;254;216;226;land;false;plains;1
7897;172;188;231;land;false;plains;1
7898;224;168;205;land;false;plains;1
7899;115;231;206;land;false;plains;1
7900;150;184;196;land;false;plains;1
7901;225;251;50;land;false;plains;1
7902;185;219;173;land;false;plains;1
7903;75;201;239;land;false;plains;1
7904;207;206;182;land;false;plains;1
7905;252;218;102;land;false;plains;1
7906;179;246;230;land;false;plains;1
7907;179;248;178;land;false;plains;1
7908;142;213;163;land;false;plains;1
7909;157;131;232;land;false;plains;1
7910;107;230;215;land;false;plains;1
7911;251;249;195;land;false;plains;1
7912;246;222;209;land;false;plains;1
7913;231;231;195;land;false;plains;1
7914;199;74;233;land;false;plains;1
7915;221;246;191;land;false;plains;1
7916;249;242;65;land;false;plains;1
7917;204;190;139;land;false;plains;1
7918;174;163;195;land;false;plains;1
7919;223;234;130;land;false;plains;1
7920;235;169;208;land;false;plains;1
7921;189;213;200;land;false;plains;1
7922;217;81;243;land;false;plains;1
7923;162;254;119;land;false;plains;1
7924;161;238;134;land;false;plains;1
7925;126;157;224;land;false;plains;1
7926;176;199;150;land;false;plains;1
7927;64;221;225;land;false;plains;1
7928;164;129;250;land;false;plains;1
7929;233;250;225;land;false;plains;1
7930;246;185;203;land;false;plains;1
7931;200;126;199;land;false;plains;1
7932;246;187;221;land;false;plains;1
7933;69;232;225;land;false;plains;1
7934;73;213;224;land;false;plains;1
7935;176;122;217;land;false;plains;1
7936;145;243;232;land;false;plains;1
7937;172;206;142;land;false;plains;1
7938;242;216;196;land;false;plains;1
7939;249;253;54;land;false;plains;1
7940;206;239;91;land;false;plains;1
7941;165;135;216;land;false;plains;1
7942;231;247;87;land;false;plains;1
7943;228;141;161;land;false;plains;1
7944;207;196;108;land;false;plains;1
7945;214;127;223;land;false;plains;1
7946;197;127;207;land;false;plains;1
7947;240;248;224;land;false;plains;1
7948;233;249;30;land;false;plains;1
7949;78;201;239;land;false;plains;1
7950;135;198;172;land;false;plains;1
7951;195;143;235;land;false;plains;1
7952;97;212;220;land;false;plains;1
7953;205;186;210;land;false;plains;1
7954;193;229;115;land;false;plains;1
7955;252;223;146;land;false;plains;1
7956;80;206;251;land;false;plains;1
7957;220;141;161;land;false;plains;1
7958;224;158;238;land;false;plains;1
7959;222;222;178;land;false;plains;1
7960;243;195;158;land;false;plains;1
7961;92;236;189;land;false;plains;1
7962;249;210;45;land;false;plains;1
7963;239;173;159;land;false;plains;1
7964;170;253;127;land;false;plains;1
7965;242;237;129;land;false;plains;1
7966;253;173;214;land;false;plains;1
7967;212;154;230;land;false;plains;1
7968;218;203;124;land;false;plains;1
7969;228;190;198;land;false;plains;1
7970;198;231;160;land;false;plains;1
7971;163;203;170;land;false;plains;1
7972;97;236;225;land;false;plains;1
7973;254;243;124;land;false;plains;1
7974;253;182;176;land;false;plains;1
7975;243;250;219;land;false;plains;1
7976;115;193;228;land;false;plains;1
7977;235;114;164;land;false;plains;1
7978;243;116;148;land;false;plains;1
7979;156;182;198;land;false;plains;1
7980;81;241;202;land;false;plains;1
7981;145;240;212;land;false;plains;1
7982;180;199;203;land;false;plains;1
7983;251;230;108;land;false;plains;1
7984;221;130;156;land;false;plains;1
7985;220;213;189;land;false;plains;1
7986;203;139;195;land;false;plains;1
7987;117;203;233;land;false;plains;1
7988;234;253;124;land;false;plains;1
7989;178;246;243;land;false;plains;1
7990;152;222;200;land;false;plains;1
7991;80;237;235;land;false;plains;1
7992;198;208;95;land;false;plains;1
7993;235;208;150;land;false;plains;1
7994;184;193;166;land;false;plains;1
7995;232;125;145;land;false;plains;1
7996;166;175;224;land;false;plains;1
7997;166;193;179;land;false;plains;1
7998;209;234;72;land;false;plains;1
7999;143;201;230;land;false;plains;1
8000;231;203;238;land;false;plains;1
8001;233;120;208;land;false;plains;1
8002;135;171;219;land;false;plains;1
8003;245;129;127;land;false;plains;1
8004;168;229;235;land;false;plains;1
8005;239;151;248;land;false;plains;1
8006;144;234;248;land;false;plains;1
8007;251;192;80;land;false;plains;1
8008;235;208;198;land;false;plains;1
8009;184;178;228;land;false;plains;1
8010;223;157;233;land;false;plains;1
8011;246;219;38;land;false;plains;1
8012;199;170;169;land;false;plains;1
8013;173;243;149;land;false;plains;1
8014;217;234;61;land;false;plains;1
8015;246;87;248;land;false;plains;1
8016;170;235;216;land;false;plains;1
8017;142;210;169;land;false;plains;1
8018;176;167;201;land;false;plains;1
8019;210;224;125;land;false;plains;1
8020;240;37;226;land;false;plains;1
8021;244;12;251;land;false;plains;1
8022;151;235;238;land;false;plains;1
8023;125;223;232;land;false;plains;1
8024;241;239;76;land;false;plains;1
8025;238;122;201;land;false;plains;1
8026;245;201;100;land;false;plains;1
8027;251;195;66;land;false;plains;1
8028;252;170;211;land;false;plains;1
8029;177;118;214;land;false;plains;1
8030;229;141;210;land;false;plains;1
8031;193;251;225;land;false;plains;1
8032;227;212;245;land;false;plains;1
8033;50;230;252;land;false;plains;1
8034;250;213;71;land;false;plains;1
8035;125;218;185;land;false;plains;1
8036;136;175;192;land;false;plains;1
8037;245;239;253;land;false;plains;1
8038;224;143;247;land;false;plains;1
8039;238;240;150;land;false;plains;1
8040;230;227;172;land;false;plains;1
8041;134;235;224;land;false;plains;1
8042;245;243;42;land;false;plains;1
8043;208;57;243;land;false;plains;1
8044;189;189;154;land;false;plains;1
8045;166;224;228;land;false;plains;1
8046;206;205;140;land;false;plains;1
8047;253;217;228;land;false;plains;1
8048;241;230;137;land;false;plains;1
8049;225;126;194;land;false;plains;1
8050;163;121;225;land;false;plains;1
8051;150;208;181;land;false;plains;1
8052;238;98;237;land;false;plains;1
8053;151;127;247;land;false;plains;1
8054;136;211;197;land;false;plains;1
8055;235;249;158;land;false;plains;1
8056;245;212;185;land;false;plains;1
8057;230;106;172;land;false;plains;1
8058;133;229;169;land;false;plains;1
8059;176;239;136;land;false;plains;1
8060;177;205;123;land;false;plains;1
8061;123;250;225;land;false;plains;1
8062;127;224;186;land;false;plains;1
8063;231;213;70;land;false;plains;1
8064;200;208;165;land;false;plains;1
8065;250;237;31;land;false;plains;1
8066;177;131;220;land;false;plains;1
8067;242;236;230;land;false;plains;1
8068;135;232;188;land;false;plains;1
8069;127;228;239;land;false;plains;1
8070;72;220;235;land;false;plains;1
8071;172;226;156;land;false;plains;1
8072;156;135;250;land;false;plains;1
8073;178;208;231;land;false;plains;1
8074;176;144;206;land;false;plains;1
8075;115;244;238;land;false;plains;1
8076;158;189;207;land;false;plains;1
8077;111;248;185;land;false;plains;1
8078;91;250;171;land;false;plains;1
8079;254;90;233;land;false;plains;1
8080;191;159;228;land;false;plains;1
8081;186;204;236;land;false;plains;1
8082;237;218;71;land;false;plains;1
8083;248;153;250;land;false;plains;1
8084;228;233;191;land;false;plains;1
8085;223;154;238;land;false;plains;1
8086;250;93;168;land;false;plains;1
8087;209;196;151;land;false;plains;1
8088;170;223;129;land;false;plains;1
8089;196;166;149;land;false;plains;1
8090;254;187;94;land;false;plains;1
8091;228;197;119;land;false;plains;1
8092;244;185;82;land;false;plains;1
8093;125;204;224;land;false;plains;1
8094;212;202;167;land;false;plains;1
8095;186;228;104;land;false;plains;1
8096;245;227;63;land;false;plains;1
8097;214;124;242;land;false;plains;1
8098;170;251;246;land;false;plains;1
8099;42;245;229;land;false;plains;1
8100;151;242;170;land;false;plains;1
8101;178;190;178;land;false;plains;1
8102;224;226;203;land;false;plains;1
8103;235;223;150;land;false;plains;1
8104;208;138;228;land;false;plains;1
8105;228;174;167;land;false;plains;1
8106;247;160;252;land;false;plains;1
8107;205;177;179;land;false;plains;1
8108;202;241;164;land;false;plains;1
8109;156;170;245;land;false;plains;1
8110;175;240;105;land;false;plains;1
8111;204;253;169;land;false;plains;1
8112;97;240;170;land;false;plains;1
8113;132;166;221;land;false;plains;1
8114;54;243;226;land;false;plains;1
8115;195;247;128;land;false;plains;1
8116;148;195;193;land;false;plains;1
8117;240;189;252;land;false;plains;1
8118;241;242;205;land;false;plains;1
8119;233;249;27;land;false;plains;1
8120;234;184;183;land;false;plains;1
8121;53;231;232;land;false;plains;1
8122;247;47;214;land;false;plains;1
8123;187;247;88;land;false;plains;1
8124;99;227;206;land;false;plains;1
8125;169;246;169;land;false;plains;1
8126;110;244;237;land;false;plains;1
8127;236;181;218;land;false;plains;1
8128;216;147;138;land;false;plains;1
8129;151;251;249;land;false;plains;1
8130;226;141;247;land;false;plains;1
8131;223;58;235;land;false;plains;1
8132;228;169;143;land;false;plains;1
8133;185;122;197;land;false;plains;1
8134;253;63;250;land;false;plains;1
8135;198;155;219;land;false;plains;1
8136;243;44;230;land;false;plains;1
8137;193;220;97;land;false;plains;1
8138;48;212;247;land;false;plains;1
8139;214;135;237;land;false;plains;1
8140;205;234;74;land;false;plains;1
8141;191;202;218;land;false;plains;1
8142;243;203;75;land;false;plains;1
8143;229;239;158;land;false;plains;1
8144;239;247;96;land;false;plains;1
8145;116;189;208;land;false;plains;1
8146;123;221;167;land;false;plains;1
8147;253;17;254;land;false;plains;1
8148;91;188;250;land;false;plains;1
8149;116;244;173;land;false;plains;1
8150;187;201;126;land;false;plains;1
8151;218;179;194;land;false;plains;1
8152;210;235;150;land;false;plains;1
8153;82;247;206;land;false;plains;1
8154;231;68;252;land;false;plains;1
8155;242;151;200;land;false;plains;1
8156;211;158;193;land;false;plains;1
8157;22;233;250;land;false;plains;1
8158;205;151;151;land;false;plains;1
8159;144;227;236;land;false;plains;1
8160;214;167;247;land;false;plains;1
8161;193;242;153;land;false;plains;1
8162;87;249;192;land;false;plains;1
8163;226;70;254;land;false;plains;1
8164;43;229;232;land;false;plains;1
8165;223;186;185;land;false;plains;1
8166;252;151;180;land;false;plains;1
8167;151;150;242;land;false;plains;1
8168;253;89;233;land;false;plains;1
8169;246;45;239;land;false;plains;1
8170;190;230;127;land;false;plains;1
8171;177;123;228;land;false;plains;1
8172;153;127;243;land;false;plains;1
8173;135;181;211;land;false;plains;1
8174;232;240;219;land;false;plains;1
8175;94;166;248;land;false;plains;1
8176;206;249;224;land;false;plains;1
8177;253;186;109;land;false;plains;1
8178;254;161;106;land;false;plains;1
8179;197;201;172;land;false;plains;1
8180;227;197;120;land;false;plains;1
8181;228;171;203;land;false;plains;1
8182;82;252;182;land;false;plains;1
8183;230;24;247;land;false;plains;1
8184;187;189;193;land;false;plains;1
8185;245;106;235;land;false;plains;1
8186;229;254;70;land;false;plains;1
8187;231;89;249;land;false;plains;1
8188;153;191;184;land;false;plains;1
8189;228;191;226;land;false;plains;1
8190;155;197;168;land;false;plains;1
8191;175;250;230;land;false;plains;1
8192;56;250;236;land;false;plains;1
8193;230;216;64;land;false;plains;1
8194;93;182;254;land;false;plains;1
8195;196;210;133;land;false;plains;1
8196;130;238;157;land;false;plains;1
8197;199;207;148;land;false;plains;1
8198;162;133;212;land;false;plains;1
8199;157;234;160;land;false;plains;1
8200;207;241;210;land;false;plains;1
8201;185;138;202;land;false;plains;1
8202;213;56;246;land;false;plains;1
8203;229;183;198;land;false;plains;1
8204;115;176;226;land;false;plains;1
8205;136;173;223;land;false;plains;1
8206;254;53;248;land;false;plains;1
8207;109;159;244;land;false;plains;1
8208;167;233;130;land;false;plains;1
8209;238;138;183;land;false;plains;1
8210;239;193;102;land;false;plains;1
8211;101;252;211;land;false;plains;1
8212;197;235;86;land;false;plains;1
8213;231;89;211;land;false;plains;1
8214;253;202;123;land;false;plains;1
8215;193;242;132;land;false;plains;1
8216;242;49;217;land;false;plains;1
8217;248;191;135;land;false;plains;1
8218;213;213;112;land;false;plains;1
8219;158;114;248;land;false;plains;1
8220;98;239;236;land;false;plains;1
8221;200;236;111;land;false;plains;1
8222;182;174;207;land;false;plains;1
8223;170;123;240;land;false;plains;1
8224;112;242;253;land;false;plains;1
8225;173;209;205;land;false;plains;1
8226;239;21;247;land;false;plains;1
8227;172;158;179;land;false;plains;1
8228;231;223;91;land;false;plains;1
8229;192;220;114;land;false;plains;1
8230;159;217;189;land;false;plains;1
8231;253;194;174;land;false;plains;1
8232;211;123;225;land;false;plains;1
8233;242;197;200;land;false;plains;1
8234;157;220;179;land;false;plains;1
8235;213;150;198;land;false;plains;1
8236;223;191;122;land;false;plains;1
8237;204;220;190;land;false;plains;1
8238;221;246;248;land;false;plains;1
8239;213;254;195;land;false;plains;1
8240;247;75;215;land;false;plains;1
8241;140;195;245;land;false;plains;1
8242;223;152;254;land;false;plains;1
8243;149;126;227;land;false;plains;1
8244;107;177;240;land;false;plains;1
8245;233;206;174;land;false;plains;1
8246;224;235;202;land;false;plains;1
8247;162;182;181;land;false;plains;1
8248;205;232;131;land;false;plains;1
8249;215;226;245;land;false;plains;1
8250;197;207;147;land;false;plains;1
8251;190;203;110;land;false;plains;1
8252;91;191;244;land;false;plains;1
8253;204;198;203;land;false;plains;1
8254;236;223;174;land;false;plains;1
8255;254;173;223;land;true;plains;1
8256;120;196;220;land;false;plains;1
8257;162;231;159;land;false;plains;1
8258;158;189;204;land;false;plains;1
8259;238;192;155;land;false;plains;1
8260;240;222;51;land;false;plains;1
8261;196;232;167;land;false;plains;1
8262;233;130;157;land;false;plains;1
8263;243;111;236;land;false;plains;1
8264;100;173;229;land;false;plains;1
8265;131;138;242;land;false;plains;1
8266;159;247;197;land;false;plains;1
8267;239;238;97;land;false;plains;1
8268;216;111;193;land;false;plains;1
8269;243;252;230;land;false;plains;1
8270;242;75;250;land;false;plains;1
8271;243;182;197;land;false;plains;1
8272;105;185;238;land;false;plains;1
8273;253;221;45;land;false;plains;1
8274;202;190;152;land;false;plains;1
8275;211;195;244;land;false;plains;1
8276;227;202;254;land;false;plains;1
8277;236;109;186;land;false;plains;1
8278;234;86;232;land;false;plains;1
8279;249;237;59;land;false;plains;1
8280;169;166;192;land;false;plains;1
8281;221;158;200;land;false;plains;1
8282;163;93;253;land;false;plains;1
8283;237;120;169;land;false;plains;1
8284;251;8;244;land;false;plains;1
8285;66;201;250;land;false;plains;1
8286;219;230;159;land;false;plains;1
8287;204;254;251;land;false;plains;1
8288;248;108;158;land;false;plains;1
8289;249;231;117;land;false;plains;1
8290;199;252;84;land;false;plains;1
8291;189;188;215;land;false;plains;1
8292;227;132;239;land;false;plains;1
8293;151;185;235;land;false;plains;1
8294;86;254;190;land;false;plains;1
8295;172;199;233;land;false;plains;1
8296;224;224;142;land;false;plains;1
8297;202;211;120;land;false;plains;1
8298;203;203;212;land;false;plains;1
8299;168;233;126;land;false;plains;1
8300;201;200;162;land;false;plains;1
8301;208;239;211;land;false;plains;1
8302;180;199;169;land;false;plains;1
8303;211;172;162;land;false;plains;1
8304;221;190;245;land;false;plains;1
8305;149;137;219;land;false;plains;1
8306;121;217;166;land;false;plains;1
8307;225;155;242;land;false;plains;1
8308;225;187;142;land;false;plains;1
8309;168;246;241;land;false;plains;1
8310;166;188;195;land;false;plains;1
8311;239;143;199;land;false;plains;1
8312;206;238;209;land;false;plains;1
8313;217;224;238;land;false;plains;1
8314;200;207;240;land;false;plains;1
8315;241;250;76;land;false;plains;1
8316;238;242;138;land;false;plains;1
8317;136;189;242;land;false;plains;1
8318;141;164;203;land;false;plains;1
8319;243;205;91;land;false;plains;1
8320;172;229;220;land;false;plains;1
8321;228;195;134;land;false;plains;1
8322;167;179;169;land;false;plains;1
8323;243;215;70;land;false;plains;1
8324;219;173;150;land;false;plains;1
8325;173;235;134;land;false;plains;1
8326;227;210;83;land;false;plains;1
8327;216;225;228;land;false;plains;1
8328;106;249;171;land;false;plains;1
8329;184;242;253;land;false;plains;1
8330;162;145;218;land;false;plains;1
8331;152;191;222;land;false;plains;1
8332;33;232;249;land;false;plains;1
8333;233;79;227;land;false;plains;1
8334;209;156;167;land;false;plains;1
8335;191;249;129;land;false;plains;1
8336;129;147;245;land;false;plains;1
8337;47;244;239;land;false;plains;1
8338;224;180;250;land;false;plains;1
8339;93;214;235;land;false;plains;1
8340;101;234;207;land;false;plains;1
8341;250;124;247;land;false;plains;1
8342;242;249;85;land;false;plains;1
8343;126;233;235;land;false;plains;1
8344;203;137;248;land;false;plains;1
8345;206;64;247;land;false;plains;1
8346;127;162;252;land;false;plains;1
8347;254;234;171;land;false;plains;1
8348;209;208;247;land;false;plains;1
8349;235;223;235;land;false;plains;1
8350;160;177;231;land;false;plains;1
8351;156;114;235;land;false;plains;1
8352;75;232;233;land;false;plains;1
8353;137;117;247;land;false;plains;1
8354;100;216;204;land;false;plains;1
8355;224;159;251;land;false;plains;1
8356;208;183;134;land;false;plains;1
8357;242;210;198;land;false;plains;1
8358;119;176;222;land;false;plains;1
8359;113;161;229;land;false;plains;1
8360;229;164;230;land;false;plains;1
8361;253;53;216;land;false;plains;1
8362;220;211;207;land;false;plains;1
8363;250;166;85;land;false;plains;1
8364;250;155;228;land;false;plains;1
8365;125;186;202;land;false;plains;1
8366;186;172;175;land;false;plains;1
8367;253;237;250;land;false;plains;1
8368;95;236;198;land;false;plains;1
8369;219;107;197;land;false;plains;1
8370;108;212;228;land;false;plains;1
8371;224;196;142;land;false;plains;1
8372;201;186;205;land;false;plains;1
8373;193;145;195;land;false;plains;1
8374;158;198;151;land;false;plains;1
8375;240;213;129;land;false;plains;1
8376;247;204;250;land;false;plains;1
8377;227;173;237;land;false;plains;1
8378;175;198;245;land;false;plains;1
8379;227;76;216;land;false;plains;1
8380;243;166;105;land;false;plains;1
8381;170;233;206;land;false;plains;1
8382;131;249;166;land;false;plains;1
8383;223;57;239;land;false;plains;1
8384;99;212;230;land;false;plains;1
8385;178;187;197;land;false;plains;1
8386;179;184;138;land;false;plains;1
8387;234;239;175;land;false;plains;1
8388;219;231;244;land;false;plains;1
8389;212;197;126;land;false;plains;1
8390;198;253;102;land;false;plains;1
8391;227;251;102;land;false;plains;1
8392;167;241;180;land;false;plains;1
8393;194;76;237;land;false;plains;1
8394;242;238;187;land;false;plains;1
8395;207;234;205;land;false;plains;1
8396;220;195;243;land;false;plains;1
8397;208;163;154;land;false;plains;1
8398;173;164;198;land;false;plains;1
8399;181;228;160;land;false;plains;1
8400;234;200;231;land;false;plains;1
8401;218;143;199;land;false;plains;1
8402;229;129;207;land;false;plains;1
8403;249;210;230;land;false;plains;1
8404;232;83;194;land;false;plains;1
8405;104;240;240;land;false;plains;1
8406;130;253;228;land;false;plains;1
8407;187;249;123;land;false;plains;1
8408;186;226;167;land;true;plains;1
8409;151;247;145;land;false;plains;1
8410;117;216;209;land;false;plains;1
8411;143;199;231;land;false;plains;1
8412;126;211;203;land;false;plains;1
8413;146;128;254;land;false;plains;1
8414;226;143;149;land;false;plains;1
8415;168;231;194;land;false;plains;1
8416;254;173;155;land;false;plains;1
8417;200;198;121;land;false;plains;1
8418;226;238;251;land;false;plains;1
8419;167;192;246;land;false;plains;1
8420;242;145;222;land;false;plains;1
8421;172;154;176;land;false;plains;1
8422;228;174;130;land;false;plains;1
8423;56;226;235;land;false;plains;1
8424;221;168;212;land;false;plains;1
8425;164;181;194;land;false;plains;1
8426;231;234;90;land;false;plains;1
8427;241;134;167;land;false;plains;1
8428;176;252;162;land;false;plains;1
8429;141;253;128;land;false;plains;1
8430;184;146;174;land;false;plains;1
8431;145;173;238;land;false;plains;1
8432;152;140;227;land;false;plains;1
8433;89;207;245;land;false;plains;1
8434;234;244;238;land;false;plains;1
8435;211;195;250;land;false;plains;1
8436;188;225;221;land;false;plains;1
8437;202;101;243;land;false;plains;1
8438;24;241;238;land;false;plains;1
8439;78;237;193;land;false;plains;1
8440;251;247;231;land;false;plains;1
8441;221;173;249;land;false;plains;1
8442;108;205;219;land;false;plains;1
8443;125;140;250;land;false;plains;1
8444;142;241;119;land;false;plains;1
8445;199;211;210;land;false;plains;1
8446;242;216;177;land;false;plains;1
8447;230;110;183;land;false;plains;1
8448;124;205;192;land;false;plains;1
8449;230;94;192;land;false;plains;1
8450;138;226;196;land;false;plains;1
8451;138;242;154;land;false;plains;1
8452;194;229;126;land;false;plains;1
8453;196;183;235;land;false;plains;1
8454;239;233;124;land;false;plains;1
8455;120;156;249;land;false;plains;1
8456;216;142;199;land;false;plains;1
8457;98;240;220;land;false;plains;1
8458;210;231;135;land;false;plains;1
8459;219;230;197;land;false;plains;1
8460;251;172;242;land;false;plains;1
8461;147;200;185;land;false;plains;1
8462;219;248;38;land;false;plains;1
8463;123;211;237;land;false;plains;1
8464;171;186;196;land;false;plains;1
8465;161;234;143;land;false;plains;1
8466;235;49;249;land;false;plains;1
8467;227;81;228;land;false;plains;1
8468;233;168;244;land;false;plains;1
8469;135;227;190;land;false;plains;1
8470;230;59;233;land;false;plains;1
8471;168;232;214;land;false;plains;1
8472;155;143;210;land;false;plains;1
8473;177;244;102;land;false;plains;1
8474;224;141;158;land;false;plains;1
8475;224;250;95;land;false;plains;1
8476;165;209;196;land;false;plains;1
8477;218;166;212;land;false;plains;1
8478;219;122;164;land;false;plains;1
8479;174;220;184;land;false;plains;1
8480;239;252;97;land;false;plains;1
8481;227;155;134;land;false;plains;1
8482;213;153;223;land;false;plains;1
8483;181;235;187;land;false;plains;1
8484;220;213;230;land;false;plains;1
8485;206;218;101;land;false;plains;1
8486;244;195;68;land;false;plains;1
8487;168;241;126;land;false;plains;1
8488;247;138;223;land;false;plains;1
8489;156;188;246;land;false;plains;1
8490;239;208;240;land;false;plains;1
8491;246;200;161;land;false;plains;1
8492;155;154;228;land;false;plains;1
8493;124;246;237;land;false;plains;1
8494;162;233;213;land;false;plains;1
8495;213;49;253;land;false;plains;1
8496;128;207;228;land;false;plains;1
8497;157;169;236;land;false;plains;1
8498;74;253;212;land;false;plains;1
8499;222;164;244;land;false;plains;1
8500;234;204;242;land;false;plains;1
8501;86;211;222;land;false;plains;1
8502;244;185;73;land;false;plains;1
8503;111;252;141;land;false;plains;1
8504;201;175;233;land;false;plains;1
8505;179;191;234;land;false;plains;1
8506;208;245;197;land;false;plains;1
8507;216;155;155;land;false;plains;1
8508;148;192;183;land;false;plains;1
8509;175;154;226;land;false;plains;1
8510;246;111;150;land;false;plains;1
8511;140;171;215;land;false;plains;1
8512;251;254;64;land;false;plains;1
8513;245;201;194;land;false;plains;1
8514;244;180;135;land;false;plains;1
8515;105;193;206;land;false;plains;1
8516;69;227;238;land;false;plains;1
8517;80;196;239;land;false;plains;1
8518;226;120;243;land;false;plains;1
8519;140;206;198;land;false;plains;1
8520;210;236;117;land;false;plains;1
8521;181;200;146;land;false;plains;1
8522;86;253;208;land;false;plains;1
8523;222;179;235;land;false;plains;1
8524;250;226;113;land;false;plains;1
8525;247;97;252;land;false;plains;1
8526;181;200;233;land;false;plains;1
8527;240;70;213;land;false;plains;1
8528;230;169;189;land;false;plains;1
8529;254;191;83;land;false;plains;1
8530;248;173;123;land;false;plains;1
8531;121;182;238;land;false;plains;1
8532;234;243;118;land;false;plains;1
8533;113;158;243;land;false;plains;1
8534;123;211;240;land;false;plains;1
8535;144;154;237;land;false;plains;1
8536;171;230;234;land;false;plains;1
8537;120;252;247;land;false;plains;1
8538;254;200;247;land;false;plains;1
8539;229;243;54;land;false;plains;1
8540;247;92;224;land;false;plains;1
8541;234;164;173;land;false;plains;1
8542;163;247;98;land;false;plains;1
8543;171;157;240;land;false;plains;1
8544;232;183;91;land;false;plains;1
8545;190;154;197;land;false;plains;1
8546;141;197;224;land;false;plains;1
8547;172;122;238;land;false;plains;1
8548;231;214;190;land;false;plains;1
8549;156;239;116;land;false;plains;1
8550;235;225;170;land;false;plains;1
8551;246;182;202;land;false;plains;1
8552;227;243;241;land;false;plains;1
8553;151;185;232;land;false;plains;1
8554;202;250;239;land;false;plains;1
8555;205;161;175;land;false;plains;1
8556;67;222;213;land;false;plains;1
8557;146;232;215;land;false;plains;1
8558;118;208;250;land;false;plains;1
8559;215;143;238;land;false;plains;1
8560;171;154;208;land;false;plains;1
8561;234;126;227;land;false;plains;1
8562;217;193;208;land;false;plains;1
8563;245;157;137;land;false;plains;1
8564;133;165;252;land;false;plains;1
8565;207;237;215;land;false;plains;1
8566;187;166;229;land;false;plains;1
8567;179;118;238;land;false;plains;1
8568;112;249;245;land;false;plains;1
8569;140;214;212;land;false;plains;1
8570;215;130;168;land;false;plains;1
8571;185;238;91;land;false;plains;1
8572;109;238;157;land;false;plains;1
8573;201;218;254;land;false;plains;1
8574;139;190;172;land;false;plains;1
8575;235;168;180;land;false;plains;1
8576;41;234;227;land;false;plains;1
8577;214;215;213;land;false;plains;1
8578;234;165;167;land;false;plains;1
8579;244;246;195;land;false;plains;1
8580;212;154;240;land;false;plains;1
8581;210;186;193;land;false;plains;1
8582;212;111;236;land;false;plains;1
8583;243;254;246;land;false;plains;1
8584;95;222;184;land;false;plains;1
8585;251;88;237;land;false;plains;1
8586;220;144;182;land;false;plains;1
8587;165;184;184;land;false;plains;1
8588;248;70;214;land;false;plains;1
8589;206;164;195;land;false;plains;1
8590;56;244;225;land;false;plains;1
8591;105;250;164;land;false;plains;1
8592;207;210;124;land;false;plains;1
8593;217;157;240;land;false;plains;1
8594;202;75;240;land;false;plains;1
8595;250;218;223;land;false;plains;1
8596;188;209;216;land;false;plains;1
8597;141;141;223;land;false;plains;1
8598;162;161;195;land;false;plains;1
8599;203;212;227;land;false;plains;1
8600;224;252;67;land;false;plains;1
8601;193;144;242;land;false;plains;1
8602;183;213;198;land;false;plains;1
8603;107;249;169;land;false;plains;1
8604;209;183;229;land;false;plains;1
8605;219;133;168;land;false;plains;1
8606;195;228;199;land;false;plains;1
8607;245;171;248;land;false;plains;1
8608;252;52;208;land;false;plains;1
8609;146;216;249;land;false;plains;1
8610;96;241;252;land;false;plains;1
8611;238;231;38;land;false;plains;1
8612;169;251;101;land;false;plains;1
8613;90;186;237;land;false;plains;1
8614;135;158;236;land;false;plains;1
8615;205;87;245;land;false;plains;1
8616;156;217;249;land;false;plains;1
8617;15;242;254;land;false;plains;1
8618;171;230;110;land;false;plains;1
8619;185;123;221;land;false;plains;1
8620;248;100;188;land;false;plains;1
8621;238;106;173;land;false;plains;1
8622;227;150;232;land;false;plains;1
8623;128;157;235;land;false;plains;1
8624;149;162;197;land;false;plains;1
8625;238;214;231;land;false;plains;1
8626;181;227;122;land;false;plains;1
8627;249;206;93;land;false;plains;1
8628;221;168;180;land;false;plains;1
8629;193;138;186;land;false;plains;1
8630;106;193;223;land;false;plains;1
8631;106;227;176;land;false;plains;1
8632;213;202;101;land;false;plains;1
8633;245;131;201;land;false;plains;1
8634;230;78;208;land;false;plains;1
8635;185;240;93;land;false;plains;1
8636;235;177;251;land;false;plains;1
8637;142;244;189;land;false;plains;1
8638;48;251;220;land;false;plains;1
8639;238;85;221;land;false;plains;1
8640;95;253;203;land;false;plains;1
8641;208;69;234;land;false;plains;1
8642;230;241;235;land;false;plains;1
8643;158;235;242;land;false;plains;1
8644;233;144;169;land;false;plains;1
8645;241;230;187;land;false;plains;1
8646;229;88;253;land;false;plains;1
8647;189;245;107;land;false;plains;1
8648;157;214;170;land;false;plains;1
8649;208;239;60;land;false;plains;1
8650;206;131;238;land;false;plains;1
8651;180;214;156;land;false;plains;1
8652;142;240;189;land;false;plains;1
8653;216;172;153;land;false;plains;1
8654;219;222;63;land;false;plains;1
8655;121;251;140;land;false;plains;1
8656;111;169;248;land;false;plains;1
8657;174;194;216;land;false;plains;1
8658;101;237;184;land;false;plains;1
8659;174;249;201;land;false;plains;1
8660;194;206;177;land;false;plains;1
8661;133;254;158;land;false;plains;1
8662;166;144;243;land;false;plains;1
8663;120;234;221;land;false;plains;1
8664;155;129;244;land;false;plains;1
8665;191;195;127;land;false;plains;1
8666;244;160;124;land;false;plains;1
8667;169;175;217;land;false;plains;1
8668;248;76;240;land;false;plains;1
8669;186;176;169;land;false;plains;1
8670;154;154;206;land;false;plains;1
8671;189;235;171;land;false;plains;1
8672;168;161;178;land;false;plains;1
8673;126;178;245;land;false;plains;1
8674;215;201;167;land;false;plains;1
8675;201;203;173;land;false;plains;1
8676;208;123;229;land;false;plains;1
8677;169;166;184;land;false;plains;1
8678;225;189;128;land;false;plains;1
8679;165;192;186;land;false;plains;1
8680;244;186;198;land;false;plains;1
8681;244;116;148;land;false;plains;1
8682;234;199;68;land;false;plains;1
8683;144;235;209;land;false;plains;1
8684;219;129;159;land;false;plains;1
8685;227;220;199;land;false;plains;1
8686;177;180;236;land;false;plains;1
8687;180;166;212;land;false;plains;1
8688;215;160;157;land;false;plains;1
8689;245;218;113;land;false;plains;1
8690;200;163;176;land;false;plains;1
8691;176;149;180;land;false;plains;1
8692;158;195;149;land;false;plains;1
8693;189;180;224;land;false;plains;1
8694;229;181;94;land;false;plains;1
8695;59;236;228;land;false;plains;1
8696;216;174;198;land;false;plains;1
8697;169;228;154;land;false;plains;1
8698;198;217;157;land;false;plains;1
8699;223;45;241;land;false;plains;1
8700;213;207;100;land;false;plains;1
8701;254;228;175;land;false;plains;1
8702;204;115;233;land;false;plains;1
8703;243;239;165;land;false;plains;1
8704;225;216;107;land;false;plains;1
8705;225;214;65;land;false;plains;1
8706;115;167;224;land;false;plains;1
8707;242;155;171;land;false;plains;1
8708;240;140;240;land;false;plains;1
8709;208;248;221;land;true;plains;1
8710;246;156;192;land;false;plains;1
8711;158;233;212;land;false;plains;1
8712;231;185;208;land;false;plains;1
8713;149;222;144;land;false;plains;1
8714;190;223;122;land;false;plains;1
8715;239;145;174;land;false;plains;1
8716;158;174;252;land;false;plains;1
8717;200;213;98;land;false;plains;1
8718;251;190;78;land;false;plains;1
8719;212;174;116;land;false;plains;1
8720;241;174;132;land;false;plains;1
8721;252;249;124;land;false;plains;1
8722;45;219;243;land;false;plains;1
8723;110;248;225;land;false;plains;1
8724;234;72;212;land;false;plains;1
8725;204;198;211;land;false;plains;1
8726;231;156;189;land;false;plains;1
8727;244;80;192;land;false;plains;1
8728;111;173;236;land;false;plains;1
8729;220;241;101;land;false;plains;1
8730;202;193;220;land;false;plains;1
8731;217;241;98;land;false;plains;1
8732;212;159;199;land;false;plains;1
8733;173;184;158;land;false;plains;1
8734;176;191;239;land;false;plains;1
8735;206;253;90;land;false;plains;1
8736;191;173;149;land;false;plains;1
8737;51;226;236;land;false;plains;1
8738;199;95;252;land;false;plains;1
8739;114;240;176;land;false;plains;1
8740;222;190;187;land;false;plains;1
8741;92;204;230;land;false;plains;1
8742;227;233;191;land;false;plains;1
8743;119;232;194;land;false;plains;1
8744;247;117;192;land;false;plains;1
8745;228;244;119;land;false;plains;1
8746;251;182;130;land;false;plains;1
8747;243;99;189;land;false;plains;1
8748;247;207;131;land;false;plains;1
8749;222;209;173;land;false;plains;1
8750;192;219;224;land;false;plains;1
8751;90;221;234;land;false;plains;1
8752;196;169;250;land;false;plains;1
8753;105;188;212;land;false;plains;1
8754;190;237;216;land;false;plains;1
8755;184;212;189;land;false;plains;1
8756;53;216;249;land;false;plains;1
8757;248;123;232;land;false;plains;1
8758;209;159;253;land;false;plains;1
8759;240;225;229;land;false;plains;1
8760;80;202;223;land;false;plains;1
8761;169;244;198;land;false;plains;1
8762;61;226;218;land;false;plains;1
8763;249;174;218;land;false;plains;1
8764;232;142;187;land;true;plains;1
8765;203;192;246;land;false;plains;1
8766;129;205;236;land;false;plains;1
8767;192;243;147;land;false;plains;1
8768;178;237;233;land;false;plains;1
8769;185;213;212;land;false;plains;1
8770;243;215;202;land;false;plains;1
8771;128;243;244;land;false;plains;1
8772;195;253;174;land;false;plains;1
8773;202;221;169;land;false;plains;1
8774;61;222;235;land;false;plains;1
8775;168;202;224;land;false;plains;1
8776;133;184;240;land;false;plains;1
8777;199;159;152;land;false;plains;1
8778;196;219;209;land;false;plains;1
8779;227;185;161;land;false;plains;1
8780;221;156;155;land;false;plains;1
8781;151;202;187;land;false;plains;1
8782;145;180;209;land;false;plains;1
8783;124;234;189;land;false;plains;1
8784;253;138;221;land;false;plains;1
8785;188;170;166;land;false;plains;1
8786;195;149;198;land;false;plains;1
8787;51;220;237;land;false;plains;1
8788;241;236;219;land;false;plains;1
8789;215;64;225;land;false;plains;1
8790;236;148;164;land;false;plains;1
8791;149;230;154;land;false;plains;1
8792;253;146;120;land;false;plains;1
8793;212;201;154;land;false;plains;1
8794;117;244;171;land;false;plains;1
8795;252;237;110;land;false;plains;1
8796;212;131;182;land;false;plains;1
8797;162;175;173;land;false;plains;1
8798;137;208;163;land;false;plains;1
8799;194;163;242;land;false;plains;1
8800;217;123;229;land;false;plains;1
8801;234;105;217;land;false;plains;1
8802;155;252;146;land;false;plains;1
8803;172;208;196;land;false;plains;1
8804;222;112;178;land;false;plains;1
8805;203;238;165;land;false;plains;1
8806;127;253;201;land;false;plains;1
8807;194;192;200;land;false;plains;1
8808;131;163;215;land;false;plains;1
8809;169;247;125;land;false;plains;1
8810;138;247;243;land;false;plains;1
8811;114;171;249;land;false;plains;1
8812;209;128;220;land;false;plains;1
8813;171;240;229;land;false;plains;1
8814;183;201;140;land;false;plains;1
8815;123;248;193;land;false;plains;1
8816;173;178;183;land;false;plains;1
8817;170;254;183;land;false;plains;1
8818;134;210;232;land;false;plains;1
8819;217;190;191;land;false;plains;1
8820;221;237;174;land;false;plains;1
8821;168;183;197;land;false;plains;1
8822;217;158;155;land;false;plains;1
8823;233;42;231;land;false;plains;1
8824;95;228;234;land;false;plains;1
8825;238;67;215;land;false;plains;1
8826;176;184;226;land;false;plains;1
8827;244;93;235;land;false;plains;1
8828;242;95;189;land;false;plains;1
8829;151;245;221;land;false;plains;1
8830;241;171;105;land;false;plains;1
8831;218;222;198;land;false;plains;1
8832;252;142;249;land;false;plains;1
8833;222;250;38;land;false;plains;1
8834;208;151;143;land;false;plains;1
8835;176;247;93;land;false;plains;1
8836;254;190;224;land;false;plains;1
8837;128;232;171;land;false;plains;1
8838;237;197;77;land;false;plains;1
8839;251;241;247;land;false;plains;1
8840;198;157;241;land;false;plains;1
8841;231;90;208;land;false;plains;1
8842;202;51;251;land;false;plains;1
8843;235;207;202;land;false;plains;1
8844;240;188;131;land;false;plains;1
8845;140;212;193;land;false;plains;1
8846;112;224;180;land;false;plains;1
8847;40;230;241;land;false;plains;1
8848;228;85;205;land;false;plains;1
8849;225;227;51;land;false;plains;1
8850;204;239;150;land;false;plains;1
8851;188;250;176;land;false;plains;1
8852;246;72;203;land;false;plains;1
8853;213;142;199;land;false;plains;1
8854;229;157;186;land;false;plains;1
8855;209;101;244;land;false;plains;1
8856;164;171;233;land;false;plains;1
8857;217;214;159;land;false;plains;1
8858;180;185;188;land;false;plains;1
8859;219;246;94;land;false;plains;1
8860;192;192;179;land;false;plains;1
8861;225;254;80;land;false;plains;1
8862;231;238;247;land;false;plains;1
8863;254;251;214;land;false;plains;1
8864;187;202;229;land;false;plains;1
8865;239;221;103;land;false;plains;1
8866;249;231;193;land;false;plains;1
8867;218;240;193;land;false;plains;1
8868;197;239;204;land;false;plains;1
8869;202;240;198;land;false;plains;1
8870;235;221;80;land;false;plains;1
8871;164;129;220;land;false;plains;1
8872;162;164;214;land;false;plains;1
8873;247;151;106;land;false;plains;1
8874;222;252;173;land;false;plains;1
8875;176;183;205;land;false;plains;1
8876;254;109;187;land;false;plains;1
8877;120;189;227;land;false;plains;1
8878;88;202;211;land;false;plains;1
8879;199;104;198;land;false;plains;1
8880;211;238;72;land;false;plains;1
8881;247;180;188;land;false;plains;1
8882;230;181;191;land;false;plains;1
8883;137;193;171;land;false;plains;1
8884;190;76;249;land;false;plains;1
8885;181;252;116;land;false;plains;1
8886;253;48;248;land;false;plains;1
8887;218;234;221;land;false;plains;1
8888;249;215;196;land;false;plains;1
8889;226;251;248;land;false;plains;1
8890;241;142;203;land;false;plains;1
8891;174;216;133;land;false;plains;1
8892;230;175;198;land;false;plains;1
8893;168;81;252;land;false;plains;1
8894;250;239;197;land;false;plains;1
8895;223;241;113;land;false;plains;1
8896;161;250;200;land;false;plains;1
8897;191;96;241;land;false;plains;1
8898;176;233;171;land;false;plains;1
8899;224;182;174;land;false;plains;1
8900;173;209;252;land;false;plains;1
8901;224;123;159;land;false;plains;1
8902;181;192;145;land;false;plains;1
8903;205;100;204;land;false;plains;1
8904;130;221;245;land;false;plains;1
8905;221;145;168;land;false;plains;1
8906;217;109;225;land;false;plains;1
8907;168;247;230;land;false;plains;1
8908;206;164;145;land;false;plains;1
8909;64;216;233;land;false;plains;1
8910;235;222;238;land;false;plains;1
8911;239;179;215;land;false;plains;1
8912;110;231;188;land;false;plains;1
8913;206;144;220;land;false;plains;1
8914;207;162;236;land;false;plains;1
8915;231;213;171;land;false;plains;1
8916;226;72;231;land;false;plains;1
8917;201;106;194;land;false;plains;1
8918;220;116;211;land;false;plains;1
8919;193;249;212;land;false;plains;1
8920;235;155;244;land;false;plains;1
8921;214;188;182;land;false;plains;1
8922;226;122;153;land;false;plains;1
8923;88;248;195;land;false;plains;1
8924;203;165;244;land;false;plains;1
8925;112;144;245;land;false;plains;1
8926;232;241;49;land;false;plains;1
8927;126;203;196;land;false;plains;1
8928;193;242;130;land;false;plains;1
8929;217;184;107;land;false;plains;1
8930;87;227;190;land;false;plains;1
8931;212;220;237;land;false;plains;1
8932;159;230;129;land;false;plains;1
8933;246;21;234;land;false;plains;1
8934;224;173;112;land;false;plains;1
8935;158;239;145;land;false;plains;1
8936;162;114;239;land;false;plains;1
8937;233;154;187;land;false;plains;1
8938;139;243;230;land;false;plains;1
8939;205;175;193;land;false;plains;1
8940;129;225;214;land;false;plains;1
8941;69;253;200;land;false;plains;1
8942;208;238;55;land;false;plains;1
8943;249;169;245;land;false;plains;1
8944;213;160;133;land;false;plains;1
8945;233;229;55;land;false;plains;1
8946;87;232;230;land;false;plains;1
8947;156;220;248;land;false;plains;1
8948;67;254;193;land;false;plains;1
8949;124;189;243;land;false;plains;1
8950;217;173;191;land;false;plains;1
8951;223;84;251;land;false;plains;1
8952;182;205;126;land;false;plains;1
8953;254;114;167;land;false;plains;1
8954;142;162;221;land;false;plains;1
8955;216;202;118;land;false;plains;1
8956;128;223;191;land;false;plains;1
8957;160;238;143;land;false;plains;1
8958;234;106;240;land;false;plains;1
8959;245;30;230;land;false;plains;1
8960;196;133;216;land;false;plains;1
8961;88;212;254;land;false;plains;1
8962;145;250;227;land;false;plains;1
8963;229;130;185;land;false;plains;1
8964;193;104;222;land;false;plains;1
8965;77;204;251;land;false;plains;1
8966;173;194;247;land;false;plains;1
8967;131;244;210;land;false;plains;1
8968;130;248;224;land;false;plains;1
8969;133;163;222;land;false;plains;1
8970;141;201;171;land;false;plains;1
8971;197;185;191;land;false;plains;1
8972;243;110;174;land;false;plains;1
8973;97;234;212;land;false;plains;1
8974;122;249;137;land;false;plains;1
8975;203;113;210;land;false;plains;1
8976;167;177;197;land;false;plains;1
8977;200;212;91;land;false;plains;1
8978;217;192;241;land;false;plains;1
8979;137;245;194;land;false;plains;1
8980;241;190;83;land;false;plains;1
8981;227;194;212;land;false;plains;1
8982;190;232;244;land;false;plains;1
8983;231;194;89;land;false;plains;1
8984;177;167;157;land;false;plains;1
8985;249;162;193;land;false;plains;1
8986;166;241;160;land;false;plains;1
8987;198;210;205;land;false;plains;1
8988;251;252;228;land;false;plains;1
8989;229;242;86;land;true;plains;1
8990;178;201;210;land;false;plains;1
8991;233;64;209;land;false;plains;1
8992;192;143;244;land;false;plains;1
8993;41;248;228;land;false;plains;1
8994;169;158;191;land;false;plains;1
8995;169;233;243;land;false;plains;1
8996;231;218;80;land;false;plains;1
8997;225;124;187;land;false;plains;1
8998;131;185;206;land;false;plains;1
8999;241;246;39;land;false;plains;1
9000;183;231;212;land;false;plains;1
9001;239;167;168;land;false;plains;1
9002;174;198;135;land;false;plains;1
9003;222;234;130;land;false;plains;1
9004;122;196;221;land;false;plains;1
9005;171;211;165;land;false;plains;1
9006;161;152;211;land;true;plains;1
9007;233;167;220;land;false;plains;1
9008;244;106;178;land;false;plains;1
9009;167;204;208;land;false;plains;1
9010;181;229;248;land;false;plains;1
9011;247;126;254;land;false;plains;1
9012;113;249;171;land;false;plains;1
9013;202;135;198;land;false;plains;1
9014;204;214;155;land;false;plains;1
9015;223;200;234;land;false;plains;1
9016;192;205;225;land;false;plains;1
9017;246;62;218;land;false;plains;1
9018;184;221;240;land;false;plains;1
9019;189;219;203;land;false;plains;1
9020;189;237;208;land;false;plains;1
9021;85;176;250;land;false;plains;1
9022;236;141;138;land;false;plains;1
9023;252;140;145;land;false;plains;1
9024;166;222;242;land;false;plains;1
9025;205;221;247;land;false;plains;1
9026;191;251;247;land;false;plains;1
9027;203;243;104;land;false;plains;1
9028;192;249;232;land;false;plains;1
9029;182;229;248;land;false;plains;1
9030;133;219;183;land;false;plains;1
9031;217;192;99;land;false;plains;1
9032;246;142;113;land;false;plains;1
9033;243;217;223;land;false;plains;1
9034;115;251;249;land;false;plains;1
9035;155;189;185;land;false;plains;1
9036;203;103;221;land;false;plains;1
9037;161;226;215;land;false;plains;1
9038;222;241;115;land;false;plains;1
9039;253;173;250;land;false;plains;1
9040;225;42;244;land;false;plains;1
9041;127;241;240;land;false;plains;1
9042;44;248;233;land;false;plains;1
9043;151;125;241;land;false;plains;1
9044;192;170;226;land;false;plains;1
9045;226;237;63;land;false;plains;1
9046;173;197;184;land;true;plains;1
9047;166;199;147;land;false;plains;1
9048;238;104;169;land;false;plains;1
9049;150;130;229;land;false;plains;1
9050;91;238;224;land;false;plains;1
9051;230;111;246;land;false;plains;1
9052;237;247;148;land;false;plains;1
9053;254;247;195;land;false;plains;1
9054;29;241;242;land;false;plains;1
9055;230;162;163;land;false;plains;1
9056;203;167;227;land;false;plains;1
9057;132;192;193;land;false;plains;1
9058;102;208;252;land;false;plains;1
9059;126;174;212;land;false;plains;1
9060;111;252;249;land;false;plains;1
9061;59;205;246;land;false;plains;1
9062;149;146;224;land;false;plains;1
9063;166;176;199;land;false;plains;1
9064;150;194;179;land;false;plains;1
9065;251;100;224;land;false;plains;1
9066;198;178;148;land;false;plains;1
9067;175;226;229;land;false;plains;1
9068;88;242;239;land;false;plains;1
9069;215;153;235;land;false;plains;1
9070;149;198;161;land;false;plains;1
9071;201;240;173;land;false;plains;1
9072;234;185;88;land;false;plains;1
9073;206;212;173;land;false;plains;1
9074;170;220;222;land;false;plains;1
9075;171;147;189;land;false;plains;1
9076;226;194;249;land;false;plains;1
9077;234;142;222;land;false;plains;1
9078;188;239;253;land;false;plains;1
9079;237;216;139;land;false;plains;1
9080;120;242;167;land;false;plains;1
9081;207;200;193;land;false;plains;1
9082;223;121;184;land;false;plains;1
9083;231;153;148;land;false;plains;1
9084;190;225;165;land;false;plains;1
9085;140;173;208;land;false;plains;1
9086;101;232;242;land;false;plains;1
9087;187;155;182;land;false;plains;1
9088;234;97;194;land;false;plains;1
9089;220;58;240;land;false;plains;1
9090;235;222;140;land;false;plains;1
9091;139;169;199;land;false;plains;1
9092;224;169;247;land;false;plains;1
9093;253;148;173;land;false;plains;1
9094;208;108;199;land;false;plains;1
9095;226;234;52;land;false;plains;1
9096;163;170;175;land;false;plains;1
9097;73;191;244;land;false;plains;1
9098;215;225;72;land;false;plains;1
9099;252;224;57;land;false;plains;1
9100;199;234;125;land;false;plains;1
9101;248;179;198;land;false;plains;1
9102;158;208;156;land;false;plains;1
9103;226;224;54;land;false;plains;1
9104;195;226;118;land;false;plains;1
9105;215;238;226;land;false;plains;1
9106;148;253;214;land;false;plains;1
9107;208;187;114;land;false;plains;1
9108;211;213;183;land;false;plains;1
9109;120;197;202;land;false;plains;1
9110;112;209;218;land;false;plains;1
9111;218;67;231;land;false;plains;1
9112;113;230;198;land;false;plains;1
9113;215;227;163;land;false;plains;1
9114;172;230;152;land;false;plains;1
9115;241;188;72;land;false;plains;1
9116;245;194;227;land;false;plains;1
9117;104;175;228;land;false;plains;1
9118;250;220;171;land;false;plains;1
9119;213;145;248;land;false;plains;1
9120;222;212;170;land;false;plains;1
9121;243;85;211;land;false;plains;1
9122;72;216;232;land;false;plains;1
9123;196;243;91;land;false;plains;1
9124;252;125;190;land;false;plains;1
9125;210;217;132;land;false;plains;1
9126;147;201;227;land;false;plains;1
9127;131;196;231;land;false;plains;1
9128;147;209;203;land;false;plains;1
9129;154;237;153;land;false;plains;1
9130;206;252;231;land;false;plains;1
9131;235;234;131;land;false;plains;1
9132;146;235;228;land;false;plains;1
9133;224;215;88;land;false;plains;1
9134;176;230;189;land;false;plains;1
9135;179;214;143;land;false;plains;1
9136;194;252;167;land;false;plains;1
9137;208;129;247;land;false;plains;1
9138;96;216;212;land;false;plains;1
9139;252;147;182;land;false;plains;1
9140;45;249;239;land;false;plains;1
9141;102;245;177;land;false;plains;1
9142;80;247;223;land;false;plains;1
9143;184;123;252;land;false;plains;1
9144;174;187;187;land;false;plains;1
9145;158;109;235;land;false;plains;1
9146;181;184;183;land;false;plains;1
9147;240;241;175;land;false;plains;1
9148;159;208;143;land;false;plains;1
9149;35;216;251;land;false;plains;1
9150;249;214;102;land;false;plains;1
9151;104;251;201;land;false;plains;1
9152;247;180;212;land;false;plains;1
9153;235;240;105;land;false;plains;1
9154;150;239;118;land;false;plains;1
9155;208;205;112;land;false;plains;1
9156;253;232;198;land;false;plains;1
9157;250;169;83;land;false;plains;1
9158;176;171;191;land;false;plains;1
9159;200;140;199;land;false;plains;1
9160;127;231;235;land;false;plains;1
9161;244;238;170;land;false;plains;1
9162;182;220;180;land;false;plains;1
9163;238;213;111;land;false;plains;1
9164;204;201;200;land;false;plains;1
9165;67;253;224;land;false;plains;1
9166;162;152;224;land;false;plains;1
9167;35;254;227;land;false;plains;1
9168;169;138;223;land;false;plains;1
9169;135;238;143;land;false;plains;1
9170;216;240;145;land;false;plains;1
9171;200;97;220;land;false;plains;1
9172;227;146;185;land;false;plains;1
9173;90;224;204;land;false;plains;1
9174;206;223;121;land;false;plains;1
9175;232;212;154;land;false;plains;1
9176;250;89;163;land;false;plains;1
9177;242;126;140;land;false;plains;1
9178;215;241;173;land;false;plains;1
9179;238;246;73;land;false;plains;1
9180;66;217;238;land;false;plains;1
9181;234;99;176;land;false;plains;1
9182;241;216;182;land;false;plains;1
9183;243;55;227;land;false;plains;1
9184;214;207;175;land;false;plains;1
9185;120;234;182;land;false;plains;1
9186;113;183;239;land;false;plains;1
9187;188;228;133;land;false;plains;1
9188;253;235;18;land;false;plains;1
9189;179;178;229;land;false;plains;1
9190;203;171;192;land;false;plains;1
9191;199;217;176;land;false;plains;1
9192;248;70;231;land;false;plains;1
9193;172;191;143;land;false;plains;1
9194;188;236;100;land;false;plains;1
9195;240;238;124;land;false;plains;1
9196;190;210;116;land;false;plains;1
9197;215;150;163;land;false;plains;1
9198;151;222;191;land;false;plains;1
9199;205;222;119;land;false;plains;1
9200;189;108;253;land;false;plains;1
9201;195;248;87;land;false;plains;1
9202;247;137;244;land;false;plains;1
9203;120;250;253;land;false;plains;1
9204;226;135;244;land;false;plains;1
9205;209;239;244;land;false;plains;1
9206;58;223;250;land;false;plains;1
9207;240;179;183;land;false;plains;1
9208;180;191;211;land;false;plains;1
9209;189;244;157;land;false;plains;1
9210;165;254;111;land;false;plains;1
9211;237;128;212;land;false;plains;1
9212;251;143;122;land;false;plains;1
9213;246;53;223;land;false;plains;1
9214;252;79;251;land;false;plains;1
9215;138;137;234;land;false;plains;1
9216;245;115;236;land;false;plains;1
9217;190;186;202;land;false;plains;1
9218;222;144;169;land;false;plains;1
9219;227;227;83;land;false;plains;1
9220;214;251;135;land;false;plains;1
9221;243;209;229;land;false;plains;1
9222;200;200;243;land;false;plains;1
9223;127;216;192;land;false;plains;1
9224;211;197;218;land;false;plains;1
9225;179;168;248;land;false;plains;1
9226;211;130;210;land;false;plains;1
9227;247;180;145;land;false;plains;1
9228;114;250;147;land;false;plains;1
9229;212;175;200;land;false;plains;1
9230;233;242;85;land;false;plains;1
9231;188;246;228;land;false;plains;1
9232;160;144;250;land;false;plains;1
9233;182;123;197;land;false;plains;1
9234;246;55;202;land;false;plains;1
9235;246;116;185;land;false;plains;1
9236;234;126;222;land;false;plains;1
9237;208;206;230;land;false;plains;1
9238;248;251;212;land;false;plains;1
9239;125;202;241;land;false;plains;1
9240;69;245;241;land;false;plains;1
9241;132;191;180;land;false;plains;1
9242;114;242;195;land;false;plains;1
9243;166;243;136;land;false;plains;1
9244;216;125;213;land;false;plains;1
9245;181;196;175;land;false;plains;1
9246;36;239;238;land;false;plains;1
9247;178;237;122;land;false;plains;1
9248;110;204;227;land;false;plains;1
9249;254;239;116;land;false;plains;1
9250;110;187;237;land;false;plains;1
9251;198;179;212;land;false;plains;1
9252;181;139;245;land;false;plains;1
9253;118;223;173;land;false;plains;1
9254;233;250;186;land;false;plains;1
9255;198;163;225;land;false;plains;1
9256;206;175;155;land;false;plains;1
9257;252;246;92;land;false;plains;1
9258;185;184;140;land;false;plains;1
9259;88;252;171;land;false;plains;1
9260;227;126;225;land;false;plains;1
9261;207;238;66;land;false;plains;1
9262;173;127;215;land;false;plains;1
9263;169;153;239;land;false;plains;1
9264;172;220;160;land;false;plains;1
9265;231;237;131;land;false;plains;1
9266;149;219;234;land;false;plains;1
9267;186;201;189;land;false;plains;1
9268;245;174;157;land;false;plains;1
9269;193;214;151;land;false;plains;1
9270;116;175;237;land;false;plains;1
9271;195;179;134;land;false;plains;1
9272;190;92;227;land;false;plains;1
9273;188;236;193;land;false;plains;1
9274;199;211;152;land;false;plains;1
9275;96;210;219;land;false;plains;1
9276;216;60;238;land;false;plains;1
9277;246;127;215;land;false;plains;1
9278;225;254;218;land;false;plains;1
9279;203;169;135;land;false;plains;1
9280;202;192;136;land;false;plains;1
9281;202;180;162;land;false;plains;1
9282;244;240;177;land;false;plains;1
9283;205;235;80;land;false;plains;1
9284;221;203;237;land;false;plains;1
9285;168;230;132;land;false;plains;1
9286;188;217;206;land;false;plains;1
9287;152;241;159;land;false;plains;1
9288;210;201;194;land;false;plains;1
9289;245;147;158;land;false;plains;1
9290;154;155;207;land;false;plains;1
9291;189;189;253;land;false;plains;1
9292;148;250;175;land;false;plains;1
9293;252;219;105;land;false;plains;1
9294;250;253;182;land;false;plains;1
9295;198;110;205;land;false;plains;1
9296;235;104;213;land;false;plains;1
9297;240;225;146;land;false;plains;1
9298;236;227;94;land;false;plains;1
9299;153;168;220;land;false;plains;1
9300;249;167;189;land;false;plains;1
9301;200;113;199;land;false;plains;1
9302;193;254;169;land;false;plains;1
9303;55;244;232;land;false;plains;1
9304;222;174;243;land;false;plains;1
9305;106;219;183;land;false;plains;1
9306;203;147;253;land;false;plains;1
9307;253;127;249;land;false;plains;1
9308;9;245;248;land;false;plains;1
9309;114;192;224;land;false;plains;1
9310;235;123;151;land;false;plains;1
9311;222;140;180;land;false;plains;1
9312;121;228;189;land;false;plains;1
9313;176;175;189;land;false;plains;1
9314;215;131;167;land;false;plains;1
9315;254;158;118;land;false;plains;1
9316;237;240;194;land;false;plains;1
9317;189;191;152;land;false;plains;1
9318;83;250;242;land;false;plains;1
9319;235;128;156;land;false;plains;1
9320;142;209;212;land;false;plains;1
9321;89;246;175;land;false;plains;1
9322;204;137;248;land;false;plains;1
9323;170;254;78;land;false;plains;1
9324;166;254;114;land;false;plains;1
9325;137;182;249;land;false;plains;1
9326;192;122;208;land;false;plains;1
9327;247;105;173;land;false;plains;1
9328;212;95;237;land;false;plains;1
9329;233;198;211;land;false;plains;1
9330;181;224;209;land;false;plains;1
9331;212;150;182;land;false;plains;1
9332;207;249;160;land;false;plains;1
9333;176;204;159;land;false;plains;1
9334;129;207;234;land;false;plains;1
9335;231;160;228;land;false;plains;1
9336;160;141;247;land;false;plains;1
9337;229;200;236;land;false;plains;1
9338;206;168;135;land;false;plains;1
9339;213;125;234;land;false;plains;1
9340;254;185;68;land;false;plains;1
9341;118;198;230;land;false;plains;1
9342;246;195;90;land;false;plains;1
9343;81;236;212;land;false;plains;1
9344;244;211;126;land;false;plains;1
9345;239;178;161;land;false;plains;1
9346;233;215;239;land;false;plains;1
9347;205;153;148;land;false;plains;1
9348;179;179;221;land;false;plains;1
9349;216;254;72;land;false;plains;1
9350;127;135;239;land;false;plains;1
9351;221;210;136;land;false;plains;1
9352;183;172;148;land;false;plains;1
9353;220;180;126;land;false;plains;1
9354;132;175;235;land;false;plains;1
9355;246;143;223;land;false;plains;1
9356;135;197;211;land;false;plains;1
9357;178;153;182;land;false;plains;1
9358;249;59;232;land;false;plains;1
9359;200;149;220;land;false;plains;1
9360;245;221;91;land;false;plains;1
9361;238;189;108;land;false;plains;1
9362;129;198;187;land;false;plains;1
9363;104;228;231;land;false;plains;1
9364;167;205;234;land;false;plains;1
9365;254;253;163;land;false;plains;1
9366;199;230;73;land;false;plains;1
9367;209;240;115;land;false;plains;1
9368;248;111;230;land;false;plains;1
9369;133;231;205;land;false;plains;1
9370;156;228;249;land;false;plains;1
9371;240;128;203;land;false;plains;1
9372;150;137;252;land;false;plains;1
9373;157;206;246;land;false;plains;1
9374;201;220;179;land;false;plains;1
9375;240;190;82;land;false;plains;1
9376;206;243;194;land;false;plains;1
9377;166;168;239;land;false;plains;1
9378;177;182;172;land;false;plains;1
9379;165;245;196;land;false;plains;1
9380;246;98;231;land;false;plains;1
9381;243;220;134;land;false;plains;1
9382;226;149;164;land;false;plains;1
9383;135;227;224;land;false;plains;1
9384;38;227;246;land;false;plains;1
9385;241;216;137;land;false;plains;1
9386;243;84;217;land;false;plains;1
9387;176;166;174;land;false;plains;1
9388;230;88;220;land;false;plains;1
9389;186;162;168;land;false;plains;1
9390;189;162;238;land;false;plains;1
9391;173;131;243;land;false;plains;1
9392;178;200;154;land;false;plains;1
9393;167;198;160;land;false;plains;1
9394;203;178;200;land;false;plains;1
9395;222;199;213;land;false;plains;1
9396;162;177;247;land;false;plains;1
9397;236;239;70;land;false;plains;1
9398;147;207;200;land;false;plains;1
9399;178;215;191;land;false;plains;1
9400;239;226;69;land;false;plains;1
9401;250;252;14;land;false;plains;1
9402;250;142;198;land;false;plains;1
9403;221;218;89;land;false;plains;1
9404;176;170;175;land;false;plains;1
9405;231;116;232;land;false;plains;1
9406;224;236;141;land;false;plains;1
9407;229;135;150;land;false;plains;1
9408;246;148;215;land;false;plains;1
9409;180;140;223;land;false;plains;1
9410;254;82;213;land;false;plains;1
9411;136;219;194;land;false;plains;1
9412;229;182;168;land;false;plains;1
9413;240;217;50;land;false;plains;1
9414;126;235;149;land;false;plains;1
9415;145;209;168;land;false;plains;1
9416;145;118;242;land;false;plains;1
9417;218;167;170;land;false;plains;1
9418;191;192;119;land;false;plains;1
9419;214;79;223;land;false;plains;1
9420;129;252;207;land;false;plains;1
9421;225;205;245;land;false;plains;1
9422;111;158;242;land;false;plains;1
9423;252;213;221;land;false;plains;1
9424;71;248;188;land;false;plains;1
9425;247;177;105;land;false;plains;1
9426;223;52;239;land;false;plains;1
9427;142;177;237;land;false;plains;1
9428;168;239;154;land;false;plains;1
9429;207;155;204;land;false;plains;1
9430;126;234;195;land;false;plains;1
9431;168;215;139;land;false;plains;1
9432;209;168;235;land;false;plains;1
9433;157;198;147;land;false;plains;1
9434;178;251;234;land;false;plains;1
9435;250;157;207;land;false;plains;1
9436;146;207;234;land;false;plains;1
9437;164;196;157;land;false;plains;1
9438;226;241;236;land;false;plains;1
9439;94;248;175;land;false;plains;1
9440;184;147;254;land;false;plains;1
9441;198;84;223;land;false;plains;1
9442;141;187;213;land;false;plains;1
9443;238;194;176;land;false;plains;1
9444;99;254;233;land;false;plains;1
9445;103;238;183;land;false;plains;1
9446;172;227;215;land;false;plains;1
9447;217;128;192;land;false;plains;1
9448;251;246;17;land;false;plains;1
9449;97;196;226;land;false;plains;1
9450;110;225;246;land;false;plains;1
9451;216;220;165;land;false;plains;1
9452;184;188;211;land;false;plains;1
9453;226;221;225;land;false;plains;1
9454;119;155;245;land;false;plains;1
9455;161;234;244;land;false;plains;1
9456;205;207;178;land;false;plains;1
9457;172;126;204;land;false;plains;1
9458;218;231;250;land;false;plains;1
9459;221;219;98;land;false;plains;1
9460;86;254;210;land;false;plains;1
9461;217;184;138;land;false;plains;1
9462;225;88;215;land;false;plains;1
9463;249;240;49;land;false;plains;1
9464;209;148;195;land;false;plains;1
9465;219;204;152;land;false;plains;1
9466;118;211;229;land;false;plains;1
9467;240;90;225;land;false;plains;1
9468;87;216;225;land;false;plains;1
9469;161;100;245;land;false;plains;1
9470;196;212;219;land;false;plains;1
9471;243;190;116;land;false;plains;1
9472;193;243;173;land;false;plains;1
9473;206;238;88;land;false;plains;1
9474;237;95;180;land;false;plains;1
9475;235;93;247;land;false;plains;1
9476;151;249;150;land;false;plains;1
9477;173;218;110;land;false;plains;1
9478;241;205;190;land;false;plains;1
9479;232;71;236;land;false;plains;1
9480;216;228;81;land;false;plains;1
9481;68;195;239;land;false;plains;1
9482;183;202;173;land;false;plains;1
9483;228;176;103;land;false;plains;1
9484;154;211;229;land;false;plains;1
9485;128;221;197;land;false;plains;1
9486;141;112;252;land;false;plains;1
9487;91;253;243;land;false;plains;1
9488;179;147;225;land;false;plains;1
9489;185;211;222;land;false;plains;1
9490;123;244;212;land;false;plains;1
9491;216;114;207;land;false;plains;1
9492;247;211;214;land;false;plains;1
9493;210;97;199;land;false;plains;1
9494;234;238;158;land;false;plains;1
9495;149;234;157;land;false;plains;1
9496;174;158;176;land;false;plains;1
9497;82;184;245;land;false;plains;1
9498;121;226;220;land;false;plains;1
9499;112;242;148;land;false;plains;1
9500;204;201;175;land;false;plains;1
9501;189;251;137;land;false;plains;1
9502;213;242;46;land;false;plains;1
9503;78;207;240;land;false;plains;1
9504;86;252;164;land;false;plains;1
9505;164;163;187;land;false;plains;1
9506;201;244;192;land;false;plains;1
9507;145;239;217;land;false;plains;1
9508;233;250;183;land;false;plains;1
9509;186;155;160;land;false;plains;1
9510;196;254;206;land;false;plains;1
9511;237;135;161;land;false;plains;1
9512;107;156;241;land;false;plains;1
9513;232;209;89;land;false;plains;1
9514;183;152;199;land;false;plains;1
9515;165;113;225;land;false;plains;1
9516;186;164;178;land;false;plains;1
9517;174;230;169;land;false;plains;1
9518;101;251;194;land;false;plains;1
9519;250;144;119;land;false;plains;1
9520;223;169;235;land;false;plains;1
9521;245;22;239;land;false;plains;1
9522;250;240;127;land;false;plains;1
9523;157;188;192;land;false;plains;1
9524;251;116;193;land;false;plains;1
9525;220;198;161;land;false;plains;1
9526;216;239;244;land;false;plains;1
9527;179;180;202;land;false;plains;1
9528;165;211;165;land;false;plains;1
9529;192;175;173;land;false;plains;1
9530;147;246;174;land;false;plains;1
9531;237;164;254;land;false;plains;1
9532;133;192;180;land;false;plains;1
9533;223;175;193;land;false;plains;1
9534;184;247;220;land;false;plains;1
9535;225;190;184;land;false;plains;1
9536;227;112;207;land;false;plains;1
9537;229;245;57;land;false;plains;1
9538;237;219;78;land;false;plains;1
9539;149;248;247;land;false;plains;1
9540;199;186;249;land;false;plains;1
9541;226;190;95;land;false;plains;1
9542;223;196;188;land;false;plains;1
9543;242;177;236;land;false;plains;1
9544;241;250;210;land;false;plains;1
9545;138;148;239;land;false;plains;1
9546;203;163;249;land;false;plains;1
9547;238;146;201;land;false;plains;1
9548;234;37;252;land;false;plains;1
9549;152;157;228;land;false;plains;1
9550;199;125;210;land;false;plains;1
9551;226;102;221;land;false;plains;1
9552;254;243;57;land;false;plains;1
9553;120;237;171;land;false;plains;1
9554;146;232;127;land;false;plains;1
9555;214;144;162;land;false;plains;1
9556;218;193;128;land;false;plains;1
9557;215;118;173;land;false;plains;1
9558;254;139;153;land;false;plains;1
9559;245;243;113;land;false;plains;1
9560;103;189;212;land;false;plains;1
9561;194;222;202;land;false;plains;1
9562;254;45;239;land;false;plains;1
9563;176;197;234;land;false;plains;1
9564;194;190;250;land;false;plains;1
9565;118;154;254;land;false;plains;1
9566;249;165;224;land;false;plains;1
9567;201;229;172;land;false;plains;1
9568;224;90;219;land;false;plains;1
9569;221;215;175;land;false;plains;1
9570;194;177;242;land;false;plains;1
9571;130;248;221;land;false;plains;1
9572;248;162;93;land;false;plains;1
9573;165;228;134;land;false;plains;1
9574;129;229;249;land;false;plains;1
9575;130;245;170;land;false;plains;1
9576;205;155;217;land;false;plains;1
9577;189;194;188;land;false;plains;1
9578;216;225;94;land;false;plains;1
9579;58;212;253;land;false;plains;1
9580;250;225;206;land;false;plains;1
9581;182;121;237;land;false;plains;1
9582;120;185;221;land;false;plains;1
9583;227;85;229;land;false;plains;1
9584;230;235;43;land;false;plains;1
9585;98;196;251;land;false;plains;1
9586;241;107;184;land;false;plains;1
9587;205;206;120;land;false;plains;1
9588;155;183;198;land;false;plains;1
9589;221;203;210;land;false;plains;1
9590;179;196;211;land;false;plains;1
9591;175;88;250;land;false;plains;1
9592;249;91;254;land;false;plains;1
9593;214;204;143;land;false;plains;1
9594;242;61;214;land;false;plains;1
9595;253;247;26;land;false;plains;1
9596;240;141;232;land;false;plains;1
9597;243;237;151;land;false;plains;1
9598;108;189;249;land;false;plains;1
9599;250;127;167;land;false;plains;1
9600;220;179;109;land;false;plains;1
9601;172;243;104;land;false;plains;1
9602;208;207;154;land;false;plains;1
9603;180;189;133;land;false;plains;1
9604;248;232;80;land;false;plains;1
9605;188;118;204;land;false;plains;1
9606;236;123;151;land;false;plains;1
9607;233;189;222;land;false;plains;1
9608;242;234;205;land;false;plains;1
9609;161;252;208;land;false;plains;1
9610;238;196;209;land;false;plains;1
9611;210;210;189;land;false;plains;1
9612;254;195;90;land;false;plains;1
9613;242;207;163;land;false;plains;1
9614;237;240;218;land;false;plains;1
9615;198;169;248;land;false;plains;1
9616;174;245;100;land;false;plains;1
9617;199;95;239;land;false;plains;1
9618;225;244;214;land;false;plains;1
9619;220;86;204;land;false;plains;1
9620;125;239;231;land;false;plains;1
9621;214;243;220;land;false;plains;1
9622;230;225;160;land;false;plains;1
9623;237;222;226;land;false;plains;1
9624;235;134;236;land;false;plains;1
9625;80;252;251;land;false;plains;1
9626;119;180;224;land;false;plains;1
9627;199;214;90;land;false;plains;1
9628;211;163;206;land;false;plains;1
9629;215;79;231;land;false;plains;1
9630;224;173;241;land;false;plains;1
9631;241;56;231;land;false;plains;1
9632;200;182;229;land;false;plains;1
9633;205;215;131;land;false;plains;1
9634;109;153;243;land;false;plains;1
9635;185;153;175;land;false;plains;1
9636;232;227;96;land;false;plains;1
9637;230;210;229;land;false;plains;1
9638;176;147;219;land;false;plains;1
9639;204;217;198;land;false;plains;1
9640;200;209;208;land;false;plains;1
9641;173;220;145;land;false;plains;1
9642;241;202;122;land;false;plains;1
9643;214;226;120;land;false;plains;1
9644;222;155;248;land;false;plains;1
9645;240;58;254;land;false;plains;1
9646;160;174;195;land;false;plains;1
9647;179;194;254;land;false;plains;1
9648;207;87;232;land;false;plains;1
9649;238;166;121;land;false;plains;1
9650;247;244;254;land;false;plains;1
9651;234;177;183;land;false;plains;1
9652;120;234;213;land;false;plains;1
9653;238;129;161;land;false;plains;1
9654;70;233;230;land;false;plains;1
9655;248;227;165;land;false;plains;1
9656;220;240;53;land;false;plains;1
9657;120;234;189;land;false;plains;1
9658;249;225;201;land;false;plains;1
9659;152;188;221;land;false;plains;1
9660;239;234;78;land;false;plains;1
9661;178;208;146;land;false;plains;1
9662;205;65;254;land;false;plains;1
9663;195;238;173;land;false;plains;1
9664;221;239;95;land;false;plains;1
9665;126;247;170;land;false;plains;1
9666;209;227;203;land;false;plains;1
9667;254;21;244;land;false;plains;1
9668;243;199;78;land;false;plains;1
9669;225;176;172;land;false;plains;1
9670;137;254;190;land;false;plains;1
9671;233;211;89;land;false;plains;1
9672;208;175;164;land;false;plains;1
9673;183;241;84;land;false;plains;1
9674;151;166;236;land;false;plains;1
9675;236;178;233;land;false;plains;1
9676;167;193;253;land;false;plains;1
9677;168;158;183;land;false;plains;1
9678;168;144;206;land;false;plains;1
9679;202;221;83;land;false;plains;1
9680;69;218;250;land;false;plains;1
9681;118;236;198;land;false;plains;1
9682;130;178;253;land;false;plains;1
9683;166;220;231;land;false;plains;1
9684;251;194;171;land;false;plains;1
9685;198;160;166;land;false;plains;1
9686;211;235;242;land;false;plains;1
9687;194;226;90;land;false;plains;1
9688;159;252;139;land;false;plains;1
9689;143;212;244;land;false;plains;1
9690;243;171;118;land;false;plains;1
9691;251;252;245;land;false;plains;1
9692;160;248;148;land;false;plains;1
9693;223;190;192;land;false;plains;1
9694;116;184;226;land;false;plains;1
9695;251;198;202;land;false;plains;1
9696;203;179;209;land;false;plains;1
9697;254;114;205;land;false;plains;1
9698;246;148;152;land;false;plains;1
9699;117;160;226;land;false;plains;1
9700;226;243;126;land;false;plains;1
9701;146;195;186;land;false;plains;1
9702;237;95;190;land;false;plains;1
9703;241;102;212;land;false;plains;1
9704;249;239;121;land;false;plains;1
9705;136;165;213;land;false;plains;1
9706;150;213;198;land;false;plains;1
9707;191;226;230;land;false;plains;1
9708;143;195;212;land;false;plains;1
9709;245;136;158;land;false;plains;1
9710;203;252;192;land;false;plains;1
9711;230;219;62;land;false;plains;1
9712;232;243;84;land;false;plains;1
9713;233;155;182;land;false;plains;1
9714;244;228;62;land;false;plains;1
9715;235;246;224;land;false;plains;1
9716;228;252;126;land;false;plains;1
9717;141;220;154;land;false;plains;1
9718;157;239;126;land;false;plains;1
9719;178;214;193;land;false;plains;1
9720;109;203;233;land;false;plains;1
9721;221;193;234;land;false;plains;1
9722;202;220;126;land;false;plains;1
9723;196;231;140;land;false;plains;1
9724;50;208;247;land;false;plains;1
9725;246;51;226;land;false;plains;1
9726;251;103;159;land;false;plains;1
9727;230;231;128;land;false;plains;1
9728;167;223;226;land;false;plains;1
9729;231;67;252;land;false;plains;1
9730;211;253;67;land;false;plains;1
9731;72;197;238;land;false;plains;1
9732;71;223;223;land;false;plains;1
9733;252;133;237;land;false;plains;1
9734;159;160;206;land;false;plains;1
9735;171;235;245;land;false;plains;1
9736;225;254;196;land;false;plains;1
9737;121;231;238;land;false;plains;1
9738;141;197;168;land;false;plains;1
9739;201;247;155;land;false;plains;1
9740;192;150;179;land;false;plains;1
9741;243;180;96;land;false;plains;1
9742;168;220;176;land;false;plains;1
9743;210;243;254;land;false;plains;1
9744;148;163;201;land;false;plains;1
9745;73;239;201;land;false;plains;1
9746;219;130;178;land;false;plains;1
9747;198;236;70;land;false;plains;1
9748;158;198;241;land;false;plains;1
9749;228;201;222;land;false;plains;1
9750;205;196;103;land;false;plains;1
9751;167;220;149;land;false;plains;1
9752;146;143;242;land;false;plains;1
9753;202;126;227;land;false;plains;1
9754;211;249;209;land;false;plains;1
9755;67;216;222;land;false;plains;1
9756;149;218;144;land;false;plains;1
9757;47;253;201;land;false;plains;1
9758;223;80;199;land;false;plains;1
9759;106;254;180;land;false;plains;1
9760;234;140;252;land;false;plains;1
9761;157;247;226;land;false;plains;1
9762;234;110;232;land;false;plains;1
9763;157;193;212;land;false;plains;1
9764;155;228;178;land;false;plains;1
9765;181;135;224;land;false;plains;1
9766;163;243;249;land;false;plains;1
9767;254;225;243;land;false;plains;1
9768;247;198;96;land;false;plains;1
9769;94;239;224;land;false;plains;1
9770;145;213;171;land;false;plains;1
9771;160;243;102;land;false;plains;1
9772;242;175;154;land;false;plains;1
9773;108;207;203;land;false;plains;1
9774;165;109;242;land;false;plains;1
9775;48;250;221;land;false;plains;1
9776;170;159;222;land;false;plains;1
9777;234;134;137;land;false;plains;1
9778;215;179;169;land;false;plains;1
9779;140;218;149;land;false;plains;1
9780;167;228;222;land;false;plains;1
9781;199;191;201;land;false;plains;1
9782;238;165;115;land;false;plains;1
9783;194;234;138;land;false;plains;1
9784;155;241;237;land;false;plains;1
9785;50;240;253;land;false;plains;1
9786;195;165;179;land;false;plains;1
9787;251;167;219;land;false;plains;1
9788;211;164;219;land;false;plains;1
9789;210;166;246;land;false;plains;1
9790;248;166;136;land;false;plains;1
9791;187;173;165;land;false;plains;1
9792;117;243;150;land;false;plains;1
9793;142;240;253;land;false;plains;1
9794;113;222;177;land;false;plains;1
9795;247;214;248;land;false;plains;1
9796;223;249;53;land;false;plains;1
9797;66;252;216;land;false;plains;1
9798;179;218;124;land;false;plains;1
9799;190;149;168;land;false;plains;1
9800;212;163;214;land;false;plains;1
9801;116;143;245;land;false;plains;1
9802;213;232;161;land;false;plains;1
9803;241;251;31;land;false;plains;1
9804;214;221;109;land;false;plains;1
9805;208;189;162;land;false;plains;1
9806;237;108;215;land;false;plains;1
9807;196;167;157;land;false;plains;1
9808;205;186;143;land;false;plains;1
9809;199;162;193;land;false;plains;1
9810;228;240;74;land;false;plains;1
9811;213;120;238;land;false;plains;1
9812;16;251;252;land;false;plains;1
9813;191;109;241;land;false;plains;1
9814;227;195;212;land;false;plains;1
9815;142;218;182;land;false;plains;1
9816;230;176;155;land;false;plains;1
9817;209;154;197;land;false;plains;1
9818;126;212;216;land;false;plains;1
9819;201;245;166;land;false;plains;1
9820;253;199;133;land;false;plains;1
9821;41;208;253;land;false;plains;1
9822;175;239;212;land;false;plains;1
9823;177;197;217;land;false;plains;1
9824;251;97;239;land;false;plains;1
9825;188;196;189;land;false;plains;1
9826;86;247;183;land;false;plains;1
9827;132;151;240;land;false;plains;1
9828;240;179;84;land;false;plains;1
9829;224;198;116;land;false;plains;1
9830;167;107;231;land;false;plains;1
9831;215;177;141;land;false;plains;1
9832;212;222;252;land;false;plains;1
9833;219;162;134;land;false;plains;1
9834;143;210;252;land;false;plains;1
9835;167;181;199;land;false;plains;1
9836;227;91;249;land;false;plains;1
9837;238;191;192;land;false;plains;1
9838;18;243;246;land;false;plains;1
9839;109;216;253;land;false;plains;1
9840;240;244;31;land;false;plains;1
9841;85;209;235;land;false;plains;1
9842;134;128;243;land;false;plains;1
9843;206;242;55;land;false;plains;1
9844;141;127;239;land;false;plains;1
9845;254;212;224;land;false;plains;1
9846;170;252;115;land;true;plains;1
9847;243;159;135;land;false;plains;1
9848;198;133;183;land;false;plains;1
9849;195;120;244;land;false;plains;1
9850;199;178;162;land;false;plains;1
9851;228;188;176;land;false;plains;1
9852;155;155;231;land;false;plains;1
9853;231;26;249;land;false;plains;1
9854;241;153;112;land;false;plains;1
9855;191;106;219;land;false;plains;1
9856;146;204;187;land;false;plains;1
9857;36;235;230;land;false;plains;1
9858;170;211;149;land;false;plains;1
9859;180;109;213;land;false;plains;1
9860;219;98;210;land;false;plains;1
9861;210;242;223;land;false;plains;1
9862;246;57;250;land;false;plains;1
9863;137;213;199;land;false;plains;1
9864;238;230;99;land;false;plains;1
9865;189;221;198;land;false;plains;1
9866;204;160;163;land;false;plains;1
9867;240;229;120;land;false;plains;1
9868;153;233;223;land;false;plains;1
9869;200;254;166;land;false;plains;1
9870;154;217;130;land;false;plains;1
9871;177;201;239;land;false;plains;1
9872;212;122;189;land;false;plains;1
9873;239;91;211;land;false;plains;1
9874;209;142;200;land;false;plains;1
9875;191;206;127;land;false;plains;1
9876;107;193;249;land;false;plains;1
9877;169;182;155;land;false;plains;1
9878;247;147;201;land;false;plains;1
9879;247;244;44;land;false;plains;1
9880;230;205;249;land;false;plains;1
9881;204;183;225;land;false;plains;1
9882;243;146;214;land;false;plains;1
9883;165;190;160;land;false;plains;1
9884;243;217;57;land;false;plains;1
9885;234;88;229;land;false;plains;1
9886;161;173;186;land;false;plains;1
9887;171;123;246;land;false;plains;1
9888;170;172;204;land;false;plains;1
9889;183;234;108;land;false;plains;1
9890;231;182;248;land;false;plains;1
9891;232;243;158;land;false;plains;1
9892;221;115;203;land;false;plains;1
9893;253;95;169;land;false;plains;1
9894;228;196;158;land;false;plains;1
9895;138;219;242;land;false;plains;1
9896;106;211;202;land;false;plains;1
9897;161;240;128;land;false;plains;1
9898;194;193;180;land;false;plains;1
9899;110;230;201;land;false;plains;1
9900;247;192;168;land;false;plains;1
9901;201;202;177;land;false;plains;1
9902;185;194;160;land;false;plains;1
9903;201;164;141;land;false;plains;1
9904;100;188;217;land;false;plains;1
9905;221;166;152;land;false;plains;1
9906;180;195;138;land;false;plains;1
9907;110;237;198;land;false;plains;1
9908;219;166;203;land;false;plains;1
9909;222;213;112;land;false;plains;1
9910;96;246;189;land;false;plains;1
9911;244;158;153;land;false;plains;1
9912;64;222;240;land;false;plains;1
9913;210;246;106;land;false;plains;1
9914;237;116;229;land;false;plains;1
9915;240;224;146;land;false;plains;1
9916;161;240;146;land;false;plains;1
9917;251;246;157;land;false;plains;1
9918;241;139;185;land;false;plains;1
9919;243;210;205;land;false;plains;1
9920;134;216;174;land;false;plains;1
9921;163;116;236;land;false;plains;1
9922;244;246;214;land;false;plains;1
9923;240;149;172;land;false;plains;1
9924;239;253;114;land;false;plains;1
9925;145;191;198;land;false;plains;1
9926;39;238;231;land;false;plains;1
9927;179;203;119;land;false;plains;1
9928;150;226;234;land;false;plains;1
9929;220;139;176;land;false;plains;1
9930;215;203;247;land;false;plains;1
9931;142;218;253;land;false;plains;1
9932;172;175;245;land;false;plains;1
9933;229;184;221;land;false;plains;1
9934;131;165;209;land;false;plains;1
9935;228;142;164;land;false;plains;1
9936;154;202;204;land;false;plains;1
9937;153;215;231;land;false;plains;1
9938;183;204;170;land;false;plains;1
9939;202;205;161;land;false;plains;1
9940;167;228;240;land;false;plains;1
9941;240;233;46;land;false;plains;1
9942;236;204;208;land;false;plains;1
9943;150;201;241;land;false;plains;1
9944;253;41;226;land;false;plains;1
9945;87;240;194;land;false;plains;1
9946;102;232;187;land;false;plains;1
9947;248;63;233;land;false;plains;1
9948;167;204;189;land;false;plains;1
9949;207;152;208;land;false;plains;1
9950;194;179;146;land;false;plains;1
9951;253;130;154;land;false;plains;1
9952;124;191;222;land;false;plains;1
9953;208;160;202;land;false;plains;1
9954;165;240;212;land;false;plains;1
9955;208;74;230;land;false;plains;1
9956;102;207;217;land;false;plains;1
9957;253;212;189;land;false;plains;1
9958;232;91;235;land;false;plains;1
9959;229;134;152;land;false;plains;1
9960;226;190;229;land;false;plains;1
9961;245;163;131;land;false;plains;1
9962;190;148;231;land;false;plains;1
9963;176;180;242;land;false;plains;1
9964;142;214;165;land;false;plains;1
9965;254;219;92;land;false;plains;1
9966;188;159;199;land;false;plains;1
9967;247;224;171;land;false;plains;1
9968;183;241;253;land;false;plains;1
9969;116;184;202;land;false;plains;1
9970;243;28;254;land;false;plains;1
9971;220;188;188;land;false;plains;1
9972;212;223;225;land;false;plains;1
9973;110;235;159;land;false;plains;1
9974;166;150;215;land;false;plains;1
9975;243;135;188;land;false;plains;1
9976;247;235;60;land;false;plains;1
9977;228;117;230;land;false;plains;1
9978;252;56;193;land;false;plains;1
9979;226;174;108;land;false;plains;1
9980;208;138;178;land;false;plains;1
9981;223;239;200;land;false;plains;1
9982;223;235;124;land;false;plains;1
9983;83;244;240;land;false;plains;1
9984;254;173;147;land;false;plains;1
9985;135;241;149;land;false;plains;1
9986;243;248;92;land;false;plains;1
9987;140;238;237;land;false;plains;1
9988;239;61;251;land;false;plains;1
9989;208;145;162;land;false;plains;1
9990;200;248;119;land;false;plains;1
9991;238;137;240;land;false;plains;1
9992;221;115;179;land;false;plains;1
9993;248;161;252;land;false;plains;1
9994;220;252;113;land;false;plains;1
9995;236;220;73;land;false;plains;1
9996;249;182;170;land;false;plains;1
9997;213;244;88;land;false;plains;1
9998;201;250;121;land;false;plains;1
9999;215;179;202;land;false;plains;1
10000;172;197;147;land;false;plains;1
10001;181;145;229;land;false;plains;1
10002;62;245;243;land;false;plains;1
10003;230;133;231;land;false;plains;1
10004;252;211;91;land;false;plains;1
10005;152;215;140;land;false;plains;1
10006;249;95;227;land;false;plains;1
10007;235;240;208;land;false;plains;1
10008;224;251;202;land;false;plains;1
10009;127;225;161;land;false;plains;1
10010;196;244;118;land;false;plains;1
10011;114;253;156;land;false;plains;1
10012;172;237;104;land;false;plains;1
10013;253;221;130;land;false;plains;1
10014;231;180;220;land;false;plains;1
10015;196;215;101;land;false;plains;1
10016;172;238;229;land;false;plains;1
10017;45;245;237;land;false;plains;1
10018;232;247;117;land;false;plains;1
10019;156;188;250;land;false;plains;1
10020;142;249;182;land;false;plains;1
10021;149;237;221;land;false;plains;1
10022;101;235;165;land;false;plains;1
10023;217;252;232;land;false;plains;1
10024;229;92;218;land;false;plains;1
10025;185;206;152;land;false;plains;1
10026;234;207;169;land;false;plains;1
10027;254;114;161;land;false;plains;1
10028;251;229;70;land;false;plains;1
10029;136;201;226;land;false;plains;1
10030;191;218;109;land;false;plains;1
10031;98;245;236;land;false;plains;1
10032;153;205;166;land;false;plains;1
10033;159;232;193;land;false;plains;1
10034;243;170;237;land;false;plains;1
10035;182;175;174;land;false;plains;1
10036;155;124;233;land;false;plains;1
10037;235;178;254;land;false;plains;1
10038;158;253;154;land;false;plains;1
10039;136;237;245;land;false;plains;1
10040;214;176;118;land;false;plains;1
10041;246;173;105;land;false;plains;1
10042;189;198;250;land;false;plains;1
10043;125;223;228;land;false;plains;1
10044;248;254;76;land;false;plains;1
10045;218;222;129;land;false;plains;1
10046;237;223;79;land;false;plains;1
10047;227;104;229;land;false;plains;1
10048;252;238;82;land;false;plains;1
10049;249;248;76;land;false;plains;1
10050;101;221;224;land;false;plains;1
10051;223;225;116;land;false;plains;1
10052;223;112;248;land;false;plains;1
10053;229;246;168;land;false;plains;1
10054;249;186;227;land;false;plains;1
10055;238;154;205;land;false;plains;1
10056;190;168;247;land;false;plains;1
10057;112;160;246;land;false;plains;1
10058;191;214;133;land;false;plains;1
10059;232;189;181;land;false;plains;1
10060;209;150;230;land;false;plains;1
10061;230;95;245;land;false;plains;1
10062;198;158;208;land;false;plains;1
10063;203;217;211;land;false;plains;1
10064;239;81;198;land;false;plains;1
10065;173;245;132;land;false;plains;1
10066;222;196;105;land;false;plains;1
10067;141;230;205;land;false;plains;1
10068;175;187;144;land;false;plains;1
10069;75;247;253;land;false;plains;1
10070;253;170;248;land;false;plains;1
10071;190;222;239;land;false;plains;1
10072;228;238;101;land;false;plains;1
10073;247;206;49;land;false;plains;1
10074;254;116;139;land;false;plains;1
10075;216;169;141;land;false;plains;1
10076;247;177;108;land;false;plains;1
10077;150;249;129;land;false;plains;1
10078;217;251;36;land;false;plains;1
10079;82;251;241;land;false;plains;1
10080;164;229;200;land;false;plains;1
10081;254;246;136;land;false;plains;1
10082;111;239;206;land;false;plains;1
10083;102;175;227;land;false;plains;1
10084;241;247;66;land;false;plains;1
10085;170;253;140;land;false;plains;1
10086;242;195;136;land;false;plains;1
10087;222;172;236;land;false;plains;1
10088;220;63;227;land;false;plains;1
10089;192;158;246;land;false;plains;1
10090;178;189;233;land;false;plains;1
10091;190;117;206;land;false;plains;1
10092;217;223;143;land;false;plains;1
10093;165;254;224;land;false;plains;1
10094;214;119;185;land;false;plains;1
10095;193;114;248;land;false;plains;1
10096;116;172;217;land;false;plains;1
10097;210;202;119;land;false;plains;1
10098;225;140;144;land;false;plains;1
10099;157;216;190;land;false;plains;1
10100;201;242;151;land;false;plains;1
10101;229;226;50;land;false;plains;1
10102;158;237;123;land;false;plains;1
10103;208;217;213;land;false;plains;1
10104;210;119;201;land;false;plains;1
10105;246;86;195;land;false;plains;1
10106;215;231;207;land;false;plains;1
10107;120;154;251;land;false;plains;1
10108;196;238;168;land;false;plains;1
10109;252;226;62;land;false;plains;1
10110;81;253;231;land;false;plains;1
10111;156;111;250;land;false;plains;1
10112;187;231;247;land;false;plains;1
10113;237;222;144;land;false;plains;1
10114;210;145;223;land;false;plains;1
10115;210;222;223;land;false;plains;1
10116;238;200;176;land;false;plains;1
10117;174;204;163;land;false;plains;1
10118;167;231;125;land;false;plains;1
10119;174;253;140;land;false;plains;1
10120;254;112;150;land;false;plains;1
10121;85;210;246;land;false;plains;1
10122;106;171;225;land;false;plains;1
10123;231;227;133;land;false;plains;1
10124;250;247;16;land;false;plains;1
10125;72;251;241;land;false;plains;1
10126;224;190;219;land;false;plains;1
10127;164;243;230;land;false;plains;1
10128;138;178;185;land;false;plains;1
10129;193;210;108;land;false;plains;1
10130;179;241;111;land;false;plains;1
10131;238;161;238;land;false;plains;1
10132;148;142;212;land;false;plains;1
10133;122;239;154;land;false;plains;1
10134;93;193;245;land;false;plains;1
10135;215;219;149;land;false;plains;1
10136;254;148;238;land;false;plains;1
10137;250;215;149;land;false;plains;1
10138;198;242;196;land;false;plains;1
10139;243;229;227;land;false;plains;1
10140;148;201;185;land;false;plains;1
10141;147;225;187;land;false;plains;1
10142;156;206;149;land;false;plains;1
10143;251;204;70;land;false;plains;1
10144;233;130;220;land;false;plains;1
10145;152;159;193;land;false;plains;1
10146;214;156;204;land;false;plains;1
10147;103;203;245;land;false;plains;1
10148;160;229;157;land;false;plains;1
10149;239;208;83;land;false;plains;1
10150;123;207;199;land;false;plains;1
10151;223;140;142;land;false;plains;1
10152;232;252;65;land;false;plains;1
10153;239;254;113;land;false;plains;1
10154;160;181;254;land;false;plains;1
10155;180;246;95;land;false;plains;1
10156;105;230;198;land;false;plains;1
10157;169;162;195;land;false;plains;1
10158;222;87;248;land;false;plains;1
10159;249;140;143;land;false;plains;1
10160;250;222;227;land;false;plains;1
10161;141;202;251;land;false;plains;1
10162;249;136;186;land;false;plains;1
10163;253;217;181;land;false;plains;1
10164;208;132;251;land;false;plains;1
10165;103;203;210;land;false;plains;1
10166;240;237;157;land;false;plains;1
10167;216;254;65;land;false;plains;1
10168;110;228;189;land;false;plains;1
10169;221;148;167;land;false;plains;1
10170;45;250;219;land;false;plains;1
10171;207;249;207;land;false;plains;1
10172;160;128;221;land;false;plains;1
10173;248;158;140;land;false;plains;1
10174;241;150;145;land;false;plains;1
10175;210;228;114;land;false;plains;1
10176;225;130;253;land;false;plains;1
10177;165;158;199;land;false;plains;1
10178;209;131;193;land;false;plains;1
10179;121;139;251;land;false;plains;1
10180;253;233;176;land;false;plains;1
10181;230;225;239;land;false;plains;1
10182;121;231;173;land;false;plains;1
10183;174;115;242;land;false;plains;1
10184;187;224;250;land;false;plains;1
10185;210;103;218;land;false;plains;1
10186;147;155;213;land;false;plains;1
10187;197;137;251;land;false;plains;1
10188;161;218;212;land;false;plains;1
10189;230;151;213;land;false;plains;1
10190;119;218;230;land;false;plains;1
10191;195;172;239;land;false;plains;1
10192;130;153;228;land;false;plains;1
10193;220;185;164;land;false;plains;1
10194;160;195;187;land;false;plains;1
10195;196;248;84;land;false;plains;1
10196;241;246;121;land;false;plains;1
10197;253;188;146;land;false;plains;1
10198;148;252;159;land;false;plains;1
10199;217;110;252;land;false;plains;1
10200;189;229;104;land;false;plains;1
10201;248;143;113;land;false;plains;1
10202;209;175;210;land;false;plains;1
10203;173;208;229;land;false;plains;1
10204;170;125;207;land;false;plains;1
10205;182;243;121;land;false;plains;1
10206;195;227;145;land;false;plains;1
10207;205;95;212;land;false;plains;1
10208;209;252;45;land;false;plains;1
10209;212;238;57;land;false;plains;1
10210;175;142;204;land;false;plains;1
10211;165;220;174;land;false;plains;1
10212;234;229;100;land;false;plains;1
10213;133;249;160;land;false;plains;1
10214;233;209;135;land;false;plains;1
10215;177;216;143;land;false;plains;1
10216;222;164;242;land;false;plains;1
10217;155;221;233;land;false;plains;1
10218;194;177;177;land;false;plains;1
10219;225;91;186;land;false;plains;1
10220;189;184;165;land;false;plains;1
10221;230;231;54;land;false;plains;1
10222;105;211;217;land;false;plains;1
10223;243;130;248;land;false;plains;1
10224;66;245;197;land;false;plains;1
10225;145;218;223;land;false;plains;1
10226;174;189;235;land;false;plains;1
10227;176;157;201;land;false;plains;1
10228;236;192;140;land;false;plains;1
10229;244;237;25;land;false;plains;1
10230;233;61;237;land;false;plains;1
10231;183;138;188;land;false;plains;1
10232;237;14;251;land;false;plains;1
10233;88;241;191;land;false;plains;1
10234;188;172;143;land;false;plains;1
10235;243;120;189;land;false;plains;1
10236;215;188;129;land;false;plains;1
10237;119;169;248;land;false;plains;1
10238;171;217;159;land;false;plains;1
10239;222;250;201;land;false;plains;1
10240;227;177;221;land;false;plains;1
10241;183;188;184;land;false;plains;1
10242;183;223;202;land;false;plains;1
10243;231;152;201;land;false;plains;1
10244;207;140;225;land;false;plains;1
10245;84;204;234;land;false;plains;1
10246;213;175;154;land;false;plains;1
10247;173;93;250;land;false;plains;1
10248;231;177;98;land;false;plains;1
10249;245;55;239;land;false;plains;1
10250;132;229;147;land;false;plains;1
10251;133;186;212;land;false;plains;1
10252;133;235;229;land;false;plains;1
10253;198;179;139;land;false;plains;1
10254;234;146;156;land;false;plains;1
10255;220;234;71;land;false;plains;1
10256;233;175;165;land;false;plains;1
10257;203;223;229;land;false;plains;1
10258;225;213;132;land;false;plains;1
10259;220;244;118;land;false;plains;1
10260;187;209;198;land;false;plains;1
10261;227;189;110;land;false;plains;1
10262;211;233;154;land;false;plains;1
10263;241;177;177;land;false;plains;1
10264;187;254;80;land;false;plains;1
10265;101;233;243;land;false;plains;1
10266;241;215;214;land;false;plains;1
10267;165;254;142;land;false;plains;1
10268;88;221;238;land;false;plains;1
10269;165;183;245;land;false;plains;1
10270;52;238;247;land;false;plains;1
10271;180;150;227;land;false;plains;1
10272;85;209;213;land;false;plains;1
10273;230;249;79;land;false;plains;1
10274;158;138;248;land;false;plains;1
10275;206;139;236;land;false;plains;1
10276;254;222;230;land;false;plains;1
10277;73;221;244;land;false;plains;1
10278;157;242;246;land;false;plains;1
10279;116;241;163;land;false;plains;1
10280;223;207;220;land;false;plains;1
10281;230;210;65;land;false;plains;1
10282;87;247;186;land;false;plains;1
10283;225;217;172;land;false;plains;1
10284;136;227;236;land;false;plains;1
10285;228;167;115;land;false;plains;1
10286;235;172;121;land;false;plains;1
10287;149;231;173;land;false;plains;1
10288;249;38;249;land;false;plains;1
10289;227;120;251;land;false;plains;1
10290;105;197;224;land;false;plains;1
10291;247;238;63;land;false;plains;1
10292;96;247;223;land;false;plains;1
10293;109;236;203;land;false;plains;1
10294;210;169;232;land;false;plains;1
10295;223;190;231;land;false;plains;1
10296;162;129;227;land;false;plains;1
10297;145;245;200;land;false;plains;1
10298;211;192;182;land;false;plains;1
10299;235;188;200;land;false;plains;1
10300;113;226;211;land;false;plains;1
10301;249;151;112;land;false;plains;1
10302;185;245;229;land;false;plains;1
10303;197;213;172;land;false;plains;1
10304;151;182;241;land;false;plains;1
10305;221;158;189;land;false;plains;1
10306;128;182;235;land;false;plains;1
10307;246;217;180;land;false;plains;1
10308;229;90;184;land;false;plains;1
10309;228;169;202;land;false;plains;1
10310;194;211;197;land;false;plains;1
10311;149;229;206;land;false;plains;1
10312;236;254;12;land;false;plains;1
10313;115;196;232;land;false;plains;1
10314;150;207;254;land;false;plains;1
10315;221;254;29;land;false;plains;1
10316;144;220;190;land;false;plains;1
10317;210;173;196;land;false;plains;1
10318;177;206;150;land;false;plains;1
10319;159;240;196;land;false;plains;1
10320;220;118;222;land;false;plains;1
10321;139;183;237;land;false;plains;1
10322;204;168;156;land;false;plains;1
10323;215;251;154;land;false;plains;1
10324;217;190;139;land;false;plains;1
10325;172;168;218;land;false;plains;1
10326;235;133;247;land;false;plains;1
10327;195;253;111;land;false;plains;1
10328;188;176;166;land;false;plains;1
10329;120;141;242;land;false;plains;1
10330;209;164;132;land;false;plains;1
10331;253;210;39;land;false;plains;1
10332;240;242;101;land;false;plains;1
10333;149;224;236;land;false;plains;1
10334;214;209;94;land;false;plains;1
10335;247;138;159;land;false;plains;1
10336;108;204;189;land;false;plains;1
10337;157;252;100;land;false;plains;1
10338;208;94;231;land;false;plains;1
10339;240;238;64;land;false;plains;1
10340;239;226;132;land;false;plains;1
10341;211;155;247;land;false;plains;1
10342;188;159;173;land;false;plains;1
10343;112;203;241;land;false;plains;1
10344;179;116;251;land;false;plains;1
10345;171;226;220;land;false;plains;1
10346;194;202;225;land;false;plains;1
10347;184;191;181;land;false;plains;1
10348;137;187;188;land;false;plains;1
10349;174;208;233;land;false;plains;1
10350;251;134;224;land;false;plains;1
10351;191;149;242;land;false;plains;1
10352;194;179;241;land;false;plains;1
10353;219;241;207;land;false;plains;1
10354;96;191;227;land;false;plains;1
10355;156;123;227;land;false;plains;1
10356;250;243;226;land;false;plains;1
10357;201;153;156;land;false;plains;1
10358;109;237;186;land;false;plains;1
10359;134;246;186;land;false;plains;1
10360;232;224;183;land;false;plains;1
10361;126;186;248;land;false;plains;1
10362;165;134;208;land;false;plains;1
10363;229;188;98;land;false;plains;1
10364;212;138;159;land;false;plains;1
10365;186;139;208;land;false;plains;1
10366;55;227;236;land;false;plains;1
10367;223;145;194;land;false;plains;1
10368;102;237;221;land;false;plains;1
10369;128;164;237;land;false;plains;1
10370;231;130;191;land;false;plains;1
10371;234;239;195;land;false;plains;1
10372;165;146;202;land;false;plains;1
10373;229;56;216;land;false;plains;1
10374;223;206;244;land;false;plains;1
10375;199;196;251;land;false;plains;1
10376;210;150;163;land;false;plains;1
10377;200;214;142;land;false;plains;1
10378;252;202;242;land;false;plains;1
10379;250;141;244;land;false;plains;1
10380;133;202;169;land;false;plains;1
10381;239;218;230;land;false;plains;1
10382;218;135;207;land;false;plains;1
10383;191;178;170;land;false;plains;1
10384;134;207;200;land;false;plains;1
10385;208;202;166;land;false;plains;1
10386;251;188;204;land;false;plains;1
10387;206;227;128;land;false;plains;1
10388;217;159;191;land;false;plains;1
10389;116;168;225;land;false;plains;1
10390;190;216;231;land;false;plains;1
10391;197;185;253;land;false;plains;1
10392;124;198;209;land;false;plains;1
10393;220;248;43;land;false;plains;1
10394;237;223;133;land;false;plains;1
10395;249;76;202;land;false;plains;1
10396;180;183;222;land;false;plains;1
10397;238;205;126;land;false;plains;1
10398;236;193;226;land;false;plains;1
10399;239;228;222;land;false;plains;1
10400;248;157;252;land;false;plains;1
10401;222;245;177;land;false;plains;1
10402;175;159;174;land;false;plains;1
10403;200;171;234;land;false;plains;1
10404;218;82;220;land;false;plains;1
10405;92;236;237;land;false;plains;1
10406;224;223;127;land;false;plains;1
10407;243;181;168;land;false;plains;1
10408;227;133;241;land;false;plains;1
10409;236;165;201;land;false;plains;1
10410;141;205;207;land;false;plains;1
10411;195;248;101;land;false;plains;1
10412;110;184;244;land;false;plains;1
10413;203;92;248;land;false;plains;1
10414;219;107;225;land;false;plains;1
10415;187;180;207;land;false;plains;1
10416;185;185;148;land;false;plains;1
10417;250;55;251;land;false;plains;1
10418;251;181;138;land;false;plains;1
10419;216;205;201;land;false;plains;1
10420;250;204;206;land;false;plains;1
10421;223;187;187;land;false;plains;1
10422;136;221;252;land;false;plains;1
10423;251;64;191;land;false;plains;1
10424;161;219;192;land;false;plains;1
10425;254;207;247;land;false;plains;1
10426;208;193;119;land;false;plains;1
10427;245;224;119;land;false;plains;1
10428;233;132;233;land;false;plains;1
10429;182;192;213;land;false;plains;1
10430;221;235;162;land;false;plains;1
10431;169;221;155;land;false;plains;1
10432;116;220;176;land;false;plains;1
10433;186;200;162;land;false;plains;1
10434;210;82;236;land;false;plains;1
10435;226;253;43;land;false;plains;1
10436;229;119;216;land;false;plains;1
10437;244;207;204;land;false;plains;1
10438;243;186;92;land;false;plains;1
10439;228;100;254;land;false;plains;1
10440;253;237;82;land;false;plains;1
10441;254;106;228;land;false;plains;1
10442;212;202;186;land;false;plains;1
10443;134;228;139;land;false;plains;1
10444;198;137;231;land;false;plains;1
10445;173;217;154;land;false;plains;1
10446;223;180;239;land;false;plains;1
10447;108;252;233;land;false;plains;1
10448;155;239;231;land;false;plains;1
10449;168;130;243;land;false;plains;1
10450;130;177;229;land;false;plains;1
10451;207;87;226;land;false;plains;1
10452;194;95;232;land;false;plains;1
10453;242;200;110;land;false;plains;1
10454;197;114;252;land;false;plains;1
10455;224;67;232;land;false;plains;1
10456;219;238;192;land;false;plains;1
10457;210;137;164;land;false;plains;1
10458;182;216;201;land;false;plains;1
10459;253;201;219;land;false;plains;1
10460;251;161;188;land;false;plains;1
10461;247;161;107;land;false;plains;1
10462;212;159;157;land;false;plains;1
10463;125;186;206;land;false;plains;1
10464;160;208;160;land;false;plains;1
10465;128;205;225;land;false;plains;1
10466;87;217;253;land;false;plains;1
10467;166;140;235;land;false;plains;1
10468;166;177;186;land;false;plains;1
10469;210;114;226;land;false;plains;1
10470;208;189;251;land;false;plains;1
10471;178;133;212;land;false;plains;1
10472;141;239;211;land;false;plains;1
10473;149;163;230;land;false;plains;1
10474;244;95;229;land;false;plains;1
10475;221;204;184;land;false;plains;1
10476;219;250;146;land;false;plains;1
10477;132;242;157;land;false;plains;1
10478;200;101;227;land;false;plains;1
10479;240;210;148;land;false;plains;1
10480;254;82;247;land;false;plains;1
10481;237;199;75;land;false;plains;1
10482;207;86;211;land;false;plains;1
10483;234;248;195;land;false;plains;1
10484;151;248;155;land;false;plains;1
10485;203;78;241;land;false;plains;1
10486;198;221;104;land;false;plains;1
10487;197;239;136;land;false;plains;1
10488;191;210;220;land;false;plains;1
10489;225;250;166;land;false;plains;1
10490;252;215;164;land;false;plains;1
10491;206;90;243;land;false;plains;1
10492;250;219;116;land;false;plains;1
10493;198;176;195;land;false;plains;1
10494;109;219;234;land;false;plains;1
10495;189;89;225;land;false;plains;1
10496;195;140;183;land;false;plains;1
10497;239;241;168;land;false;plains;1
10498;105;226;189;land;false;plains;1
10499;73;216;243;land;false;plains;1
10500;223;203;253;land;false;plains;1
10501;209;91;213;land;false;plains;1
10502;207;111;210;land;false;plains;1
10503;233;244;173;land;false;plains;1
10504;133;247;234;land;false;plains;1
10505;168;199;242;land;false;plains;1
10506;119;193;243;land;false;plains;1
10507;172;204;247;land;false;plains;1
10508;13;242;249;land;false;plains;1
10509;234;105;220;land;false;plains;1
10510;169;233;158;land;false;plains;1
10511;199;219;191;land;false;plains;1
10512;202;112;203;land;false;plains;1
10513;175;223;241;land;false;plains;1
10514;253;235;93;land;false;plains;1
10515;159;189;234;land;false;plains;1
10516;245;226;184;land;false;plains;1
10517;169;212;153;land;false;plains;1
10518;211;181;152;land;false;plains;1
10519;131;159;233;land;false;plains;1
10520;229;236;116;land;false;plains;1
10521;143;236;200;land;false;plains;1
10522;218;87;219;land;false;plains;1
10523;205;237;213;land;false;plains;1
10524;214;203;216;land;false;plains;1
10525;227;152;134;land;false;plains;1
10526;144;240;216;land;false;plains;1
10527;245;198;106;land;false;plains;1
10528;214;249;192;land;false;plains;1
10529;239;223;183;land;false;plains;1
10530;236;148;208;land;false;plains;1
10531;189;137;224;land;false;plains;1
10532;172;240;128;land;false;plains;1
10533;156;159;206;land;false;plains;1
10534;198;193;235;land;false;plains;1
10535;202;183;170;land;false;plains;1
10536;50;241;239;land;false;plains;1
10537;98;154;249;land;false;plains;1
10538;212;186;175;land;false;plains;1
10539;217;187;252;land;false;plains;1
10540;91;174;252;land;false;plains;1
10541;127;153;246;land;false;plains;1
10542;188;211;253;land;false;plains;1
10543;122;245;245;land;false;plains;1
10544;207;213;237;land;false;plains;1
10545;182;200;149;land;false;plains;1
10546;249;195;61;land;false;plains;1
10547;148;213;206;land;false;plains;1
10548;164;220;207;land;false;plains;1
10549;235;123;242;land;false;plains;1
10550;126;169;222;land;false;plains;1
10551;164;244;115;land;false;plains;1
10552;201;168;166;land;false;plains;1
10553;189;141;186;land;false;plains;1
10554;167;102;250;land;false;plains;1
10555;118;168;222;land;false;plains;1
10556;148;159;228;land;false;plains;1
10557;226;226;250;land;false;plains;1
10558;208;122;171;land;false;plains;1
10559;216;206;85;land;false;plains;1
10560;244;40;236;land;false;plains;1
10561;231;237;142;land;false;plains;1
10562;176;116;235;land;false;plains;1
10563;230;58;215;land;false;plains;1
10564;124;254;146;land;false;plains;1
10565;150;110;242;land;false;plains;1
10566;240;242;228;land;false;plains;1
10567;249;185;241;land;true;plains;1
10568;106;214;206;land;false;plains;1
10569;254;179;170;land;false;plains;1
10570;108;211;240;land;false;plains;1
10571;135;252;168;land;false;plains;1
10572;146;167;226;land;false;plains;1
10573;163;164;204;land;false;plains;1
10574;218;233;89;land;false;plains;1
10575;181;159;190;land;false;plains;1
10576;34;247;231;land;false;plains;1
10577;198;122;248;land;false;plains;1
10578;180;139;213;land;false;plains;1
10579;117;183;228;land;false;plains;1
10580;175;229;177;land;false;plains;1
10581;173;240;136;land;false;plains;1
10582;242;123;201;land;false;plains;1
10583;60;232;237;land;false;plains;1
10584;141;235;151;land;false;plains;1
10585;110;142;254;land;false;plains;1
10586;212;246;203;land;false;plains;1
10587;209;93;250;land;false;plains;1
10588;156;174;184;land;false;plains;1
10589;219;109;189;land;false;plains;1
10590;239;197;193;land;false;plains;1
10591;80;234;224;land;false;plains;1
10592;243;190;102;land;false;plains;1
10593;209;199;132;land;false;plains;1
10594;145;225;252;land;false;plains;1
10595;250;243;37;land;false;plains;1
10596;240;234;56;land;false;plains;1
10597;177;143;209;land;false;plains;1
10598;241;189;128;land;false;plains;1
10599;215;224;116;land;false;plains;1
10600;246;163;227;land;false;plains;1
10601;219;245;107;land;false;plains;1
10602;158;223;139;land;false;plains;1
10603;194;188;251;land;false;plains;1
10604;217;250;182;land;false;plains;1
10605;168;154;252;land;false;plains;1
10606;51;252;253;land;false;plains;1
10607;136;252;229;land;false;plains;1
10608;169;208;183;land;false;plains;1
10609;253;174;78;land;false;plains;1
10610;220;179;245;land;false;plains;1
10611;122;195;191;land;false;plains;1
10612;252;203;215;land;false;plains;1
10613;227;234;173;land;false;plains;1
10614;169;232;145;land;false;plains;1
10615;166;196;254;land;false;plains;1
10616;209;139;163;land;false;plains;1
10617;231;240;156;land;false;plains;1
10618;229;246;81;land;false;plains;1
10619;239;157;136;land;false;plains;1
10620;164;198;179;land;false;plains;1
10621;116;193;225;land;false;plains;1
10622;112;229;210;land;false;plains;1
10623;229;180;99;land;false;plains;1
10624;175;179;155;land;false;plains;1
10625;212;222;162;land;false;plains;1
10626;216;122;190;land;false;plains;1
10627;174;135;220;land;false;plains;1
10628;246;184;182;land;false;plains;1
10629;172;253;170;land;false;plains;1
10630;252;175;203;land;false;plains;1
10631;214;176;252;land;false;plains;1
10632;155;237;190;land;false;plains;1
10633;115;208;249;land;false;plains;1
10634;218;129;206;land;false;plains;1
10635;250;233;121;land;false;plains;1
10636;224;170;186;land;false;plains;1
10637;227;118;227;land;false;plains;1
10638;247;104;244;land;false;plains;1
10639;182;168;244;land;false;plains;1
10640;211;153;221;land;false;plains;1
10641;174;150;229;land;false;plains;1
10642;230;131;218;land;false;plains;1
10643;237;93;198;land;false;plains;1
10644;229;166;198;land;false;plains;1
10645;133;197;204;land;false;plains;1
10646;134;216;246;land;false;plains;1
10647;208;233;91;land;false;plains;1
10648;201;176;150;land;false;plains;1
10649;205;249;173;land;false;plains;1
10650;84;204;242;land;false;plains;1
10651;223;162;204;land;false;plains;1
10652;233;190;137;land;false;plains;1
10653;242;71;216;land;false;plains;1
10654;229;206;160;land;false;plains;1
10655;223;176;182;land;false;plains;1
10656;145;237;167;land;false;plains;1
10657;196;115;242;land;false;plains;1
10658;244;80;219;land;false;plains;1
10659;207;234;181;land;false;plains;1
10660;179;244;152;land;false;plains;1
10661;121;248;201;land;false;plains;1
10662;219;234;187;land;false;plains;1
10663;171;188;187;land;false;plains;1
10664;183;181;139;land;false;plains;1
10665;114;217;232;land;false;plains;1
10666;249;216;61;land;false;plains;1
10667;192;231;149;land;false;plains;1
10668;137;190;202;land;false;plains;1
10669;204;159;240;land;false;plains;1
10670;210;210;166;land;false;plains;1
10671;69;251;242;land;false;plains;1
10672;250;102;248;land;false;plains;1
10673;208;209;202;land;false;plains;1
10674;199;250;191;land;false;plains;1
10675;92;215;251;land;false;plains;1
10676;160;219;202;land;false;plains;1
10677;80;205;245;land;false;plains;1
10678;215;167;172;land;false;plains;1
10679;113;240;183;land;false;plains;1
10680;152;219;133;land;false;plains;1
10681;214;161;204;land;false;plains;1
10682;233;163;199;land;false;plains;1
10683;106;178;252;land;false;plains;1
10684;224;145;252;land;false;plains;1
10685;224;235;50;land;false;plains;1
10686;166;193;162;land;false;plains;1
10687;204;214;123;land;false;plains;1
10688;130;228;157;land;false;plains;1
10689;250;234;139;land;false;plains;1
10690;140;244;128;land;false;plains;1
10691;58;236;233;land;false;plains;1
10692;239;166;106;land;false;plains;1
10693;236;251;245;land;false;plains;1
10694;218;171;112;land;false;plains;1
10695;202;215;247;land;false;plains;1
10696;233;146;202;land;false;plains;1
10697;130;221;220;land;false;plains;1
10698;195;242;143;land;false;plains;1
10699;150;243;189;land;false;plains;1
10700;109;198;201;land;false;plains;1
10701;199;116;191;land;false;plains;1
10702;183;116;215;land;false;plains;1
10703;70;239;217;land;false;plains;1
10704;157;239;253;land;false;plains;1
10705;203;237;68;land;false;plains;1
10706;162;232;251;land;false;plains;1
10707;131;247;148;land;false;plains;1
10708;222;125;245;land;false;plains;1
10709;189;231;245;land;false;plains;1
10710;121;213;184;land;false;plains;1
10711;232;188;188;land;false;plains;1
10712;165;231;138;land;false;plains;1
10713;210;232;97;land;false;plains;1
10714;54;224;233;land;false;plains;1
10715;161;251;167;land;false;plains;1
10716;208;179;171;land;false;plains;1
10717;149;254;106;land;false;plains;1
10718;163;168;204;land;false;plains;1
10719;173;146;249;land;false;plains;1
10720;169;165;180;land;false;plains;1
10721;142;250;218;land;false;plains;1
10722;206;244;86;land;false;plains;1
10723;215;77;244;land;false;plains;1
10724;208;232;167;land;false;plains;1
10725;173;242;154;land;false;plains;1
10726;207;246;252;land;false;plains;1
10727;64;246;206;land;false;plains;1
10728;170;126;206;land;false;plains;1
10729;203;165;212;land;false;plains;1
10730;159;193;152;land;false;plains;1
10731;191;212;231;land;false;plains;1
10732;158;149;195;land;false;plains;1
10733;234;107;168;land;false;plains;1
10734;118;242;251;land;false;plains;1
10735;180;175;159;land;false;plains;1
10736;227;193;108;land;false;plains;1
10737;109;215;254;land;false;plains;1
10738;225;208;76;land;false;plains;1
10739;246;126;228;land;false;plains;1
10740;222;180;195;land;false;plains;1
10741;211;115;217;land;false;plains;1
10742;209;174;193;land;false;plains;1
10743;171;218;251;land;false;plains;1
10744;180;239;228;land;false;plains;1
10745;251;221;226;land;false;plains;1
10746;105;237;236;land;false;plains;1
10747;208;211;185;land;false;plains;1
10748;145;177;207;land;false;plains;1
10749;210;240;56;land;false;plains;1
10750;237;142;242;land;false;plains;1
10751;172;247;140;land;false;plains;1
10752;163;254;242;land;false;plains;1
10753;154;217;220;land;false;plains;1
10754;245;124;134;land;false;plains;1
10755;249;181;147;land;false;plains;1
10756;210;173;208;land;false;plains;1
10757;188;222;231;land;false;plains;1
10758;187;181;234;land;false;plains;1
10759;180;200;137;land;false;plains;1
10760;180;198;209;land;false;plains;1
10761;251;127;253;land;false;plains;1
10762;188;183;137;land;false;plains;1
10763;182;250;162;land;false;plains;1
10764;244;151;218;land;false;plains;1
10765;240;244;71;land;false;plains;1
10766;107;236;195;land;false;plains;1
10767;97;252;247;land;false;plains;1
10768;218;177;247;land;false;plains;1
10769;240;175;248;land;false;plains;1
10770;249;100;160;land;false;plains;1
10771;189;242;235;land;false;plains;1
10772;141;198;199;land;false;plains;1
10773;149;118;250;land;false;plains;1
10774;159;242;104;land;false;plains;1
10775;226;44;245;land;false;plains;1
10776;130;208;183;land;false;plains;1
10777;217;189;195;land;false;plains;1
10778;11;251;254;land;false;plains;1
10779;251;183;128;land;false;plains;1
10780;231;206;77;land;false;plains;1
10781;148;125;254;land;false;plains;1
10782;66;220;247;land;false;plains;1
10783;179;201;202;land;false;plains;1
10784;230;197;171;land;false;plains;1
10785;137;167;224;land;false;plains;1
10786;209;210;117;land;false;plains;1
10787;150;195;254;land;false;plains;1
10788;153;221;234;land;false;plains;1
10789;203;168;130;land;false;plains;1
10790;231;88;184;land;false;plains;1
10791;198;135;205;land;false;plains;1
10792;185;115;246;land;false;plains;1
10793;173;116;246;land;false;plains;1
10794;157;101;248;land;false;plains;1
10795;242;206;139;land;false;plains;1
10796;233;201;246;land;false;plains;1
10797;151;132;239;land;false;plains;1
10798;243;234;119;land;false;plains;1
10799;159;195;189;land;false;plains;1
10800;109;249;162;land;false;plains;1
10801;193;226;119;land;false;plains;1
10802;250;133;127;land;false;plains;1
10803;233;205;247;land;false;plains;1
10804;229;229;143;land;false;plains;1
10805;227;187;178;land;false;plains;1
10806;230;142;153;land;false;plains;1
10807;159;224;164;land;false;plains;1
10808;234;135;138;land;false;plains;1
10809;202;128;209;land;false;plains;1
10810;239;219;228;land;false;plains;1
10811;218;206;219;land;false;plains;1
10812;196;70;254;land;false;plains;1
10813;204;217;120;land;false;plains;1
10814;199;242;242;land;false;plains;1
10815;222;242;79;land;false;plains;1
10816;238;139;244;land;false;plains;1
10817;192;187;179;land;false;plains;1
10818;237;166;229;land;false;plains;1
10819;215;103;239;land;false;plains;1
10820;231;193;161;land;false;plains;1
10821;235;140;160;land;false;plains;1
10822;247;149;109;land;false;plains;1
10823;252;184;124;land;false;plains;1
10824;191;107;233;land;false;plains;1
10825;134;214;227;land;false;plains;1
10826;149;181;176;land;false;plains;1
10827;176;224;101;land;false;plains;1
10828;78;243;219;land;false;plains;1
10829;220;253;96;land;false;plains;1
10830;105;188;242;land;false;plains;1
10831;232;234;129;land;false;plains;1
10832;201;99;217;land;false;plains;1
10833;130;157;222;land;false;plains;1
10834;212;220;99;land;false;plains;1
10835;228;219;65;land;false;plains;1
10836;125;220;162;land;false;plains;1
10837;167;251;216;land;false;plains;1
10838;207;186;241;land;false;plains;1
10839;249;209;81;land;false;plains;1
10840;134;200;203;land;false;plains;1
10841;212;212;79;land;false;plains;1
10842;248;238;178;land;false;plains;1
10843;245;236;187;land;false;plains;1
10844;146;236;137;land;false;plains;1
10845;160;114;240;land;false;plains;1
10846;235;194;239;land;false;plains;1
10847;138;186;180;land;false;plains;1
10848;194;161;170;land;false;plains;1
10849;175;243;176;land;false;plains;1
10850;189;246;188;land;false;plains;1
10851;62;249;217;land;false;plains;1
10852;226;185;152;land;false;plains;1
10853;126;172;205;land;false;plains;1
10854;222;239;89;land;false;plains;1
10855;221;142;173;land;false;plains;1
10856;212;173;193;land;false;plains;1
10857;248;195;166;land;false;plains;1
10858;217;229;73;land;false;plains;1
10859;200;228;206;land;false;plains;1
10860;220;212;90;land;false;plains;1
10861;193;191;165;land;false;plains;1
10862;254;73;253;land;false;plains;1
10863;68;252;202;land;false;plains;1
10864;196;108;252;land;false;plains;1
10865;245;220;91;land;false;plains;1
10866;205;218;201;land;false;plains;1
10867;206;194;213;land;false;plains;1
10868;239;245;169;land;false;plains;1
10869;187;204;161;land;false;plains;1
10870;181;206;236;land;false;plains;1
10871;43;224;244;land;false;plains;1
10872;144;251;178;land;false;plains;1
10873;237;244;128;land;false;plains;1
10874;238;163;195;land;false;plains;1
10875;168;225;159;land;false;plains;1
10876;246;108;254;land;false;plains;1
10877;213;183;223;land;false;plains;1
10878;196;221;213;land;false;plains;1
10879;240;208;153;land;false;plains;1
10880;249;119;234;land;false;plains;1
10881;83;224;209;land;false;plains;1
10882;234;249;72;land;false;plains;1
10883;210;182;196;land;false;plains;1
10884;242;143;232;land;false;plains;1
10885;237;177;245;land;false;plains;1
10886;197;197;162;land;false;plains;1
10887;195;189;251;land;false;plains;1
10888;71;251;189;land;false;plains;1
10889;162;210;229;land;false;plains;1
10890;140;209;168;land;false;plains;1
10891;247;186;161;land;false;plains;1
10892;222;221;67;land;false;plains;1
10893;144;210;149;land;false;plains;1
10894;153;148;208;land;false;plains;1
10895;116;202;183;land;false;plains;1
10896;72;208;234;land;false;plains;1
10897;167;165;206;land;false;plains;1
10898;89;232;235;land;false;plains;1
10899;71;243;198;land;false;plains;1
10900;205;216;187;land;false;plains;1
10901;159;192;212;land;false;plains;1
10902;216;221;112;land;false;plains;1
10903;153;254;161;land;false;plains;1
10904;194;151;250;land;false;plains;1
10905;234;128;186;land;false;plains;1
10906;202;86;233;land;false;plains;1
10907;101;236;175;land;false;plains;1
10908;173;170;177;land;false;plains;1
10909;208;82;241;land;false;plains;1
10910;252;182;93;land;false;plains;1
10911;185;149;213;land;false;plains;1
10912;120;211;252;land;false;plains;1
10913;231;233;164;land;false;plains;1
10914;158;221;232;land;false;plains;1
10915;166;232;146;land;false;plains;1
10916;253;154;134;land;false;plains;1
10917;252;55;242;land;false;plains;1
10918;118;213;209;land;false;plains;1
10919;146;196;226;land;false;plains;1
10920;241;161;162;land;false;plains;1
10921;212;208;213;land;false;plains;1
10922;242;249;213;land;false;plains;1
10923;223;182;254;land;false;plains;1
10924;219;235;175;land;false;plains;1
10925;84;214;203;land;false;plains;1
10926;204;165;146;land;false;plains;1
10927;237;118;156;land;false;plains;1
10928;240;78;209;land;false;plains;1
10929;243;211;242;land;false;plains;1
10930;204;84;223;land;false;plains;1
10931;190;183;241;land;false;plains;1
10932;236;198;79;land;false;plains;1
10933;221;83;237;land;false;plains;1
10934;252;227;240;land;false;plains;1
10935;209;242;114;land;false;plains;1
10936;239;251;202;land;false;plains;1
10937;248;223;90;land;false;plains;1
10938;194;227;225;land;false;plains;1
10939;175;237;162;land;false;plains;1
10940;147;196;218;land;false;plains;1
10941;223;192;100;land;false;plains;1
10942;216;136;248;land;false;plains;1
10943;120;231;173;land;false;plains;1
10944;168;250;86;land;false;plains;1
10945;185;199;135;land;false;plains;1
10946;109;239;254;land;false;plains;1
10947;246;14;246;land;false;plains;1
10948;108;174;245;land;false;plains;1
10949;231;224;125;land;false;plains;1
10950;177;141;253;land;false;plains;1
10951;93;172;252;land;false;plains;1
10952;218;192;175;land;false;plains;1
10953;112;164;231;land;false;plains;1
10954;250;136;194;land;false;plains;1
10955;241;156;121;land;false;plains;1
10956;127;215;227;land;false;plains;1
10957;144;157;236;land;false;plains;1
10958;246;226;232;land;false;plains;1
10959;253;207;184;land;false;plains;1
10960;248;101;241;land;false;plains;1
10961;253;196;139;land;false;plains;1
10962;181;252;168;land;false;plains;1
10963;144;189;219;land;false;plains;1
10964;127;253;199;land;false;plains;1
10965;193;212;136;land;false;plains;1
10966;203;183;175;land;false;plains;1
10967;208;77;247;land;false;plains;1
10968;240;122;247;land;false;plains;1
10969;231;98;184;land;false;plains;1
10970;253;242;178;land;false;plains;1
10971;16;250;240;land;false;plains;1
10972;235;148;253;land;false;plains;1
10973;253;167;234;land;false;plains;1
10974;73;246;241;land;false;plains;1
10975;246;66;228;land;false;plains;1
10976;164;239;223;land;false;plains;1
10977;198;220;137;land;false;plains;1
10978;240;167;209;land;false;plains;1
10979;220;172;141;land;false;plains;1
10980;243;224;199;land;false;plains;1
10981;234;121;196;land;false;plains;1
10982;249;235;81;land;false;plains;1
10983;30;252;229;land;false;plains;1
10984;208;241;215;land;false;plains;1
10985;171;205;188;land;false;plains;1
10986;178;250;141;land;false;plains;1
10987;234;242;72;land;false;plains;1
10988;232;92;197;land;false;plains;1
10989;165;248;121;land;false;plains;1
10990;105;234;212;land;false;plains;1
10991;113;217;180;land;false;plains;1
10992;158;105;238;land;false;plains;1
10993;210;253;190;land;false;plains;1
10994;226;216;80;land;false;plains;1
10995;201;101;202;land;false;plains;1
10996;135;125;252;land;false;plains;1
10997;216;195;97;land;false;plains;1
10998;247;211;83;land;false;plains;1
10999;196;245;203;land;false;plains;1
11000;215;134;229;land;false;plains;1
11001;180;245;185;land;false;plains;1
11002;194;135;181;land;false;plains;1
11003;159;132;251;land;false;plains;1
11004;139;176;198;land;false;plains;1
11005;209;154;190;land;false;plains;1
11006;203;154;249;land;false;plains;1
11007;240;242;214;land;false;plains;1
11008;220;225;240;land;false;plains;1
11009;178;237;211;land;false;plains;1
11010;166;217;129;land;false;plains;1
11011;132;214;158;land;false;plains;1
11012;229;213;232;land;false;plains;1
11013;113;174;245;land;false;plains;1
11014;250;189;224;land;false;plains;1
11015;207;232;229;land;false;plains;1
11016;187;216;117;land;false;plains;1
11017;206;154;211;land;false;plains;1
11018;244;246;38;land;false;plains;1
11019;182;113;220;land;false;plains;1
11020;158;235;200;land;false;plains;1
11021;67;252;245;land;false;plains;1
11022;165;227;223;land;false;plains;1
11023;208;130;206;land;false;plains;1
11024;232;149;239;land;false;plains;1
11025;252;217;95;land;false;plains;1
11026;202;184;244;land;false;plains;1
11027;111;232;238;land;false;plains;1
11028;219;214;125;land;false;plains;1
11029;191;237;110;land;false;plains;1
11030;53;231;230;land;false;plains;1
11031;216;195;229;land;false;plains;1
11032;153;181;193;land;false;plains;1
11033;196;156;179;land;false;plains;1
11034;213;206;204;land;false;plains;1
11035;231;173;213;land;false;plains;1
11036;173;239;156;land;false;plains;1
11037;230;78;232;land;false;plains;1
11038;49;251;244;land;false;plains;1
11039;143;141;218;land;false;plains;1
11040;234;157;213;land;false;plains;1
11041;148;251;134;land;false;plains;1
11042;243;238;38;land;false;plains;1
11043;228;212;65;land;false;plains;1
11044;250;231;55;land;false;plains;1
11045;251;110;235;land;false;plains;1
11046;229;182;178;land;false;plains;1
11047;205;235;145;land;false;plains;1
11048;181;87;253;land;false;plains;1
11049;129;252;144;land;false;plains;1
11050;201;211;110;land;false;plains;1
11051;203;231;176;land;false;plains;1
11052;212;169;120;land;false;plains;1
11053;244;198;68;land;false;plains;1
11054;145;253;162;land;false;plains;1
11055;232;224;162;land;false;plains;1
11056;237;248;131;land;false;plains;1
11057;161;185;225;land;false;plains;1
11058;209;204;202;land;false;plains;1
11059;46;243;213;land;false;plains;1
11060;102;244;194;land;false;plains;1
11061;183;173;197;land;false;plains;1
11062;236;204;238;land;false;plains;1
11063;252;147;109;land;false;plains;1
11064;245;245;82;land;false;plains;1
11065;254;241;38;land;false;plains;1
11066;178;221;201;land;false;plains;1
11067;231;173;113;land;false;plains;1
11068;153;216;223;land;false;plains;1
11069;210;204;203;land;false;plains;1
11070;150;155;220;land;false;plains;1
11071;31;252;227;land;false;plains;1
11072;201;212;130;land;false;plains;1
11073;153;253;233;land;false;plains;1
11074;179;205;131;land;false;plains;1
11075;162;207;203;land;false;plains;1
11076;237;202;98;land;false;plains;1
11077;230;236;110;land;false;plains;1
11078;210;60;254;land;false;plains;1
11079;206;179;145;land;false;plains;1
11080;251;56;198;land;false;plains;1
11081;171;183;165;land;false;plains;1
11082;94;229;183;land;false;plains;1
11083;242;144;231;land;false;plains;1
11084;165;168;184;land;false;plains;1
11085;244;58;229;land;false;plains;1
11086;168;178;202;land;false;plains;1
11087;230;224;113;land;false;plains;1
11088;114;246;231;land;false;plains;1
11089;159;166;241;land;false;plains;1
11090;203;202;166;land;false;plains;1
11091;231;181;194;land;false;plains;1
11092;195;238;169;land;false;plains;1
11093;184;136;197;land;false;plains;1
11094;247;123;147;land;false;plains;1
11095;170;182;247;land;false;plains;1
11096;235;159;210;land;false;plains;1
11097;183;244;176;land;false;plains;1
11098;233;212;63;land;false;plains;1
11099;200;112;189;land;false;plains;1
11100;219;185;202;land;false;plains;1
11101;164;103;239;land;false;plains;1
11102;92;233;234;land;false;plains;1
11103;235;131;209;land;false;plains;1
11104;239;196;185;land;false;plains;1
11105;153;177;175;land;false;plains;1
11106;156;174;186;land;false;plains;1
11107;235;104;243;land;false;plains;1
11108;161;190;210;land;false;plains;1
11109;225;116;193;land;false;plains;1
11110;234;211;155;land;false;plains;1
11111;172;169;174;land;false;plains;1
11112;227;90;200;land;false;plains;1
11113;224;198;165;land;false;plains;1
11114;236;151;134;land;false;plains;1
11115;244;188;227;land;false;plains;1
11116;205;249;135;land;false;plains;1
11117;198;180;123;land;false;plains;1
11118;228;192;157;land;false;plains;1
11119;146;186;227;land;false;plains;1
11120;174;93;254;land;false;plains;1
11121;242;250;17;land;false;plains;1
11122;185;215;197;land;false;plains;1
11123;206;107;238;land;false;plains;1
11124;247;154;128;land;false;plains;1
11125;221;146;234;land;false;plains;1
11126;230;241;223;land;false;plains;1
11127;220;251;98;land;false;plains;1
11128;251;135;117;land;false;plains;1
11129;242;97;182;land;false;plains;1
11130;70;225;251;land;false;plains;1
11131;245;170;231;land;false;plains;1
11132;70;226;233;land;false;plains;1
11133;239;182;153;land;false;plains;1
11134;212;135;183;land;false;plains;1
11135;210;102;246;land;false;plains;1
11136;228;194;140;land;false;plains;1
11137;132;239;213;land;false;plains;1
11138;244;214;224;land;false;plains;1
11139;150;188;220;land;false;plains;1
11140;104;210;198;land;false;plains;1
11141;176;247;150;land;false;plains;1
11142;160;247;115;land;false;plains;1
11143;236;240;88;land;false;plains;1
11144;212;191;150;land;false;plains;1
11145;179;141;184;land;false;plains;1
11146;151;217;157;land;false;plains;1
11147;192;123;225;land;false;plains;1
11148;245;71;187;land;false;plains;1
11149;168;183;175;land;false;plains;1
11150;108;211;188;land;false;plains;1
11151;177;214;251;land;false;plains;1
11152;218;224;248;land;false;plains;1
11153;253;192;232;land;false;plains;1
11154;187;179;201;land;false;plains;1
11155;211;204;174;land;false;plains;1
11156;210;164;185;land;false;plains;1
11157;106;208;189;land;false;plains;1
11158;142;231;227;land;false;plains;1
11159;202;233;171;land;false;plains;1
11160;225;152;246;land;false;plains;1
11161;122;240;166;land;false;plains;1
11162;169;254;176;land;false;plains;1
11163;158;236;116;land;false;plains;1
11164;220;167;244;land;false;plains;1
11165;240;118;144;land;false;plains;1
11166;163;197;206;land;false;plains;1
11167;215;215;198;land;false;plains;1
11168;206;170;128;land;false;plains;1
11169;209;187;139;land;false;plains;1
11170;99;254;236;land;false;plains;1
11171;248;176;217;land;false;plains;1
11172;205;219;181;land;false;plains;1
11173;141;193;202;land;false;plains;1
11174;225;208;189;land;false;plains;1
11175;135;251;246;land;false;plains;1
11176;198;110;215;land;false;plains;1
11177;224;232;163;land;false;plains;1
11178;109;249;205;land;false;plains;1
11179;164;225;248;land;false;plains;1
11180;212;85;213;land;false;plains;1
11181;249;100;161;land;false;plains;1
11182;245;200;251;land;false;plains;1
11183;236;169;129;land;false;plains;1
11184;144;163;210;land;false;plains;1
11185;232;100;228;land;false;plains;1
11186;179;233;215;land;false;plains;1
11187;152;195;190;land;false;plains;1
11188;198;170;215;land;false;plains;1
11189;212;234;86;land;false;plains;1
11190;130;178;228;land;false;plains;1
11191;251;137;148;land;false;plains;1
11192;250;183;204;land;false;plains;1
11193;212;198;215;land;false;plains;1
11194;244;251;168;land;false;plains;1
11195;115;242;221;land;false;plains;1
11196;238;239;82;land;false;plains;1
11197;174;120;220;land;false;plains;1
11198;251;203;204;land;false;plains;1
11199;211;210;116;land;false;plains;1
11200;177;221;160;land;false;plains;1
11201;233;220;236;land;false;plains;1
11202;165;143;220;land;false;plains;1
11203;177;250;195;land;false;plains;1
11204;229;223;140;land;false;plains;1
11205;200;205;191;land;false;plains;1
11206;149;254;170;land;false;plains;1
11207;178;201;148;land;false;plains;1
11208;227;138;191;land;false;plains;1
11209;209;66;230;land;false;plains;1
11210;248;151;181;land;false;plains;1
11211;208;180;228;land;false;plains;1
11212;190;217;113;land;false;plains;1
11213;246;237;222;land;false;plains;1
11214;103;184;226;land;false;plains;1
11215;186;89;235;land;false;plains;1
11216;166;228;175;land;false;plains;1
11217;254;213;141;land;false;plains;1
11218;223;173;241;land;false;plains;1
11219;154;246;133;land;false;plains;1
11220;247;206;208;land;false;plains;1
11221;195;160;190;land;false;plains;1
11222;202;113;226;land;false;plains;1
11223;228;153;211;land;false;plains;1
11224;164;121;247;land;false;plains;1
11225;157;238;131;land;false;plains;1
11226;88;222;202;land;false;plains;1
11227;151;221;223;land;false;plains;1
11228;178;187;201;land;false;plains;1
11229;245;218;114;land;false;plains;1
11230;67;240;228;land;false;plains;1
11231;218;213;177;land;false;plains;1
11232;226;156;198;land;false;plains;1
11233;237;211;77;land;false;plains;1
11234;108;244;174;land;false;plains;1
11235;146;211;171;land;false;plains;1
11236;231;227;88;land;false;plains;1
11237;220;207;244;land;false;plains;1
11238;53;222;233;land;false;plains;1
11239;44;226;236;land;false;plains;1
11240;127;195;247;land;false;plains;1
11241;238;215;188;land;false;plains;1
11242;154;141;214;land;false;plains;1
11243;253;102;177;land;false;plains;1
11244;122;165;239;land;false;plains;1
11245;146;212;145;land;false;plains;1
11246;225;200;116;land;false;plains;1
11247;141;164;205;land;false;plains;1
11248;204;104;239;land;false;plains;1
11249;126;243;191;land;false;plains;1
11250;252;244;132;land;false;plains;1
11251;197;205;177;land;false;plains;1
11252;106;228;224;land;false;plains;1
11253;194;180;179;land;false;plains;1
11254;237;56;212;land;false;plains;1
11255;145;192;194;land;false;plains;1
11256;221;154;213;land;false;plains;1
11257;224;216;202;land;false;plains;1
11258;244;194;233;land;false;plains;1
11259;182;190;140;land;false;plains;1
11260;185;208;145;land;false;plains;1
11261;188;139;184;land;false;plains;1
11262;182;201;169;land;false;plains;1
11263;245;122;248;land;false;plains;1
11264;207;128;197;land;false;plains;1
11265;110;186;228;land;false;plains;1
11266;213;240;125;land;false;plains;1
11267;208;97;236;land;false;plains;1
11268;252;241;45;land;false;plains;1
11269;175;192;231;land;false;plains;1
11270;235;236;107;land;false;plains;1
11271;252;26;248;land;false;plains;1
11272;139;223;226;land;false;plains;1
11273;127;242;135;land;false;plains;1
11274;197;63;248;land;false;plains;1
11275;254;237;240;land;false;plains;1
11276;95;190;240;land;false;plains;1
11277;221;138;235;land;false;plains;1
11278;215;87;200;land;false;plains;1
11279;127;226;213;land;false;plains;1
11280;125;245;235;land;false;plains;1
11281;238;117;206;land;false;plains;1
11282;128;187;244;land;false;plains;1
11283;199;199;146;land;false;plains;1
11284;203;85;219;land;false;plains;1
11285;198;254;89;land;false;plains;1
11286;233;239;145;land;false;plains;1
11287;200;183;147;land;false;plains;1
11288;161;177;245;land;false;plains;1
11289;203;144;209;land;false;plains;1
11290;237;156;140;land;false;plains;1
11291;173;137;212;land;false;plains;1
11292;115;224;163;land;false;plains;1
11293;248;189;121;land;false;plains;1
11294;254;127;216;land;false;plains;1
11295;215;146;238;land;false;plains;1
11296;150;186;251;land;false;plains;1
11297;247;176;173;land;false;plains;1
11298;225;128;205;land;false;plains;1
11299;203;254;245;land;false;plains;1
11300;231;184;180;land;false;plains;1
11301;250;60;202;land;false;plains;1
11302;226;90;254;land;false;plains;1
11303;251;119;166;land;false;plains;1
11304;35;237;237;land;false;plains;1
11305;190;138;242;land;false;plains;1
11306;195;164;229;land;false;plains;1
11307;239;82;229;land;false;plains;1
11308;186;173;246;land;false;plains;1
11309;108;204;248;land;false;plains;1
11310;160;99;248;land;false;plains;1
11311;209;161;245;land;false;plains;1
11312;246;171;157;land;false;plains;1
11313;168;226;228;land;false;plains;1
11314;252;84;208;land;false;plains;1
11315;230;104;227;land;false;plains;1
11316;186;167;212;land;false;plains;1
11317;62;213;227;land;false;plains;1
11318;221;147;162;land;false;plains;1
11319;159;211;138;land;false;plains;1
11320;254;242;138;land;false;plains;1
11321;166;112;226;land;false;plains;1
11322;241;155;233;land;false;plains;1
11323;238;206;220;land;false;plains;1
11324;144;235;133;land;false;plains;1
11325;151;191;189;land;false;plains;1
11326;181;102;219;land;false;plains;1
11327;134;179;224;land;false;plains;1
11328;174;225;142;land;false;plains;1
11329;136;236;133;land;false;plains;1
11330;208;252;150;land;false;plains;1
11331;245;175;87;land;false;plains;1
11332;114;225;215;land;false;plains;1
11333;239;156;252;land;false;plains;1
11334;187;146;236;land;false;plains;1
11335;190;144;207;land;false;plains;1
11336;250;165;124;land;false;plains;1
11337;181;215;157;land;false;plains;1
11338;227;127;200;land;false;plains;1
11339;247;253;59;land;false;plains;1
11340;107;247;195;land;false;plains;1
11341;218;113;253;land;false;plains;1
11342;250;165;153;land;false;plains;1
11343;91;195;229;land;false;plains;1
11344;169;190;191;land;false;plains;1
11345;192;182;147;land;false;plains;1
11346;246;228;90;land;false;plains;1
11347;240;111;239;land;false;plains;1
11348;235;49;253;land;false;plains;1
11349;89;247;238;land;false;plains;1
11350;184;127;251;land;false;plains;1
11351;222;221;206;land;false;plains;1
11352;89;168;246;land;false;plains;1
11353;230;222;197;land;false;plains;1
11354;171;245;243;land;false;plains;1
11355;152;250;106;land;false;plains;1
11356;189;134;235;land;false;plains;1
11357;227;225;95;land;false;plains;1
11358;208;254;194;land;false;plains;1
11359;196;111;203;land;false;plains;1
11360;236;75;231;land;false;plains;1
11361;166;193;251;land;false;plains;1
11362;196;103;218;land;false;plains;1
11363;151;231;200;land;false;plains;1
11364;200;215;137;land;false;plains;1
11365;254;209;47;land;false;plains;1
11366;157;183;224;land;false;plains;1
11367;198;254;88;land;false;plains;1
11368;81;198;228;land;false;plains;1
11369;143;127;240;land;false;plains;1
11370;188;240;97;land;false;plains;1
11371;129;183;232;land;false;plains;1
11372;149;239;166;land;false;plains;1
11373;210;52;250;land;true;plains;1
11374;169;241;118;land;false;plains;1
11375;206;187;114;land;false;plains;1
11376;214;210;229;land;false;plains;1
11377;159;250;144;land;false;plains;1
11378;221;245;244;land;false;plains;1
11379;146;213;173;land;false;plains;1
11380;219;228;180;land;false;plains;1
11381;82;217;217;land;false;plains;1
11382;171;185;202;land;false;plains;1
11383;93;215;196;land;false;plains;1
11384;214;241;154;land;false;plains;1
11385;229;218;54;land;false;plains;1
11386;205;52;246;land;false;plains;1
11387;185;175;163;land;false;plains;1
11388;83;232;193;land;false;plains;1
11389;227;190;199;land;false;plains;1
11390;245;30;235;land;true;plains;1
11391;208;165;141;land;true;plains;1
11392;204;217;143;land;false;plains;1
11393;218;173;198;land;false;plains;1
11394;237;226;63;land;false;plains;1
11395;205;188;219;land;false;plains;1
11396;158;254;184;land;false;plains;1
11397;211;231;150;land;false;plains;1
11398;210;209;203;land;false;plains;1
11399;207;83;252;land;false;plains;1
11400;211;241;163;land;false;plains;1
11401;109;176;227;land;false;plains;1
11402;229;169;193;land;false;plains;1
11403;221;232;112;land;false;plains;1
11404;193;187;218;land;false;plains;1
11405;136;158;222;land;false;plains;1
11406;243;191;240;land;false;plains;1
11407;233;233;96;land;false;plains;1
11408;141;189;225;land;false;plains;1
11409;214;206;215;land;false;plains;1
11410;245;189;220;land;false;plains;1
11411;228;127;149;land;false;plains;1
11412;116;180;209;land;false;plains;1
11413;191;205;116;land;false;plains;1
11414;221;138;182;land;false;plains;1
11415;207;244;151;land;false;plains;1
11416;141;220;171;land;false;plains;1
11417;246;248;110;land;false;plains;1
11418;138;208;232;land;false;plains;1
11419;58;254;238;land;false;plains;1
11420;206;188;188;land;true;plains;1
11421;195;232;160;land;false;plains;1
11422;234;171;121;land;false;plains;1
11423;236;142;176;land;false;plains;1
11424;109;233;235;land;false;plains;1
11425;226;223;139;land;false;plains;1
11426;189;137;246;land;false;plains;1
11427;224;229;122;land;false;plains;1
11428;195;235;229;land;false;plains;1
11429;229;181;236;land;false;plains;1
11430;63;209;233;land;false;plains;1
11431;241;229;108;land;false;plains;1
11432;217;121;172;land;false;plains;1
11433;242;215;227;land;false;plains;1
11434;152;161;233;land;false;plains;1
11435;242;133;169;land;false;plains;1
11436;38;217;251;land;false;plains;1
11437;219;92;253;land;false;plains;1
11438;189;217;238;land;false;plains;1
11439;234;226;161;land;false;plains;1
11440;177;178;190;land;false;plains;1
11441;58;243;215;land;false;plains;1
11442;182;219;239;land;false;plains;1
11443;246;147;210;land;false;plains;1
11444;184;177;251;land;false;plains;1
11445;227;205;162;land;true;plains;1
11446;233;188;211;land;false;plains;1
11447;192;207;178;land;false;plains;1
11448;241;119;211;land;false;plains;1
11449;231;235;235;land;false;plains;1
11450;186;154;252;land;false;plains;1
11451;196;161;253;land;false;plains;1
11452;234;243;92;land;false;plains;1
11453;247;130;128;land;false;plains;1
11454;237;240;172;land;false;plains;1
11455;223;195;211;land;false;plains;1
11456;250;108;216;land;false;plains;1
11457;191;247;247;land;false;plains;1
11458;219;175;129;land;false;plains;1
11459;243;91;183;land;false;plains;1
11460;164;251;232;land;false;plains;1
11461;231;205;155;land;false;plains;1
11462;119;165;246;land;false;plains;1
11463;206;231;198;land;false;plains;1
11464;142;232;183;land;false;plains;1
11465;174;231;149;land;false;plains;1
11466;177;136;241;land;false;plains;1
11467;173;185;253;land;false;plains;1
11468;150;247;210;land;false;plains;1
11469;194;222;245;land;false;plains;1
11470;227;217;107;land;false;plains;1
11471;211;105;226;land;false;plains;1
11472;176;82;251;land;false;plains;1
11473;182;197;200;land;false;plains;1
11474;142;113;246;land;false;plains;1
11475;107;236;225;land;false;plains;1
11476;243;164;113;land;false;plains;1
11477;241;205;210;land;true;plains;1
11478;166;170;220;land;false;plains;1
11479;239;170;182;land;false;plains;1
11480;216;62;232;land;false;plains;1
11481;253;237;68;land;false;plains;1
11482;238;106;194;land;true;plains;1
11483;182;136;208;land;false;plains;1
11484;182;180;175;land;false;plains;1
11485;240;139;158;land;false;plains;1
11486;195;227;165;land;false;plains;1
11487;254;203;213;land;false;plains;1
11488;203;192;187;land;true;plains;1
11489;234;122;219;land;false;plains;1
11490;179;250;220;land;false;plains;1
11491;187;212;148;land;false;plains;1
11492;225;140;234;land;false;plains;1
11493;104;197;230;land;false;plains;1
11494;207;93;235;land;false;plains;1
11495;191;166;145;land;false;plains;1
11496;246;170;246;land;false;plains;1
11497;193;238;232;land;false;plains;1
11498;239;166;119;land;false;plains;1
11499;196;219;114;land;false;plains;1
11500;179;242;80;land;false;plains;1
11501;224;164;145;land;false;plains;1
11502;229;85;217;land;false;plains;1
11503;230;95;254;land;false;plains;1
11504;193;139;226;land;false;plains;1
11505;227;242;142;land;false;plains;1
11506;106;196;245;land;false;plains;1
11507;229;134;142;land;false;plains;1
11508;187;197;126;land;false;plains;1
11509;207;223;155;land;false;plains;1
11510;189;179;202;land;false;plains;1
11511;161;248;168;land;false;plains;1
11512;248;176;240;land;true;plains;1
11513;210;200;216;land;true;plains;1
11514;176;251;182;land;false;plains;1
11515;254;159;88;land;false;plains;1
11516;238;165;194;land;false;plains;1
11517;166;140;239;land;false;plains;1
11518;165;218;145;land;false;plains;1
11519;98;236;220;land;false;plains;1
11520;244;241;66;land;false;plains;1
11521;112;161;236;land;false;plains;1
11522;253;137;115;land;false;plains;1
11523;232;175;242;land;false;plains;1
11524;240;138;163;land;false;plains;1
11525;242;41;242;land;false;plains;1
11526;245;241;67;land;false;plains;1
11527;197;203;119;land;false;plains;1
11528;200;191;204;land;false;plains;1
11529;240;202;227;land;false;plains;1
11530;115;234;211;land;false;plains;1
11531;241;242;37;land;false;plains;1
11532;191;176;231;land;false;plains;1
11533;161;197;198;land;false;plains;1
11534;194;198;115;land;false;plains;1
11535;90;192;245;land;false;plains;1
11536;222;180;226;land;false;plains;1
11537;196;115;193;land;true;plains;1
11538;212;155;242;land;false;plains;1
11539;228;235;158;land;false;plains;1
11540;248;250;100;land;false;plains;1
11541;226;174;162;land;true;plains;1
11542;210;235;104;land;false;plains;1
11543;237;203;155;land;false;plains;1
11544;215;108;250;land;true;plains;1
11545;82;204;241;land;false;plains;1
11546;137;243;226;land;false;plains;1
11547;229;239;77;land;false;plains;1
11548;113;239;249;land;false;plains;1
11549;208;252;253;land;false;plains;1
11550;222;198;166;land;false;plains;1
11551;242;14;249;land;false;plains;1
11552;89;221;221;land;true;plains;1
11553;204;207;201;land;false;plains;1
11554;207;176;159;land;false;plains;1
11555;243;134;250;land;false;plains;1
11556;118;165;242;land;false;plains;1
11557;179;153;215;land;false;plains;1
11558;186;184;135;land;false;plains;1
11559;197;183;150;land;false;plains;1
11560;227;209;246;land;true;plains;1
11561;193;172;147;land;false;plains;1
11562;244;232;84;land;false;plains;1
11563;106;197;235;land;false;plains;1
11564;226;239;201;land;false;plains;1
11565;207;237;69;land;false;plains;1
11566;207;86;228;land;false;plains;1
11567;125;141;253;land;false;plains;1
11568;204;186;122;land;false;plains;1
11569;245;238;158;land;false;plains;1
11570;143;175;244;land;false;plains;1
11571;204;207;207;land;false;plains;1
11572;236;234;254;land;false;plains;1
11573;143;194;225;land;false;plains;1
11574;225;202;209;land;false;plains;1
11575;155;240;190;land;false;plains;1
11576;238;42;240;land;false;plains;1
11577;196;97;250;land;false;plains;1
11578;148;228;176;land;false;plains;1
11579;212;201;193;land;false;plains;1
11580;120;203;185;land;false;plains;1
11581;229;117;200;land;false;plains;1
11582;212;227;238;land;false;plains;1
11583;239;222;253;land;false;plains;1
11584;210;112;195;land;false;plains;1
11585;64;253;200;land;true;plains;1
11586;213;250;43;land;false;plains;1
11587;158;216;138;land;false;plains;1
11588;222;149;193;land;false;plains;1
11589;151;169;194;land;false;plains;1
11590;224;229;70;land;false;plains;1
11591;154;216;222;land;false;plains;1
11592;150;171;245;land;false;plains;1
11593;148;232;245;land;false;plains;1
11594;144;254;238;land;false;plains;1
11595;240;151;180;land;false;plains;1
11596;237;106;199;land;false;plains;1
11597;249;118;192;land;true;plains;1
11598;186;141;207;land;false;plains;1
11599;235;14;252;land;false;plains;1
11600;100;189;222;land;false;plains;1
11601;186;219;148;land;false;plains;1
11602;252;243;44;land;false;plains;1
11603;155;251;130;land;false;plains;1
11604;244;179;103;land;false;plains;1
11605;207;240;137;land;false;plains;1
11606;101;213;220;land;false;plains;1
11607;187;251;196;land;false;plains;1
11608;235;151;125;land;true;plains;1
11609;228;88;201;land;false;plains;1
11610;254;131;152;land;false;plains;1
11611;219;174;241;land;false;plains;1
11612;229;194;225;land;false;plains;1
11613;247;85;175;land;false;plains;1
11614;206;173;242;land;false;plains;1
11615;166;163;177;land;false;plains;1
11616;229;188;163;land;false;plains;1
11617;183;211;238;land;true;plains;1
11618;254;174;128;land;false;plains;1
11619;192;110;226;land;false;plains;1
11620;119;155;233;land;true;plains;1
11621;238;91;229;land;false;plains;1
11622;247;187;81;land;false;plains;1
11623;116;244;176;land;false;plains;1
11624;190;197;146;land;false;plains;1
11625;249;141;138;land;false;plains;1
11626;209;123;206;land;false;plains;1
11627;160;198;199;land;false;plains;1
11628;240;66;253;land;false;plains;1
11629;70;250;208;land;false;plains;1
11630;54;226;236;land;false;plains;1
11631;178;159;167;land;false;plains;1
11632;221;105;198;land;false;plains;1
11633;221;224;104;land;false;plains;1
11634;178;182;197;land;true;plains;1
11635;215;166;225;land;false;plains;1
11636;230;97;177;land;false;plains;1
11637;250;246;60;land;false;plains;1
11638;209;209;142;land;true;plains;1
11639;86;204;225;land;false;plains;1
11640;74;214;227;land;true;plains;1
11641;237;108;189;land;false;plains;1
11642;189;189;199;land;false;plains;1
11643;182;247;167;land;false;plains;1
11644;200;112;223;land;false;plains;1
11645;154;136;248;land;false;plains;1
11646;108;231;223;land;false;plains;1
11647;234;130;212;land;false;plains;1
11648;242;37;228;land;false;plains;1
11649;161;179;223;land;false;plains;1
11650;86;233;236;land;false;plains;1
11651;119;198;251;land;false;plains;1
11652;154;253;251;land;false;plains;1
11653;171;117;220;land;false;plains;1
11654;253;165;110;land;false;plains;1
11655;120;233;171;land;false;plains;1
11656;250;208;130;land;false;plains;1
11657;165;207;162;land;false;plains;1
11658;169;216;166;land;false;plains;1
11659;204;129;181;land;false;plains;1
11660;60;220;253;land;false;plains;1
11661;182;200;125;land;false;plains;1
11662;252;99;209;land;false;plains;1
11663;180;137;186;land;false;plains;1
11664;235;204;200;land;false;plains;1
11665;240;200;231;land;false;plains;1
11666;181;194;251;land;false;plains;1
11667;113;181;247;land;false;plains;1
11668;235;107;244;land;false;plains;1
11669;237;111;154;land;false;plains;1
11670;126;192;238;land;false;plains;1
11671;238;232;31;land;true;plains;1
11672;218;120;174;land;false;plains;1
11673;181;165;164;land;false;plains;1
11674;211;248;47;land;false;plains;1
11675;176;252;239;land;false;plains;1
11676;243;65;250;land;false;plains;1
11677;167;201;179;land;false;plains;1
11678;233;219;233;land;false;plains;1
11679;184;166;179;land;true;plains;1
11680;90;232;241;land;false;plains;1
11681;197;153;160;land;false;plains;1
11682;246;204;179;land;false;plains;1
11683;236;172;140;land;false;plains;1
11684;234;243;132;land;false;plains;1
11685;23;251;234;land;true;plains;1
11686;251;202;239;land;false;plains;1
11687;214;142;149;land;false;plains;1
11688;246;220;183;land;false;plains;1
11689;76;232;216;land;false;plains;1
11690;153;208;254;land;false;plains;1
11691;242;248;91;land;false;plains;1
11692;220;164;187;land;false;plains;1
11693;188;124;253;land;false;plains;1
11694;136;170;206;land;false;plains;1
11695;163;213;163;land;false;plains;1
11696;97;189;247;land;false;plains;1
11697;88;208;246;land;false;plains;1
11698;159;196;148;land;false;plains;1
11699;218;218;215;land;false;plains;1
11700;71;236;230;land;false;plains;1
11701;202;63;238;land;false;plains;1
11702;216;202;131;land;false;plains;1
11703;177;205;244;land;false;plains;1
11704;225;151;147;land;false;plains;1
11705;168;247;86;land;false;plains;1
11706;245;97;169;land;false;plains;1
11707;203;233;232;land;false;plains;1
11708;141;202;159;land;false;plains;1
11709;151;232;209;land;false;plains;1
11710;228;90;213;land;false;plains;1
11711;224;90;220;land;false;plains;1
11712;168;155;200;land;false;plains;1
11713;228;90;223;land;false;plains;1
11714;236;103;185;land;false;plains;1
11715;220;113;214;land;false;plains;1
11716;221;133;248;land;false;plains;1
11717;162;234;192;land;false;plains;1
11718;184;153;253;land;false;plains;1
11719;178;198;207;land;false;plains;1
11720;229;210;235;land;false;plains;1
11721;102;211;206;land;false;plains;1
11722;230;238;184;land;false;plains;1
11723;244;233;154;land;false;plains;1
11724;244;61;254;land;false;plains;1
11725;250;214;91;land;false;plains;1
11726;150;171;225;land;false;plains;1
11727;77;237;241;land;false;plains;1
11728;216;196;140;land;false;plains;1
11729;176;185;249;land;false;plains;1
11730;184;221;122;land;false;plains;1
11731;240;203;160;land;false;plains;1
11732;125;233;151;land;false;plains;1
11733;139;248;216;land;false;plains;1
11734;246;138;149;land;false;plains;1
11735;229;133;151;land;false;plains;1
11736;124;228;192;land;false;plains;1
11737;176;186;165;land;false;plains;1
11738;203;200;233;land;false;plains;1
11739;201;144;194;land;false;plains;1
11740;134;244;171;land;false;plains;1
11741;177;204;182;land;false;plains;1
11742;227;232;123;land;false;plains;1
11743;193;231;179;land;false;plains;1
11744;219;237;110;land;false;plains;1
11745;247;56;249;land;false;plains;1
11746;167;254;117;land;false;plains;1
11747;251;163;87;land;false;plains;1
11748;197;189;133;land;false;plains;1
11749;253;244;86;land;false;plains;1
11750;244;166;224;land;false;plains;1
11751;54;215;247;land;false;plains;1
11752;170;214;200;land;false;plains;1
11753;183;104;228;land;false;plains;1
11754;130;245;186;land;true;plains;1
11755;150;245;194;land;false;plains;1
11756;181;153;218;land;false;plains;1
11757;94;248;245;land;false;plains;1
11758;250;140;241;land;false;plains;1
11759;171;204;206;land;false;plains;1
11760;200;71;234;land;false;plains;1
11761;190;241;217;land;false;plains;1
11762;206;113;226;land;false;plains;1
11763;136;174;196;land;false;plains;1
11764;254;253;161;land;false;plains;1
11765;161;188;164;land;false;plains;1
11766;222;178;235;land;false;plains;1
11767;104;167;249;land;false;plains;1
11768;253;195;240;land;false;plains;1
11769;173;254;228;land;false;plains;1
11770;243;107;158;land;false;plains;1
11771;225;123;159;land;false;plains;1
11772;228;233;57;land;false;plains;1
11773;246;156;208;land;false;plains;1
11774;214;224;168;land;false;plains;1
11775;143;238;151;land;true;plains;1
11776;81;209;228;land;false;plains;1
11777;200;237;75;land;false;plains;1
11778;141;170;240;land;false;plains;1
11779;234;110;193;land;false;plains;1
11780;66;247;241;land;false;plains;1
11781;193;190;157;land;false;plains;1
11782;145;226;144;land;false;plains;1
11783;225;235;237;land;false;plains;1
11784;71;199;245;land;false;plains;1
11785;212;218;90;land;false;plains;1
11786;250;208;84;land;false;plains;1
11787;245;232;161;land;false;plains;1
11788;63;206;252;land;false;plains;1
11789;230;161;221;land;false;plains;1
11790;241;55;228;land;false;plains;1
11791;150;209;207;land;false;plains;1
11792;186;167;222;land;false;plains;1
11793;243;73;222;land;false;plains;1
11794;216;173;146;land;false;plains;1
11795;170;227;139;land;false;plains;1
11796;215;187;223;land;false;plains;1
11797;238;141;168;land;false;plains;1
11798;101;243;160;land;false;plains;1
11799;214;214;110;land;false;plains;1
11800;203;245;136;land;false;plains;1
11801;247;105;251;land;false;plains;1
11802;232;237;144;land;false;plains;1
11803;107;250;164;land;false;plains;1
11804;113;199;206;land;false;plains;1
11805;190;172;245;land;false;plains;1
11806;109;234;177;land;false;plains;1
11807;234;111;180;land;true;plains;1
11808;202;248;94;land;false;plains;1
11809;71;190;254;land;false;plains;1
11810;120;196;205;land;true;plains;1
11811;241;138;216;land;true;plains;1
11812;176;185;154;land;true;plains;1
11813;223;252;60;land;true;plains;1
11814;92;190;239;land;true;plains;1
11815;197;232;170;land;true;plains;1
11816;197;173;230;land;true;plains;1
11817;214;220;198;land;true;plains;1
11818;188;149;174;land;true;plains;1
11819;112;237;227;land;true;plains;1
11820;185;214;252;land;true;plains;1
11821;243;135;203;land;true;plains;1
11822;237;207;180;land;true;plains;1
11823;118;190;232;land;true;plains;1
11824;175;141;204;land;true;plains;1
11825;108;239;170;land;true;plains;1
11826;98;252;160;land;true;plains;1
11827;217;210;140;land;true;plains;1
11828;243;197;168;land;true;plains;1
11829;222;250;103;land;true;plains;1
11830;148;121;245;land;true;plains;1
11831;196;235;84;land;true;plains;1
11832;243;107;160;land;true;plains;1
11833;227;229;152;land;true;plains;1
11834;244;171;119;land;true;plains;1
11835;176;195;213;land;true;plains;1
11836;223;224;173;land;true;plains;1
11837;222;155;225;land;true;plains;1
11838;156;242;135;land;true;plains;1
11839;161;144;213;land;true;plains;1
11840;215;231;202;land;true;plains;1
11841;161;219;239;land;true;plains;1
11842;211;207;160;land;true;plains;1
11843;78;215;248;land;true;plains;1
11844;105;236;172;land;true;plains;1
11845;143;198;213;land;true;plains;1
11846;249;124;176;land;true;plains;1
11847;75;241;193;land;true;plains;1
11848;189;173;253;land;true;plains;1
11849;202;207;231;land;true;plains;1
11850;194;65;243;land;true;plains;1
11851;235;213;58;land;true;plains;1
11852;208;201;207;land;true;plains;1
11853;230;190;104;land;true;plains;1
11854;201;240;166;land;true;plains;1
11855;194;212;252;land;true;plains;1
11856;251;197;119;land;true;plains;1
11857;212;211;137;land;true;plains;1
11858;180;236;176;land;true;plains;1
11859;236;90;246;land;true;plains;1
11860;148;188;166;land;true;plains;1
11861;240;252;205;land;true;plains;1
11862;157;173;174;land;true;plains;1
11863;122;193;221;land;true;plains;1
11864;237;225;182;land;true;plains;1
11865;238;248;70;land;true;plains;1
11866;153;226;153;land;true;plains;1
11867;242;140;169;land;true;plains;1
11868;232;176;176;land;true;plains;1
11869;238;231;177;land;true;plains;1
11870;198;86;249;land;true;plains;1
11871;101;245;253;land;true;plains;1
11872;246;126;134;land;true;plains;1
11873;219;236;85;land;true;plains;1
11874;97;220;252;land;true;plains;1
11875;161;238;169;land;true;plains;1
11876;43;241;221;land;true;plains;1
11877;220;205;205;land;true;plains;1
11878;235;202;237;land;true;plains;1
11879;154;206;179;land;true;plains;1
11880;82;237;195;land;true;plains;1
11881;238;167;229;land;true;plains;1
11882;79;248;207;land;true;plains;1
11883;236;205;192;land;true;plains;1
11884;152;246;125;land;true;plains;1
11885;182;199;174;land;true;plains;1
11886;82;250;236;land;true;plains;1
11887;170;240;196;land;true;plains;1
11888;199;236;113;land;true;plains;1
11889;239;214;200;land;true;plains;1
11890;211;219;114;land;true;plains;1
11891;227;143;155;land;true;plains;1
11892;170;212;234;land;true;plains;1
11893;208;80;243;land;true;plains;1
11894;118;233;157;land;true;plains;1
11895;204;214;180;land;true;plains;1
11896;194;224;221;land;true;plains;1
11897;184;238;213;land;true;plains;1
11898;89;221;214;land;true;plains;1
11899;224;94;243;land;true;plains;1
11900;163;229;218;land;true;plains;1
11901;209;147;232;land;true;plains;1
11902;201;133;178;land;true;plains;1
11903;105;236;243;land;true;plains;1
11904;243;96;220;land;true;plains;1
11905;252;119;233;land;true;plains;1
11906;210;142;199;land;true;plains;1
11907;234;67;237;land;true;plains;1
11908;166;228;112;land;true;plains;1
11909;181;114;252;land;true;plains;1
11910;228;234;160;land;true;plains;1
11911;98;197;216;land;true;plains;1
11912;226;70;246;land;true;plains;1
11913;224;193;209;land;true;plains;1
11914;227;233;233;land;true;plains;1
11915;254;220;236;land;true;plains;1
11916;249;175;125;land;true;plains;1
11917;248;129;180;land;true;plains;1
11918;129;220;169;land;true;plains;1
11919;179;194;251;land;true;plains;1
11920;234;206;150;land;true;plains;1
11921;104;221;232;land;true;plains;1
11922;192;229;138;land;true;plains;1
11923;207;78;236;land;true;plains;1
11924;253;38;240;land;true;plains;1
11925;185;213;200;land;true;plains;1
11926;110;214;198;land;true;plains;1
11927;66;230;251;land;true;plains;1
11928;17;244;246;land;true;plains;1
11929;176;169;246;land;true;plains;1
11930;229;183;105;land;true;plains;1
11931;163;236;174;land;true;plains;1
11932;168;212;159;land;true;plains;1
11933;233;214;93;land;true;plains;1
11934;219;37;253;land;true;plains;1
11935;113;173;233;land;true;plains;1
11936;253;227;152;land;true;plains;1
11937;230;79;197;land;true;plains;1
11938;158;194;246;land;true;plains;1
11939;181;216;199;land;true;plains;1
11940;28;15;27;sea;false;ocean;0
11941;36;37;10;sea;false;ocean;0
11942;12;62;6;sea;false;ocean;0
11943;44;28;21;sea;false;ocean;0
11944;16;16;14;sea;false;ocean;0
11945;35;34;10;sea;true;ocean;0
11946;3;32;53;sea;false;ocean;0
11947;43;22;33;sea;false;ocean;0
11948;9;70;10;sea;false;ocean;0
11949;21;63;12;sea;false;ocean;0
11950;6;14;24;sea;false;ocean;0
11951;8;24;32;sea;false;ocean;0
11952;38;23;10;sea;false;ocean;0
11953;49;24;1;sea;true;ocean;0
11954;14;22;17;sea;false;ocean;0
11955;26;21;37;sea;false;ocean;0
11956;30;29;0;sea;false;ocean;0
11957;3;5;28;sea;false;ocean;0
11958;46;5;15;sea;false;ocean;0
11959;31;8;11;sea;true;ocean;0
11960;13;16;40;sea;true;ocean;0
11961;5;12;35;sea;false;ocean;0
11962;1;11;17;sea;false;ocean;0
11963;33;13;12;sea;false;ocean;0
11964;15;64;1;sea;false;ocean;0
11965;81;12;3;sea;false;ocean;0
11966;15;49;1;sea;false;ocean;0
11967;16;45;26;sea;false;ocean;0
11968;4;8;24;sea;false;ocean;0
11969;12;60;19;sea;false;ocean;0
11970;59;35;4;sea;false;ocean;0
11971;56;4;18;sea;true;ocean;0
11972;23;19;51;sea;true;ocean;0
11973;0;29;70;sea;false;ocean;0
11974;71;11;5;sea;false;ocean;0
11975;13;16;67;sea;false;ocean;0
11976;13;20;51;sea;false;ocean;0
11977;15;52;12;sea;false;ocean;0
11978;8;62;14;sea;false;ocean;0
11979;22;22;13;sea;false;ocean;0
11980;13;15;54;sea;false;ocean;0
11981;70;19;1;sea;true;ocean;0
11982;27;23;14;sea;false;ocean;0
11983;0;23;8;sea;false;ocean;0
11984;32;0;25;sea;false;ocean;0
11985;25;6;4;sea;true;ocean;0
11986;4;43;34;sea;false;ocean;0
11987;60;21;13;sea;true;ocean;0
11988;12;5;44;sea;false;ocean;0
11989;15;8;39;sea;false;ocean;0
11990;51;14;1;sea;false;ocean;0
11991;7;17;6;sea;true;ocean;0
11992;21;5;49;sea;false;ocean;0
11993;5;33;42;sea;false;ocean;0
11994;7;32;49;sea;false;ocean;0
11995;5;24;41;sea;false;ocean;0
11996;5;48;31;sea;false;ocean;0
11997;60;1;38;sea;false;ocean;0
11998;5;50;38;sea;false;ocean;0
11999;3;14;75;sea;false;ocean;0
12000;7;18;59;sea;false;ocean;0
12001;9;20;21;sea;false;ocean;0
12002;9;77;13;sea;false;ocean;0
12003;9;30;6;sea;false;ocean;0
12004;32;37;5;sea;false;ocean;0
12005;41;0;12;sea;true;ocean;0
12006;5;27;38;sea;false;ocean;0
12007;53;4;14;sea;false;ocean;0
12008;49;28;5;sea;false;ocean;0
12009;69;16;13;sea;true;ocean;0
12010;2;43;33;sea;false;ocean;0
12011;13;48;34;sea;false;ocean;0
12012;36;17;14;sea;false;ocean;0
12013;42;8;43;sea;false;ocean;0
12014;26;45;0;sea;false;ocean;0
12015;22;24;21;sea;false;ocean;0
12016;42;38;0;sea;true;ocean;0
12017;2;38;1;sea;false;ocean;0
12018;12;49;26;sea;false;ocean;0
12019;28;33;25;sea;false;ocean;0
12020;24;16;44;sea;false;ocean;0
12021;17;31;24;sea;false;ocean;0
12022;6;8;21;sea;false;ocean;0
12023;18;14;39;sea;false;ocean;0
12024;16;19;59;sea;false;ocean;0
12025;55;18;9;sea;true;ocean;0
12026;2;48;49;sea;true;ocean;0
12027;16;39;18;sea;false;ocean;0
12028;5;32;28;sea;false;ocean;0
12029;20;28;10;sea;false;ocean;0
12030;71;9;7;sea;false;ocean;0
12031;8;53;22;sea;false;ocean;0
12032;47;14;8;sea;false;ocean;0
12033;1;53;17;sea;false;ocean;0
12034;13;34;39;sea;true;ocean;0
12035;2;19;25;sea;false;ocean;0
12036;0;65;19;sea;false;ocean;0
12037;6;38;18;sea;false;ocean;0
12038;50;23;1;sea;false;ocean;0
12039;20;62;14;sea;false;ocean;0
12040;20;48;19;sea;false;ocean;0
12041;41;23;19;sea;false;ocean;0
12042;48;17;16;sea;false;ocean;0
12043;50;36;5;sea;false;ocean;0
12044;73;8;10;sea;false;ocean;0
12045;62;12;16;sea;false;ocean;0
12046;84;2;6;sea;false;ocean;0
12047;12;72;1;sea;false;ocean;0
12048;29;22;40;sea;false;ocean;0
12049;34;8;36;sea;false;ocean;0
12050;25;22;8;sea;false;ocean;0
12051;45;7;5;sea;true;ocean;0
12052;1;5;20;sea;false;ocean;0
12053;63;27;1;sea;false;ocean;0
12054;12;17;55;sea;false;ocean;0
12055;54;9;21;sea;false;ocean;0
12056;71;0;11;sea;false;ocean;0
12057;30;58;1;sea;false;ocean;0
12058;13;62;20;sea;false;ocean;0
12059;7;30;12;sea;false;ocean;0
12060;17;6;58;sea;true;ocean;0
12061;7;14;40;sea;false;ocean;0
12062;59;19;3;sea;false;ocean;0
12063;13;51;31;sea;false;ocean;0
12064;42;52;0;sea;false;ocean;0
12065;6;57;17;sea;false;ocean;0
12066;36;0;19;sea;false;ocean;0
12067;18;58;4;sea;false;ocean;0
12068;1;22;48;sea;false;ocean;0
12069;45;24;19;sea;false;ocean;0
12070;39;3;57;sea;false;ocean;0
12071;9;29;32;sea;true;ocean;0
12072;18;40;31;sea;false;ocean;0
12073;2;13;10;sea;false;ocean;0
12074;12;77;5;sea;false;ocean;0
12075;32;10;14;sea;false;ocean;0
12076;25;18;16;sea;false;ocean;0
12077;34;26;2;sea;false;ocean;0
12078;15;8;8;sea;false;ocean;0
12079;34;12;35;sea;false;ocean;0
12080;10;24;14;sea;false;ocean;0
12081;64;0;9;sea;false;ocean;0
12082;24;20;54;sea;false;ocean;0
12083;26;3;39;sea;false;ocean;0
12084;75;3;7;sea;false;ocean;0
12085;52;3;32;sea;true;ocean;0
12086;35;15;7;sea;true;ocean;0
12087;8;59;28;sea;false;ocean;0
12088;50;15;10;sea;false;ocean;0
12089;28;1;70;sea;false;ocean;0
12090;10;55;18;sea;false;ocean;0
12091;13;24;2;sea;false;ocean;0
12092;14;9;22;sea;true;ocean;0
12093;70;3;0;sea;true;ocean;0
12094;16;4;14;sea;false;ocean;0
12095;55;37;1;sea;false;ocean;0
12096;67;8;22;sea;false;ocean;0
12097;14;64;21;sea;false;ocean;0
12098;4;34;47;sea;false;ocean;0
12099;11;13;21;sea;false;ocean;0
12100;40;18;20;sea;false;ocean;0
12101;19;62;0;sea;false;ocean;0
12102;34;30;7;sea;false;ocean;0
12103;26;5;52;sea;false;ocean;0
12104;45;6;45;sea;false;ocean;0
12105;60;0;5;sea;false;ocean;0
12106;38;19;30;sea;false;ocean;0
12107;34;39;22;sea;false;ocean;0
12108;33;42;7;sea;true;ocean;0
12109;69;3;10;sea;false;ocean;0
12110;20;60;0;sea;false;ocean;0
12111;12;17;35;sea;false;ocean;0
12112;10;57;20;sea;false;ocean;0
12113;12;2;81;sea;false;ocean;0
12114;31;3;4;sea;false;ocean;0
12115;16;1;64;sea;true;ocean;0
12116;28;19;22;sea;false;ocean;0
12117;24;8;49;sea;false;ocean;0
12118;7;5;71;sea;false;ocean;0
12119;7;7;64;sea;false;ocean;0
12120;34;48;12;sea;false;ocean;0
12121;30;20;46;sea;false;ocean;0
12122;11;3;60;sea;false;ocean;0
12123;73;1;2;sea;false;ocean;0
12124;6;65;26;sea;false;ocean;0
12125;0;30;45;sea;false;ocean;0
12126;26;39;19;sea;true;ocean;0
12127;10;39;6;sea;false;ocean;0
12128;42;8;9;sea;false;ocean;0
12129;25;33;14;sea;false;ocean;0
12130;38;30;26;sea;false;ocean;0
12131;24;16;21;sea;true;ocean;0
12132;40;51;1;sea;false;ocean;0
12133;24;7;63;sea;false;ocean;0
12134;67;6;17;sea;false;ocean;0
12135;4;60;27;sea;false;ocean;0
12136;19;50;22;sea;false;ocean;0
12137;7;44;44;sea;false;ocean;0
12138;34;9;28;sea;false;ocean;0
12139;28;56;8;sea;true;ocean;0
12140;73;24;0;sea;false;ocean;0
12141;0;26;63;sea;false;ocean;0
12142;5;17;55;sea;false;ocean;0
12143;27;49;18;sea;false;ocean;0
12144;17;45;29;sea;false;ocean;0
12145;11;65;20;sea;false;ocean;0
12146;14;1;47;sea;false;ocean;0
12147;20;4;51;sea;false;ocean;0
12148;5;61;6;sea;false;ocean;0
12149;1;27;8;sea;false;ocean;0
12150;24;52;7;sea;false;ocean;0
12151;11;32;20;sea;false;ocean;0
12152;38;16;14;sea;false;ocean;0
12153;8;12;30;sea;false;ocean;0
12154;29;23;21;sea;true;ocean;0
12155;6;70;17;sea;false;ocean;0
12156;2;45;15;sea;false;ocean;0
12157;53;23;8;sea;false;ocean;0
12158;4;70;23;sea;true;ocean;0
12159;7;91;0;sea;true;ocean;0
12160;39;11;49;sea;false;ocean;0
12161;14;13;14;sea;false;ocean;0
12162;36;28;14;sea;false;ocean;0
12163;15;22;44;sea;false;ocean;0
12164;34;26;21;sea;false;ocean;0
12165;27;18;21;sea;false;ocean;0
12166;10;34;8;sea;false;ocean;0
12167;3;18;40;sea;false;ocean;0
12168;40;29;30;sea;true;ocean;0
12169;32;1;8;sea;false;ocean;0
12170;5;37;2;sea;false;ocean;0
12171;8;10;50;sea;false;ocean;0
12172;18;9;9;sea;false;ocean;0
12173;9;4;86;sea;false;ocean;0
12174;37;25;27;sea;true;ocean;0
12175;37;42;11;sea;false;ocean;0
12176;8;46;42;sea;true;ocean;0
12177;0;67;32;sea;false;ocean;0
12178;20;27;40;sea;true;ocean;0
12179;3;18;59;sea;false;ocean;0
12180;63;6;28;sea;true;ocean;0
12181;32;40;4;sea;false;ocean;0
12182;26;18;12;sea;false;ocean;0
12183;7;5;37;sea;false;ocean;0
12184;1;6;50;sea;false;ocean;0
12185;25;67;1;sea;false;ocean;0
12186;30;2;4;sea;false;ocean;0
12187;21;20;10;sea;false;ocean;0
12188;17;14;33;sea;false;ocean;0
12189;18;17;18;sea;true;ocean;0
12190;35;40;20;sea;false;ocean;0
12191;43;36;11;sea;false;ocean;0
12192;17;22;24;sea;false;ocean;0
12193;18;3;56;sea;false;ocean;0
12194;7;81;10;sea;false;ocean;0
12195;37;30;24;sea;false;ocean;0
12196;30;63;0;sea;false;ocean;0
12197;6;57;32;sea;false;ocean;0
12198;7;43;7;sea;false;ocean;0
12199;41;44;13;sea;false;ocean;0
12200;27;30;26;sea;false;ocean;0
12201;9;34;55;sea;false;ocean;0
12202;54;13;29;sea;false;ocean;0
12203;33;1;2;sea;true;ocean;0
12204;2;86;9;sea;false;ocean;0
12205;16;9;34;sea;false;ocean;0
12206;4;1;14;sea;false;ocean;0
12207;8;57;29;sea;false;ocean;0
12208;40;2;34;sea;true;ocean;0
12209;22;14;62;sea;false;ocean;0
12210;6;63;5;sea;false;ocean;0
12211;16;49;19;sea;false;ocean;0
12212;9;74;2;sea;false;ocean;0
12213;3;14;77;sea;false;ocean;0
12214;0;40;40;sea;false;ocean;0
12215;66;19;8;sea;false;ocean;0
12216;21;44;1;sea;false;ocean;0
12217;43;21;2;sea;false;ocean;0
12218;33;56;4;sea;true;ocean;0
12219;25;27;30;sea;false;ocean;0
12220;10;35;0;sea;false;ocean;0
12221;6;32;2;sea;false;ocean;0
12222;77;15;0;sea;false;ocean;0
12223;19;44;1;sea;false;ocean;0
12224;13;58;11;sea;false;ocean;0
12225;26;8;52;sea;true;ocean;0
12226;33;19;3;sea;false;ocean;0
12227;50;19;13;sea;false;ocean;0
12228;22;32;17;sea;false;ocean;0
12229;9;65;17;sea;true;ocean;0
12230;17;27;36;sea;false;ocean;0
12231;26;13;15;sea;true;ocean;0
12232;25;49;3;sea;false;ocean;0
12233;3;33;40;sea;false;ocean;0
12234;20;0;10;sea;false;ocean;0
12235;13;18;14;sea;false;ocean;0
12236;16;6;73;sea;true;ocean;0
12237;2;64;0;sea;false;ocean;0
12238;7;45;11;sea;false;ocean;0
12239;20;52;11;sea;false;ocean;0
12240;5;7;23;sea;false;ocean;0
12241;50;1;47;sea;false;ocean;0
12242;11;22;21;sea;true;ocean;0
12243;17;14;2;sea;false;ocean;0
12244;28;27;36;sea;false;ocean;0
12245;0;4;52;sea;false;ocean;0
12246;34;44;15;sea;true;ocean;0
12247;7;24;20;sea;false;ocean;0
12248;30;53;10;sea;false;ocean;0
12249;80;1;9;sea;false;ocean;0
12250;43;43;13;sea;true;ocean;0
12251;5;25;53;sea;false;ocean;0
12252;4;0;48;sea;false;ocean;0
12253;52;2;6;sea;false;ocean;0
12254;38;9;48;sea;false;ocean;0
12255;49;4;12;sea;false;ocean;0
12256;36;11;25;sea;false;ocean;0
12257;3;93;2;sea;false;ocean;0
12258;57;5;25;sea;false;ocean;0
12259;41;39;10;sea;true;ocean;0
12260;23;22;10;sea;false;ocean;0
12261;75;10;9;sea;false;ocean;0
12262;60;28;7;sea;false;ocean;0
12263;8;84;4;sea;true;ocean;0
12264;13;32;16;sea;false;ocean;0
12265;26;1;69;sea;false;ocean;0
12266;27;40;22;sea;false;ocean;0
12267;17;5;67;sea;false;ocean;0
12268;7;24;34;sea;false;ocean;0
12269;14;4;6;sea;true;ocean;0
12270;23;28;21;sea;false;ocean;0
12271;0;26;35;sea;false;ocean;0
12272;8;25;0;sea;false;ocean;0
12273;8;58;14;sea;false;ocean;0
12274;7;11;3;sea;false;ocean;0
12275;12;46;4;sea;false;ocean;0
12276;57;18;22;sea;false;ocean;0
12277;4;9;18;sea;false;ocean;0
12278;38;13;24;sea;false;ocean;0
12279;4;71;13;sea;true;ocean;0
12280;33;42;9;sea;false;ocean;0
12281;7;52;16;sea;false;ocean;0
12282;8;9;16;sea;false;ocean;0
12283;51;6;41;sea;false;ocean;0
12284;64;12;11;sea;false;ocean;0
12285;0;19;47;sea;false;ocean;0
12286;24;20;26;sea;true;ocean;0
12287;16;29;7;sea;false;ocean;0
12288;74;16;2;sea;false;ocean;0
12289;74;14;5;sea;false;ocean;0
12290;2;19;40;sea;true;ocean;0
12291;15;10;8;sea;false;ocean;0
12292;26;10;26;sea;false;ocean;0
12293;49;35;6;sea;false;ocean;0
12294;52;13;8;sea;true;ocean;0
12295;11;59;9;sea;false;ocean;0
12296;25;17;54;sea;false;ocean;0
12297;26;47;8;sea;true;ocean;0
12298;8;0;45;sea;false;ocean;0
12299;27;47;1;sea;false;ocean;0
12300;10;23;30;sea;false;ocean;0
12301;55;28;2;sea;false;ocean;0
12302;27;23;0;sea;false;ocean;0
12303;49;20;28;sea;false;ocean;0
12304;48;3;11;sea;false;ocean;0
12305;12;3;11;sea;false;ocean;0
12306;16;10;34;sea;false;ocean;0
12307;60;11;12;sea;false;ocean;0
12308;58;8;30;sea;true;ocean;0
12309;13;84;0;sea;false;ocean;0
12310;45;17;14;sea;false;ocean;0
12311;14;23;62;sea;false;ocean;0
12312;12;33;44;sea;false;ocean;0
12313;9;6;20;sea;false;ocean;0
12314;8;28;20;sea;false;ocean;0
12315;22;16;43;sea;false;ocean;0
12316;29;6;41;sea;false;ocean;0
12317;41;19;24;sea;false;ocean;0
12318;3;4;55;sea;false;ocean;0
12319;2;79;16;sea;false;ocean;0
12320;33;12;44;sea;false;ocean;0
12321;34;1;55;sea;false;ocean;0
12322;15;47;0;sea;false;ocean;0
12323;7;20;69;sea;false;ocean;0
12324;31;12;35;sea;false;ocean;0
12325;63;10;26;sea;true;ocean;0
12326;7;0;6;sea;false;ocean;0
12327;5;35;34;sea;true;ocean;0
12328;10;18;25;sea;false;ocean;0
12329;6;80;13;sea;false;ocean;0
12330;27;21;10;sea;false;ocean;0
12331;21;13;11;sea;false;ocean;0
12332;59;5;32;sea;false;ocean;0
12333;5;13;51;sea;false;ocean;0
12334;70;15;1;sea;true;ocean;0
12335;2;28;23;sea;false;ocean;0
12336;22;51;14;sea;false;ocean;0
12337;34;24;12;sea;false;ocean;0
12338;28;18;27;sea;false;ocean;0
12339;42;11;13;sea;true;ocean;0
12340;18;52;8;sea;false;ocean;0
12341;39;6;37;sea;false;ocean;0
12342;46;3;41;sea;false;ocean;0
12343;33;2;47;sea;false;ocean;0
12344;3;25;51;sea;false;ocean;0
12345;39;2;19;sea;true;ocean;0
12346;28;45;25;sea;true;ocean;0
12347;2;34;26;sea;false;ocean;0
12348;28;29;34;sea;false;ocean;0
12349;1;6;80;sea;false;ocean;0
12350;54;3;26;sea;true;ocean;0
12351;40;23;33;sea;false;ocean;0
12352;47;4;15;sea;false;ocean;0
12353;0;40;50;sea;false;ocean;0
12354;11;11;16;sea;false;ocean;0
12355;2;31;5;sea;true;ocean;0
12356;5;67;24;sea;false;ocean;0
12357;59;3;24;sea;false;ocean;0
12358;9;38;43;sea;true;ocean;0
12359;28;26;31;sea;false;ocean;0
12360;49;33;16;sea;false;ocean;0
12361;2;22;7;sea;false;ocean;0
12362;76;3;2;sea;true;ocean;0
12363;9;36;51;sea;true;ocean;0
12364;1;90;3;sea;false;ocean;0
12365;15;20;53;sea;false;ocean;0
12366;8;64;23;sea;true;ocean;0
12367;85;11;0;sea;false;ocean;0
12368;66;2;25;sea;false;ocean;0
12369;21;16;25;sea;true;ocean;0
12370;47;6;16;sea;false;ocean;0
12371;6;35;41;sea;false;ocean;0
12372;6;31;25;sea;true;ocean;0
12373;19;25;43;sea;false;ocean;0
12374;33;1;10;sea;true;ocean;0
12375;59;0;29;sea;false;ocean;0
12376;1;5;10;sea;true;ocean;0
12377;33;8;20;sea;true;ocean;0
12378;18;40;35;sea;false;ocean;0
12379;3;31;11;sea;false;ocean;0
12380;49;10;14;sea;false;ocean;0
12381;75;5;12;sea;false;ocean;0
12382;5;7;5;sea;true;ocean;0
12383;3;33;15;sea;true;ocean;0
12384;6;22;9;sea;false;ocean;0
12385;7;20;29;sea;false;ocean;0
12386;43;13;36;sea;false;ocean;0
12387;19;20;21;sea;false;ocean;0
12388;35;16;18;sea;true;ocean;0
12389;1;57;15;sea;false;ocean;0
12390;26;7;40;sea;true;ocean;0
12391;31;17;48;sea;false;ocean;0
12392;12;30;36;sea;false;ocean;0
12393;6;21;63;sea;false;ocean;0
12394;14;8;31;sea;false;ocean;0
12395;64;23;1;sea;false;ocean;0
12396;24;1;8;sea;false;ocean;0
12397;0;67;31;sea;false;ocean;0
12398;15;20;3;sea;false;ocean;0
12399;4;15;63;sea;false;ocean;0
12400;17;21;15;sea;true;ocean;0
12401;3;44;45;sea;true;ocean;0
12402;20;6;13;sea;false;ocean;0
12403;57;20;20;sea;false;ocean;0
12404;14;10;57;sea;false;ocean;0
12405;2;0;30;sea;false;ocean;0
12406;39;19;17;sea;false;ocean;0
12407;8;5;79;sea;false;ocean;0
12408;42;3;35;sea;false;ocean;0
12409;57;36;0;sea;false;ocean;0
12410;13;50;12;sea;false;ocean;0
12411;11;43;33;sea;false;ocean;0
12412;11;8;49;sea;false;ocean;0
12413;64;19;13;sea;false;ocean;0
12414;10;12;50;sea;false;ocean;0
12415;3;51;34;sea;false;ocean;0
12416;1;31;15;sea;false;ocean;0
12417;46;3;48;sea;false;ocean;0
12418;55;16;12;sea;false;ocean;0
12419;29;17;45;sea;false;ocean;0
12420;0;39;58;sea;false;ocean;0
12421;20;13;53;sea;false;ocean;0
12422;16;66;13;sea;false;ocean;0
12423;15;27;52;sea;true;ocean;0
12424;25;2;47;sea;false;ocean;0
12425;4;55;32;sea;false;ocean;0
12426;26;50;6;sea;false;ocean;0
12427;10;33;45;sea;false;ocean;0
12428;15;69;1;sea;false;ocean;0
12429;22;7;18;sea;true;ocean;0
12430;8;2;8;sea;true;ocean;0
12431;6;9;7;sea;false;ocean;0
12432;22;58;13;sea;false;ocean;0
12433;4;24;31;sea;true;ocean;0
12434;35;42;9;sea;true;ocean;0
12435;14;17;29;sea;false;ocean;0
12436;55;20;20;sea;false;ocean;0
12437;13;52;3;sea;true;ocean;0
12438;11;34;46;sea;true;ocean;0
12439;19;16;46;sea;true;ocean;0
12440;23;39;19;sea;true;ocean;0
12441;6;13;55;sea;false;ocean;0
12442;21;36;15;sea;false;ocean;0
12443;35;8;25;sea;false;ocean;0
12444;6;30;38;sea;true;ocean;0
12445;20;13;4;sea;false;ocean;0
12446;65;10;6;sea;true;ocean;0
12447;12;51;32;sea;false;ocean;0
12448;17;21;59;sea;false;ocean;0
12449;11;20;17;sea;false;ocean;0
12450;39;26;8;sea;true;ocean;0
12451;8;9;39;sea;false;ocean;0
12452;6;30;43;sea;true;ocean;0
12453;25;7;36;sea;true;ocean;0
12454;0;6;49;sea;false;ocean;0
12455;40;32;8;sea;false;ocean;0
12456;10;39;25;sea;true;ocean;0
12457;35;34;22;sea;false;ocean;0
12458;29;1;17;sea;false;ocean;0
12459;54;14;18;sea;true;ocean;0
12460;27;2;34;sea;false;ocean;0
12461;7;16;50;sea;false;ocean;0
12462;8;36;1;sea;false;ocean;0
12463;15;14;42;sea;false;ocean;0
12464;27;28;23;sea;true;ocean;0
12465;84;10;4;sea;true;ocean;0
12466;14;70;7;sea;true;ocean;0
12467;40;17;13;sea;false;ocean;0
12468;72;14;1;sea;false;ocean;0
12469;6;9;70;sea;true;ocean;0
12470;5;11;75;sea;false;ocean;0
12471;15;37;0;sea;false;ocean;0
12472;10;2;73;sea;false;ocean;0
12473;51;6;24;sea;false;ocean;0
12474;0;62;5;sea;false;ocean;0
12475;16;69;0;sea;false;ocean;0
12476;44;19;34;sea;true;ocean;0
12477;26;13;8;sea;false;ocean;0
12478;53;0;37;sea;false;ocean;0
12479;34;32;18;sea;false;ocean;0
12480;5;4;37;sea;false;ocean;0
12481;47;33;19;sea;false;ocean;0
12482;61;2;23;sea;true;ocean;0
12483;41;1;31;sea;false;ocean;0
12484;37;46;6;sea;false;ocean;0
12485;36;6;30;sea;true;ocean;0
12486;61;19;10;sea;false;ocean;0
12487;6;45;38;sea;false;ocean;0
12488;49;5;45;sea;true;ocean;0
12489;8;60;2;sea;true;ocean;0
12490;11;36;41;sea;false;ocean;0
12491;46;25;23;sea;false;ocean;0
12492;44;34;7;sea;false;ocean;0
12493;57;4;23;sea;false;ocean;0
12494;19;62;10;sea;false;ocean;0
12495;3;85;1;sea;true;ocean;0
12496;26;19;25;sea;false;ocean;0
12497;29;13;26;sea;true;ocean;0
12498;40;26;30;sea;true;ocean;0
12499;18;25;42;sea;false;ocean;0
12500;33;42;18;sea;false;ocean;0
12501;0;70;22;sea;false;ocean;0
12502;30;24;39;sea;false;ocean;0
12503;4;8;59;sea;true;ocean;0
12504;46;30;5;sea;true;ocean;0
12505;16;33;6;sea;true;ocean;0
12506;2;51;3;sea;false;ocean;0
12507;16;11;14;sea;false;ocean;0
12508;25;46;12;sea;false;ocean;0
12509;50;16;12;sea;false;ocean;0
12510;16;15;21;sea;true;ocean;0
12511;8;2;75;sea;false;ocean;0
12512;11;55;0;sea;true;ocean;0
12513;10;52;6;sea;false;ocean;0
12514;71;7;16;sea;false;ocean;0
12515;10;39;5;sea;true;ocean;0
12516;11;24;31;sea;false;ocean;0
12517;2;43;39;sea;false;ocean;0
12518;9;4;2;sea;false;ocean;0
12519;26;38;33;sea;true;ocean;0
12520;30;7;30;sea;false;ocean;0
12521;2;7;11;sea;true;ocean;0
12522;71;6;16;sea;true;ocean;0
12523;15;46;35;sea;false;ocean;0
12524;12;6;29;sea;true;ocean;0
12525;6;56;19;sea;false;ocean;0
12526;22;51;16;sea;false;ocean;0
12527;40;22;7;sea;false;ocean;0
12528;2;26;39;sea;false;ocean;0
12529;10;4;37;sea;true;ocean;0
12530;31;13;12;sea;true;ocean;0
12531;27;2;11;sea;false;ocean;0
12532;13;57;20;sea;false;ocean;0
12533;15;9;2;sea;false;ocean;0
12534;51;29;18;sea;false;ocean;0
12535;3;5;72;sea;true;ocean;0
12536;5;42;39;sea;false;ocean;0
12537;43;25;2;sea;false;ocean;0
12538;22;27;19;sea;false;ocean;0
12539;86;9;3;sea;false;ocean;0
12540;16;32;14;sea;false;ocean;0
12541;18;1;22;sea;false;ocean;0
12542;7;18;47;sea;false;ocean;0
12543;51;2;45;sea;false;ocean;0
12544;25;35;6;sea;false;ocean;0
12545;13;73;2;sea;false;ocean;0
12546;29;15;21;sea;false;ocean;0
12547;28;1;44;sea;true;ocean;0
12548;5;8;54;sea;true;ocean;0
12549;48;9;0;sea;false;ocean;0
12550;30;28;28;sea;true;ocean;0
12551;27;32;23;sea;true;ocean;0
12552;4;66;20;sea;true;ocean;0
12553;21;35;14;sea;false;ocean;0
12554;6;55;34;sea;false;ocean;0
12555;9;64;5;sea;false;ocean;0
12556;46;26;17;sea;false;ocean;0
12557;13;47;9;sea;false;ocean;0
12558;47;33;1;sea;false;ocean;0
12559;1;45;24;sea;false;ocean;0
12560;10;13;63;sea;false;ocean;0
12561;14;60;14;sea;true;ocean;0
12562;19;3;47;sea;false;ocean;0
12563;19;19;22;sea;false;ocean;0
12564;35;37;1;sea;true;ocean;0
12565;14;18;62;sea;true;ocean;0
12566;6;5;9;sea;false;ocean;0
12567;49;31;11;sea;false;ocean;0
12568;8;37;21;sea;true;ocean;0
12569;16;64;14;sea;true;ocean;0
12570;36;42;2;sea;false;ocean;0
12571;21;33;35;sea;false;ocean;0
12572;52;20;16;sea;true;ocean;0
12573;45;18;36;sea;false;ocean;0
12574;34;4;19;sea;false;ocean;0
12575;8;30;43;sea;false;ocean;0
12576;67;5;23;sea;true;ocean;0
12577;11;30;29;sea;false;ocean;0
12578;31;28;21;sea;true;ocean;0
12579;31;8;47;sea;false;ocean;0
12580;7;51;30;sea;false;ocean;0
12581;59;10;19;sea;false;ocean;0
12582;6;36;52;sea;false;ocean;0
12583;15;0;4;sea;false;ocean;0
12584;11;40;6;sea;true;ocean;0
12585;1;44;30;sea;false;ocean;0
12586;33;2;9;sea;true;ocean;0
12587;16;29;49;sea;false;ocean;0
12588;11;22;63;sea;false;ocean;0
12589;74;10;15;sea;false;ocean;0
12590;52;12;28;sea;false;ocean;0
12591;34;51;4;sea;true;ocean;0
12592;18;16;13;sea;false;ocean;0
12593;43;16;28;sea;false;ocean;0
12594;21;5;17;sea;false;ocean;0
12595;43;8;43;sea;false;ocean;0
12596;80;3;13;sea;true;ocean;0
12597;43;11;28;sea;true;ocean;0
12598;9;30;31;sea;true;ocean;0
12599;79;0;6;sea;false;ocean;0
12600;11;2;18;sea;true;ocean;0
12601;86;5;7;sea;false;ocean;0
12602;13;6;68;sea;false;ocean;0
12603;79;17;0;sea;true;ocean;0
12604;83;1;3;sea;false;ocean;0
12605;55;18;15;sea;false;ocean;0
12606;12;51;0;sea;false;ocean;0
12607;33;35;14;sea;true;ocean;0
12608;2;2;45;sea;true;ocean;0
12609;5;25;1;sea;false;ocean;0
12610;3;45;29;sea;false;ocean;0
12611;13;8;52;sea;false;ocean;0
12612;53;17;24;sea;false;ocean;0
12613;10;8;65;sea;true;ocean;0
12614;5;21;30;sea;false;ocean;0
12615;8;34;43;sea;true;ocean;0
12616;15;13;38;sea;false;ocean;0
12617;42;43;11;sea;true;ocean;0
12618;44;1;8;sea;false;ocean;0
12619;35;32;32;sea;false;ocean;0
12620;67;14;7;sea;false;ocean;0
12621;38;25;13;sea;false;ocean;0
12622;53;26;5;sea;false;ocean;0
12623;80;9;7;sea;false;ocean;0
12624;21;40;12;sea;false;ocean;0
12625;27;34;29;sea;true;ocean;0
12626;26;19;26;sea;false;ocean;0
12627;31;31;29;sea;false;ocean;0
12628;8;20;62;sea;false;ocean;0
12629;57;17;7;sea;true;ocean;0
12630;3;14;5;sea;true;ocean;0
12631;25;31;10;sea;false;ocean;0
12632;65;5;9;sea;false;ocean;0
12633;14;53;26;sea;false;ocean;0
12634;17;13;27;sea;true;ocean;0
12635;0;25;49;sea;false;ocean;0
12636;4;3;19;sea;false;ocean;0
12637;30;9;13;sea;false;ocean;0
12638;37;13;0;sea;false;ocean;0
12639;29;48;12;sea;false;ocean;0
12640;48;26;2;sea;false;ocean;0
12641;56;21;16;sea;false;ocean;0
12642;14;74;8;sea;false;ocean;0
12643;39;6;35;sea;false;ocean;0
12644;28;8;51;sea;false;ocean;0
12645;18;27;0;sea;true;ocean;0
12646;29;18;46;sea;true;ocean;0
12647;4;69;8;sea;false;ocean;0
12648;41;5;11;sea;false;ocean;0
12649;62;19;18;sea;true;ocean;0
12650;62;20;13;sea;true;ocean;0
12651;2;4;1;sea;false;ocean;0
12652;40;5;31;sea;true;ocean;0
12653;37;26;6;sea;true;ocean;0
12654;16;36;3;sea;false;ocean;0
12655;31;7;32;sea;false;ocean;0
12656;50;29;13;sea;false;ocean;0
12657;17;18;28;sea;false;ocean;0
12658;5;56;19;sea;false;ocean;0
12659;3;48;6;sea;false;ocean;0
12660;51;4;17;sea;false;ocean;0
12661;11;60;13;sea;true;ocean;0
12662;19;18;55;sea;false;ocean;0
12663;22;7;69;sea;true;ocean;0
12664;0;32;5;sea;false;ocean;0
12665;36;17;13;sea;true;ocean;0
12666;10;12;70;sea;false;ocean;0
12667;10;55;19;sea;false;ocean;0
12668;18;36;32;sea;false;ocean;0
12669;3;34;58;sea;true;ocean;0
12670;43;30;19;sea;true;ocean;0
12671;27;9;6;sea;true;ocean;0
12672;23;62;10;sea;false;ocean;0
12673;20;4;36;sea;false;ocean;0
12674;13;2;48;sea;false;ocean;0
12675;23;29;29;sea;true;ocean;0
12676;7;85;5;sea;false;ocean;0
12677;70;25;4;sea;false;ocean;0
12678;60;10;20;sea;true;ocean;0
12679;10;69;9;sea;true;ocean;0
12680;16;52;7;sea;true;ocean;0
12681;37;20;13;sea;true;ocean;0
12682;5;10;28;sea;true;ocean;0
12683;44;14;34;sea;false;ocean;0
12684;16;38;8;sea;false;ocean;0
12685;33;22;42;sea;true;ocean;0
12686;3;5;74;sea;true;ocean;0
12687;30;8;52;sea;false;ocean;0
12688;88;5;6;sea;false;ocean;0
12689;12;2;29;sea;false;ocean;0
12690;28;44;22;sea;true;ocean;0
12691;50;13;28;sea;false;ocean;0
12692;16;2;63;sea;true;ocean;0
12693;47;9;35;sea;false;ocean;0
12694;2;48;25;sea;false;ocean;0
12695;17;6;74;sea;false;ocean;0
12696;33;4;55;sea;false;ocean;0
12697;5;25;22;sea;false;ocean;0
12698;10;8;81;sea;true;ocean;0
12699;76;6;16;sea;false;ocean;0
12700;37;2;49;sea;true;ocean;0
12701;8;68;22;sea;false;ocean;0
12702;33;28;19;sea;true;ocean;0
12703;2;15;72;sea;false;ocean;0
12704;3;58;6;sea;false;ocean;0
12705;27;1;18;sea;false;ocean;0
12706;2;31;16;sea;true;ocean;0
12707;63;8;27;sea;true;ocean;0
12708;33;36;16;sea;false;ocean;0
12709;36;29;17;sea;true;ocean;0
12710;46;11;21;sea;false;ocean;0
12711;2;4;14;sea;false;ocean;0
12712;44;40;15;sea;false;ocean;0
12713;40;6;16;sea;false;ocean;0
12714;5;29;59;sea;false;ocean;0
12715;24;27;39;sea;false;ocean;0
12716;9;70;3;sea;false;ocean;0
12717;19;10;1;sea;false;ocean;0
12718;53;24;7;sea;false;ocean;0
12719;18;20;40;sea;true;ocean;0
12720;54;10;19;sea;true;ocean;0
12721;22;0;70;sea;false;ocean;0
12722;28;28;42;sea;true;ocean;0
12723;23;16;33;sea;false;ocean;0
12724;6;51;32;sea;true;ocean;0
12725;30;3;47;sea;false;ocean;0
12726;8;6;84;sea;false;ocean;0
12727;6;12;33;sea;false;ocean;0
12728;33;8;55;sea;false;ocean;0
12729;68;0;8;sea;false;ocean;0
12730;7;13;63;sea;true;ocean;0
12731;1;52;39;sea;false;ocean;0
12732;26;23;35;sea;false;ocean;0
12733;13;62;23;sea;false;ocean;0
12734;13;54;31;sea;true;ocean;0
12735;11;17;26;sea;false;ocean;0
12736;56;6;19;sea;true;ocean;0
12737;6;47;14;sea;true;ocean;0
12738;10;43;12;sea;false;ocean;0
12739;36;5;37;sea;false;ocean;0
12740;0;22;26;sea;true;ocean;0
12741;27;60;8;sea;true;ocean;0
12742;9;20;16;sea;false;ocean;0
12743;12;1;69;sea;false;ocean;0
12744;3;9;41;sea;true;ocean;0
12745;63;12;13;sea;false;ocean;0
12746;4;4;9;sea;true;ocean;0
12747;6;51;41;sea;true;ocean;0
12748;12;0;70;sea;false;ocean;0
12749;40;17;24;sea;false;ocean;0
12750;6;8;58;sea;false;ocean;0
12751;1;55;37;sea;false;ocean;0
12752;49;21;10;sea;false;ocean;0
12753;5;55;18;sea;false;ocean;0
12754;56;10;23;sea;true;ocean;0
12755;30;3;7;sea;false;ocean;0
12756;8;39;16;sea;false;ocean;0
12757;36;6;37;sea;false;ocean;0
12758;30;46;3;sea;false;ocean;0
12759;27;37;34;sea;true;ocean;0
12760;37;0;47;sea;true;ocean;0
12761;7;75;8;sea;true;ocean;0
12762;0;37;21;sea;false;ocean;0
12763;4;45;9;sea;true;ocean;0
12764;18;19;28;sea;false;ocean;0
12765;8;55;24;sea;false;ocean;0
12766;21;23;26;sea;false;ocean;0
12767;47;9;10;sea;true;ocean;0
12768;58;2;1;sea;false;ocean;0
12769;47;11;7;sea;false;ocean;0
12770;33;30;23;sea;true;ocean;0
12771;10;15;31;sea;false;ocean;0
12772;21;18;59;sea;false;ocean;0
12773;16;3;33;sea;false;ocean;0
12774;24;66;1;sea;false;ocean;0
12775;32;19;7;sea;false;ocean;0
12776;12;21;63;sea;true;ocean;0
12777;52;1;28;sea;false;ocean;0
12778;50;3;40;sea;false;ocean;0
12779;3;23;36;sea;true;ocean;0
12780;4;15;34;sea;true;ocean;0
12781;39;19;9;sea;false;ocean;0
12782;18;42;30;sea;true;ocean;0
12783;24;20;7;sea;true;ocean;0
12784;51;13;8;sea;true;ocean;0
12785;17;26;0;sea;false;ocean;0
12786;22;21;36;sea;false;ocean;0
12787;24;6;62;sea;false;ocean;0
12788;14;52;23;sea;false;ocean;0
12789;21;29;18;sea;false;ocean;0
12790;12;9;52;sea;true;ocean;0
12791;23;47;22;sea;true;ocean;0
12792;0;42;51;sea;true;ocean;0
12793;76;9;9;sea;true;ocean;0
12794;13;30;12;sea;false;ocean;0
12795;45;17;20;sea;false;ocean;0
12796;27;32;39;sea;false;ocean;0
12797;10;82;5;sea;false;ocean;0
12798;33;35;2;sea;true;ocean;0
12799;19;15;22;sea;false;ocean;0
12800;10;20;15;sea;false;ocean;0
12801;37;41;3;sea;true;ocean;0
12802;8;47;11;sea;false;ocean;0
12803;30;39;0;sea;true;ocean;0
12804;65;24;1;sea;false;ocean;0
12805;68;3;24;sea;true;ocean;0
12806;8;49;26;sea;false;ocean;0
12807;45;34;16;sea;true;ocean;0
12808;2;7;74;sea;false;ocean;0
12809;12;4;26;sea;true;ocean;0
12810;83;11;3;sea;true;ocean;0
12811;74;1;19;sea;false;ocean;0
12812;24;23;17;sea;false;ocean;0
12813;63;24;5;sea;false;ocean;0
12814;38;27;1;sea;false;ocean;0
12815;33;4;27;sea;false;ocean;0
12816;60;4;14;sea;true;ocean;0
12817;16;60;21;sea;false;ocean;0
12818;13;42;4;sea;false;ocean;0
12819;12;15;33;sea;false;ocean;0
12820;48;0;46;sea;false;ocean;0
12821;41;43;15;sea;false;ocean;0
12822;13;11;8;sea;false;ocean;0
12823;4;0;10;sea;true;ocean;0
12824;24;18;10;sea;false;ocean;0
12825;33;12;39;sea;true;ocean;0
12826;12;10;66;sea;false;ocean;0
12827;22;23;53;sea;false;ocean;0
12828;26;23;38;sea;false;ocean;0
12829;7;57;34;sea;true;ocean;0
12830;21;60;13;sea;true;ocean;0
12831;24;54;4;sea;false;ocean;0
12832;60;9;24;sea;true;ocean;0
12833;19;2;47;sea;true;ocean;0
12834;51;5;4;sea;false;ocean;0
12835;15;32;38;sea;true;ocean;0
12836;48;5;22;sea;false;ocean;0
12837;45;0;30;sea;false;ocean;0
12838;41;17;40;sea;false;ocean;0
12839;43;14;27;sea;false;ocean;0
12840;24;41;0;sea;false;ocean;0
12841;52;18;15;sea;false;ocean;0
12842;48;10;3;sea;false;ocean;0
12843;23;21;32;sea;true;ocean;0
12844;22;2;69;sea;false;ocean;0
12845;41;29;7;sea;true;ocean;0
12846;20;44;10;sea;false;ocean;0
12847;1;28;44;sea;false;ocean;0
12848;18;14;55;sea;true;ocean;0
12849;72;17;9;sea;false;ocean;0
12850;33;29;23;sea;false;ocean;0
12851;8;50;38;sea;false;ocean;0
12852;14;31;12;sea;true;ocean;0
12853;80;1;3;sea;false;ocean;0
12854;16;2;56;sea;false;ocean;0
12855;31;57;5;sea;false;ocean;0
12856;12;13;35;sea;false;ocean;0
12857;33;4;31;sea;false;ocean;0
12858;0;7;89;sea;true;ocean;0
12859;51;15;8;sea;false;ocean;0
12860;22;6;57;sea;true;ocean;0
12861;45;37;6;sea;false;ocean;0
12862;4;38;27;sea;false;ocean;0
12863;9;27;26;sea;true;ocean;0
12864;36;9;2;sea;false;ocean;0
12865;5;13;76;sea;true;ocean;0
12866;12;44;14;sea;false;ocean;0
12867;22;35;27;sea;true;ocean;0
12868;18;20;4;sea;false;ocean;0
12869;8;44;12;sea;false;ocean;0
12870;32;31;17;sea;false;ocean;0
12871;11;4;79;sea;true;ocean;0
12872;27;11;5;sea;true;ocean;0
12873;42;3;31;sea;true;ocean;0
12874;31;46;6;sea;true;ocean;0
12875;14;15;24;sea;true;ocean;0
12876;3;9;34;sea;false;ocean;0
12877;5;5;36;sea;false;ocean;0
12878;0;38;41;sea;true;ocean;0
12879;16;39;31;sea;false;ocean;0
12880;3;24;12;sea;true;ocean;0
12881;8;2;21;sea;false;ocean;0
12882;26;25;9;sea;false;ocean;0
12883;18;0;64;sea;true;ocean;0
12884;10;21;0;sea;false;ocean;0
12885;15;1;71;sea;false;ocean;0
12886;64;11;18;sea;false;ocean;0
12887;15;14;37;sea;false;ocean;0
12888;18;53;3;sea;true;ocean;0
12889;32;58;8;sea;false;ocean;0
12890;17;14;42;sea;false;ocean;0
12891;20;61;11;sea;true;ocean;0
12892;7;41;38;sea;false;ocean;0
12893;24;14;49;sea;false;ocean;0
12894;15;0;72;sea;true;ocean;0
12895;18;34;14;sea;false;ocean;0
12896;28;54;5;sea;false;ocean;0
12897;9;16;46;sea;true;ocean;0
12898;52;11;4;sea;false;ocean;0
12899;15;64;13;sea;false;ocean;0
12900;47;29;7;sea;true;ocean;0
12901;23;7;63;sea;false;ocean;0
12902;6;51;18;sea;true;ocean;0
12903;3;12;48;sea;false;ocean;0
12904;69;8;4;sea;false;ocean;0
12905;26;16;26;sea;false;ocean;0
12906;42;34;23;sea;false;ocean;0
12907;32;6;41;sea;false;ocean;0
12908;71;10;17;sea;false;ocean;0
12909;44;39;1;sea;true;ocean;0
12910;53;8;13;sea;true;ocean;0
12911;36;1;19;sea;true;ocean;0
12912;4;4;91;sea;true;ocean;0
12913;23;51;20;sea;false;ocean;0
12914;35;33;13;sea;false;ocean;0
12915;52;40;7;sea;true;ocean;0
12916;0;8;70;sea;false;ocean;0
12917;10;43;5;sea;true;ocean;0
12918;68;11;14;sea;false;ocean;0
12919;5;10;46;sea;true;ocean;0
12920;0;50;27;sea;false;ocean;0
12921;53;3;12;sea;false;ocean;0
12922;59;1;14;sea;true;ocean;0
12923;29;30;32;sea;false;ocean;0
12924;20;11;45;sea;false;ocean;0
12925;6;77;10;sea;false;ocean;0
12926;54;6;5;sea;false;ocean;0
12927;55;4;13;sea;false;ocean;0
12928;15;39;6;sea;true;ocean;0
12929;75;6;11;sea;false;ocean;0
12930;5;19;3;sea;true;ocean;0
12931;27;28;16;sea;false;ocean;0
12932;2;10;30;sea;true;ocean;0
12933;10;46;25;sea;true;ocean;0
12934;21;4;9;sea;false;ocean;0
12935;37;3;25;sea;false;ocean;0
12936;27;4;57;sea;true;ocean;0
12937;25;1;19;sea;false;ocean;0
12938;39;27;13;sea;false;ocean;0
12939;65;23;8;sea;false;ocean;0
12940;27;5;25;sea;false;ocean;0
12941;5;51;5;sea;true;ocean;0
12942;7;11;54;sea;true;ocean;0
12943;55;4;32;sea;false;ocean;0
12944;31;21;44;sea;false;ocean;0
12945;34;13;5;sea;true;ocean;0
12946;10;2;57;sea;true;ocean;0
12947;8;2;0;sea;false;ocean;0
12948;23;8;56;sea;false;ocean;0
12949;40;29;12;sea;true;ocean;0
12950;20;39;16;sea;true;ocean;0
12951;15;12;65;sea;false;ocean;0
12952;23;10;3;sea;true;ocean;0
12953;6;34;46;sea;false;ocean;0
12954;47;50;1;sea;true;ocean;0
12955;52;28;15;sea;false;ocean;0
12956;39;2;44;sea;true;ocean;0
12957;29;27;7;sea;false;ocean;0
12958;4;2;24;sea;true;ocean;0
12959;66;7;12;sea;false;ocean;0
12960;46;14;3;sea;true;ocean;0
12961;67;0;30;sea;false;ocean;0
12962;6;77;11;sea;true;ocean;0
12963;21;48;10;sea;true;ocean;0
12964;59;19;11;sea;false;ocean;0
12965;4;54;26;sea;true;ocean;0
12966;8;22;41;sea;true;ocean;0
12967;70;28;0;sea;false;ocean;0
12968;39;11;11;sea;false;ocean;0
12969;31;7;10;sea;true;ocean;0
12970;9;5;47;sea;true;ocean;0
12971;20;60;17;sea;true;ocean;0
12972;43;8;35;sea;true;ocean;0
12973;9;18;44;sea;false;ocean;0
12974;35;49;12;sea;false;ocean;0
12975;14;27;2;sea;false;ocean;0
12976;94;1;1;sea;false;ocean;0
12977;27;55;16;sea;false;ocean;0
12978;40;19;12;sea;false;ocean;0
12979;2;15;31;sea;true;ocean;0
12980;34;46;5;sea;true;ocean;0
12981;91;1;4;sea;true;ocean;0
12982;19;43;37;sea;false;ocean;0
12983;8;2;42;sea;false;ocean;0
12984;5;8;23;sea;false;ocean;0
12985;31;51;16;sea;true;ocean;0
12986;66;4;12;sea;true;ocean;0
12987;13;68;9;sea;false;ocean;0
12988;30;1;15;sea;false;ocean;0
12989;8;53;1;sea;true;ocean;0
12990;5;25;4;sea;false;ocean;0
12991;12;12;21;sea;false;ocean;0
12992;30;7;12;sea;false;ocean;0
12993;2;73;22;sea;true;ocean;0
12994;29;5;40;sea;false;ocean;0
12995;15;9;57;sea;true;ocean;0
12996;2;32;55;sea;true;ocean;0
12997;34;5;30;sea;true;ocean;0
12998;5;65;25;sea;false;ocean;0
12999;55;11;8;sea;true;ocean;0
13000;17;30;43;sea;false;ocean;0
13001;24;4;67;sea;false;ocean;0
13002;21;19;17;sea;false;ocean;0
13003;10;63;5;sea;true;ocean;0
13004;14;55;23;sea;false;ocean;0
13005;47;3;33;sea;false;ocean;0
13006;21;11;56;sea;false;ocean;0
13007;17;3;53;sea;true;ocean;0
13008;44;9;20;sea;true;ocean;0
13009;44;12;24;sea;false;ocean;0
13010;17;24;56;sea;true;ocean;0
13011;19;8;42;sea;true;ocean;0
13012;52;37;5;sea;true;ocean;0
13013;41;27;13;sea;true;ocean;0
13014;22;3;40;sea;true;ocean;0
13015;16;39;21;sea;true;ocean;0
13016;11;13;16;sea;false;ocean;0
13017;30;46;18;sea;false;ocean;0
13018;11;0;42;sea;true;ocean;0
13019;20;17;60;sea;true;ocean;0
13020;31;62;1;sea;false;ocean;0
13021;33;0;48;sea;true;ocean;0
13022;32;6;24;sea;false;ocean;0
13023;0;10;66;sea;false;ocean;0
13024;21;35;13;sea;true;ocean;0
13025;10;72;9;sea;true;ocean;0
13026;21;28;25;sea;true;ocean;0
13027;21;26;48;sea;false;ocean;0
13028;23;6;9;sea;false;ocean;0
13029;6;26;5;sea;false;ocean;0
13030;51;20;0;sea;true;ocean;0
13031;37;3;36;sea;true;ocean;0
13032;30;62;6;sea;false;ocean;0
13033;19;38;39;sea;false;ocean;0
13034;15;43;1;sea;true;ocean;0
13035;13;7;23;sea;true;ocean;0
13036;31;43;0;sea;true;ocean;0
13037;75;1;5;sea;true;ocean;0
13038;1;9;77;sea;false;ocean;0
13039;29;0;67;sea;true;ocean;0
13040;24;19;7;sea;false;ocean;0
13041;38;4;4;sea;false;ocean;0
13042;36;21;19;sea;false;ocean;0
13043;4;41;39;sea;true;ocean;0
13044;46;14;23;sea;true;ocean;0
13045;45;20;27;sea;false;ocean;0
13046;32;14;40;sea;true;ocean;0
13047;3;32;61;sea;false;ocean;0
13048;27;9;54;sea;true;ocean;0
13049;39;3;8;sea;false;ocean;0
13050;23;65;1;sea;false;ocean;0
13051;41;18;33;sea;false;ocean;0
13052;64;15;9;sea;true;ocean;0
13053;26;0;15;sea;false;ocean;0
13054;8;45;2;sea;false;ocean;0
13055;16;26;33;sea;false;ocean;0
13056;14;46;30;sea;false;ocean;0
13057;6;18;35;sea;true;ocean;0
13058;17;0;81;sea;false;ocean;0
13059;44;24;28;sea;false;ocean;0
13060;19;14;44;sea;false;ocean;0
13061;3;1;69;sea;false;ocean;0
13062;18;11;6;sea;false;ocean;0
13063;6;24;57;sea;false;ocean;0
13064;7;18;38;sea;true;ocean;0
13065;17;6;72;sea;false;ocean;0
13066;8;56;18;sea;true;ocean;0
13067;15;4;58;sea;false;ocean;0
13068;17;9;58;sea;false;ocean;0
13069;13;43;3;sea;true;ocean;0
13070;48;2;44;sea;false;ocean;0
13071;22;39;3;sea;false;ocean;0
13072;4;21;32;sea;false;ocean;0
13073;19;23;57;sea;false;ocean;0
13074;26;23;9;sea;false;ocean;0
13075;17;19;55;sea;false;ocean;0
13076;18;0;33;sea;false;ocean;0
13077;39;8;49;sea;true;ocean;0
13078;5;63;24;sea;false;ocean;0
13079;30;38;30;sea;false;ocean;0
13080;17;25;38;sea;false;ocean;0
13081;6;78;8;sea;true;ocean;0
13082;75;14;10;sea;true;ocean;0
13083;63;0;36;sea;false;ocean;0
13084;10;58;12;sea;false;ocean;0
13085;35;19;5;sea;false;ocean;0
13086;3;9;26;sea;false;ocean;0
13087;40;20;15;sea;true;ocean;0
13088;19;35;19;sea;true;ocean;0
13089;25;60;10;sea;true;ocean;0
13090;7;6;21;sea;true;ocean;0
13091;20;9;11;sea;false;ocean;0
13092;44;4;24;sea;false;ocean;0
13093;46;1;23;sea;true;ocean;0
13094;40;5;15;sea;false;ocean;0
13095;47;12;21;sea;false;ocean;0
13096;3;52;38;sea;false;ocean;0
13097;11;21;35;sea;false;ocean;0
13098;3;1;54;sea;false;ocean;0
13099;7;78;8;sea;false;ocean;0
13100;26;29;20;sea;false;ocean;0
13101;32;51;1;sea;true;ocean;0
13102;64;34;1;sea;true;ocean;0
13103;50;14;11;sea;true;ocean;0
13104;25;8;15;sea;true;ocean;0
13105;4;28;57;sea;true;ocean;0
13106;2;8;61;sea;true;ocean;0
13107;33;18;13;sea;false;ocean;0
13108;17;1;70;sea;false;ocean;0
13109;48;30;4;sea;false;ocean;0
13110;43;37;11;sea;false;ocean;0
13111;24;8;63;sea;false;ocean;0
13112;18;35;2;sea;false;ocean;0
13113;53;30;13;sea;false;ocean;0
13114;7;18;33;sea;false;ocean;0
13115;22;32;43;sea;false;ocean;0
13116;7;6;52;sea;true;ocean;0
13117;26;12;30;sea;false;ocean;0
13118;49;10;3;sea;true;ocean;0
13119;28;12;43;sea;false;ocean;0
13120;16;36;47;sea;true;ocean;0
13121;3;72;20;sea;false;ocean;0
13122;36;18;23;sea;true;ocean;0
13123;2;27;58;sea;false;ocean;0
13124;27;33;26;sea;false;ocean;0
13125;45;3;4;sea;false;ocean;0
13126;39;0;24;sea;false;ocean;0
13127;33;35;18;sea;false;ocean;0
13128;7;79;1;sea;true;ocean;0
13129;50;3;33;sea;false;ocean;0
13130;4;14;21;sea;true;ocean;0
13131;13;7;45;sea;true;ocean;0
13132;26;47;23;sea;false;ocean;0
13133;13;27;32;sea;true;ocean;0
13134;13;13;26;sea;true;ocean;0
13135;37;31;31;sea;false;ocean;0
13136;56;1;5;sea;false;ocean;0
13137;38;48;5;sea;false;ocean;0
13138;28;30;31;sea;true;ocean;0
13139;12;12;22;sea;false;ocean;0
13140;10;20;56;sea;false;ocean;0
13141;2;46;36;sea;false;ocean;0
13142;52;10;36;sea;false;ocean;0
13143;3;31;49;sea;true;ocean;0
13144;47;29;1;sea;false;ocean;0
13145;4;43;50;sea;false;ocean;0
13146;32;25;9;sea;false;ocean;0
13147;14;9;10;sea;true;ocean;0
13148;8;43;33;sea;false;ocean;0
13149;16;12;11;sea;false;ocean;0
13150;4;78;5;sea;false;ocean;0
13151;25;22;24;sea;true;ocean;0
13152;20;6;33;sea;false;ocean;0
13153;17;5;32;sea;true;ocean;0
13154;51;29;5;sea;false;ocean;0
13155;12;20;14;sea;false;ocean;0
13156;22;66;8;sea;true;ocean;0
13157;16;35;20;sea;true;ocean;0
13158;36;44;9;sea;true;ocean;0
13159;51;1;7;sea;false;ocean;0
13160;24;51;1;sea;false;ocean;0
13161;44;46;3;sea;false;ocean;0
13162;43;21;26;sea;true;ocean;0
13163;11;35;23;sea;false;ocean;0
13164;12;44;32;sea;false;ocean;0
13165;64;11;20;sea;false;ocean;0
13166;13;25;11;sea;false;ocean;0
13167;0;85;13;sea;false;ocean;0
13168;2;77;16;sea;false;ocean;0
13169;25;0;0;sea;true;ocean;0
13170;29;1;10;sea;false;ocean;0
13171;28;36;23;sea;true;ocean;0
13172;60;22;10;sea;true;ocean;0
13173;4;17;73;sea;false;ocean;0
13174;7;47;11;sea;false;ocean;0
13175;8;1;62;sea;true;ocean;0
13176;62;2;5;sea;false;ocean;0
13177;50;23;5;sea;false;ocean;0
13178;5;9;70;sea;true;ocean;0
13179;50;31;6;sea;true;ocean;0
13180;82;1;15;sea;true;ocean;0
13181;40;4;44;sea;true;ocean;0
13182;17;28;18;sea;false;ocean;0
13183;74;0;7;sea;true;ocean;0
13184;48;18;31;sea;false;ocean;0
13185;21;33;15;sea;false;ocean;0
13186;21;18;44;sea;true;ocean;0
13187;4;29;19;sea;false;ocean;0
13188;40;18;14;sea;false;ocean;0
13189;6;50;0;sea;true;ocean;0
13190;9;37;41;sea;true;ocean;0
13191;40;12;0;sea;true;ocean;0
13192;2;32;61;sea;false;ocean;0
13193;1;33;55;sea;true;ocean;0
13194;29;16;48;sea;false;ocean;0
13195;27;45;16;sea;false;ocean;0
13196;29;59;8;sea;false;ocean;0
13197;19;18;22;sea;true;ocean;0
13198;5;2;44;sea;false;ocean;0
13199;14;69;5;sea;false;ocean;0
13200;72;12;5;sea;false;ocean;0
13201;18;18;9;sea;true;ocean;0
13202;57;3;26;sea;true;ocean;0
13203;36;50;4;sea;true;ocean;0
13204;23;43;21;sea;true;ocean;0
13205;32;29;13;sea;true;ocean;0
13206;4;2;79;sea;true;ocean;0
13207;4;21;48;sea;true;ocean;0
13208;5;51;37;sea;true;ocean;0
13209;8;3;58;sea;true;ocean;0
13210;57;10;31;sea;false;ocean;0
13211;75;18;3;sea;true;ocean;0
13212;10;4;85;sea;true;ocean;0
13213;15;69;14;sea;false;ocean;0
13214;11;26;12;sea;false;ocean;0
13215;28;30;33;sea;false;ocean;0
13216;4;29;23;sea;false;ocean;0
13217;28;22;8;sea;true;ocean;0
13218;49;4;40;sea;false;ocean;0
13219;19;0;65;sea;false;ocean;0
13220;0;29;2;sea;true;ocean;0
13221;22;2;12;sea;false;ocean;0
13222;67;1;8;sea;false;ocean;0
13223;67;29;0;sea;false;ocean;0
13224;1;21;5;sea;false;ocean;0
13225;29;36;17;sea;false;ocean;0
13226;25;64;10;sea;false;ocean;0
13227;6;83;0;sea;false;ocean;0
13228;9;78;5;sea;false;ocean;0
13229;11;6;54;sea;false;ocean;0
13230;30;20;43;sea;true;ocean;0
13231;4;71;16;sea;true;ocean;0
13232;0;24;21;sea;true;ocean;0
13233;4;9;81;sea;false;ocean;0
13234;31;26;35;sea;true;ocean;0
13235;51;28;20;sea;true;ocean;0
13236;64;28;5;sea;false;ocean;0
13237;7;9;17;sea;true;ocean;0
13238;29;10;59;sea;false;ocean;0
13239;14;3;54;sea;true;ocean;0
13240;13;40;30;sea;false;ocean;0
13241;0;90;2;sea;false;ocean;0
13242;23;16;28;sea;true;ocean;0
13243;15;3;18;sea;false;ocean;0
13244;52;8;30;sea;false;ocean;0
13245;42;21;12;sea;true;ocean;0
13246;24;34;28;sea;false;ocean;0
13247;7;2;86;sea;false;ocean;0
13248;33;23;19;sea;true;ocean;0
13249;91;5;3;sea;false;ocean;0
13250;32;17;38;sea;false;ocean;0
13251;44;18;35;sea;true;ocean;0
13252;38;43;13;sea;true;ocean;0
13253;49;21;13;sea;true;ocean;0
13254;34;11;50;sea;false;ocean;0
13255;25;5;45;sea;true;ocean;0
13256;41;8;29;sea;false;ocean;0
13257;21;14;36;sea;true;ocean;0
13258;10;16;48;sea;false;ocean;0
13259;28;28;21;sea;false;ocean;0
13260;10;58;4;sea;true;ocean;0
13261;32;6;10;sea;false;ocean;0
13262;39;20;29;sea;true;ocean;0
13263;0;14;77;sea;false;ocean;0
13264;30;28;18;sea;true;ocean;0
13265;31;5;45;sea;false;ocean;0
13266;10;37;40;sea;false;ocean;0
13267;21;21;44;sea;false;ocean;0
13268;12;29;13;sea;false;ocean;0
13269;13;28;18;sea;true;ocean;0
13270;57;11;10;sea;false;ocean;0
13271;33;18;39;sea;false;ocean;0
13272;26;31;27;sea;true;ocean;0
13273;6;46;25;sea;true;ocean;0
13274;39;10;18;sea;false;ocean;0
13275;28;4;44;sea;false;ocean;0
13276;8;78;11;sea;true;ocean;0
13277;4;2;3;sea;false;ocean;0
13278;27;23;32;sea;false;ocean;0
13279;39;1;53;sea;true;ocean;0
13280;13;33;0;sea;true;ocean;0
13281;24;16;33;sea;false;ocean;0
13282;10;9;75;sea;false;ocean;0
13283;25;13;59;sea;true;ocean;0
13284;11;14;13;sea;false;ocean;0
13285;4;13;39;sea;true;ocean;0
13286;26;61;8;sea;true;ocean;0
13287;15;31;11;sea;true;ocean;0
13288;9;36;1;sea;false;ocean;0
13289;41;28;7;sea;false;ocean;0
13290;2;38;22;sea;true;ocean;0
13291;26;7;27;sea;true;ocean;0
13292;50;19;16;sea;false;ocean;0
13293;37;46;2;sea;false;ocean;0
13294;0;23;70;sea;false;ocean;0
13295;29;36;22;sea;false;ocean;0
13296;39;14;28;sea;false;ocean;0
13297;6;82;10;sea;true;ocean;0
13298;7;28;62;sea;true;ocean;0
13299;2;7;53;sea;false;ocean;0
13300;19;15;5;sea;true;ocean;0
13301;56;1;34;sea;false;ocean;0
13302;64;4;16;sea;true;ocean;0
13303;24;17;14;sea;false;ocean;0
13304;82;2;6;sea;false;ocean;0
13305;84;4;0;sea;true;ocean;0
13306;18;49;27;sea;false;ocean;0
13307;39;21;6;sea;false;ocean;0
13308;14;0;8;sea;false;ocean;0
13309;74;13;0;sea;true;ocean;0
13310;10;51;0;sea;false;ocean;0
13311;11;63;6;sea;true;ocean;0
13312;69;13;16;sea;false;ocean;0
13313;74;4;11;sea;false;ocean;0
13314;37;39;8;sea;true;ocean;0
13315;12;6;3;sea;true;ocean;0
13316;59;18;12;sea;false;ocean;0
13317;6;17;2;sea;true;ocean;0
13318;30;41;11;sea;true;ocean;0
13319;22;70;1;sea;false;ocean;0
13320;13;8;4;sea;false;ocean;0
13321;8;66;6;sea;false;ocean;0
13322;3;34;16;sea;true;ocean;0
13323;15;28;44;sea;false;ocean;0
13324;22;4;37;sea;false;ocean;0
13325;3;40;48;sea;false;ocean;0
13326;4;40;4;sea;false;ocean;0
13327;45;22;6;sea;true;ocean;0
13328;22;21;48;sea;true;ocean;0
13329;30;17;42;sea;true;ocean;0
13330;9;18;54;sea;false;ocean;0
13331;78;6;11;sea;false;ocean;0
13332;15;43;21;sea;false;ocean;0
13333;9;6;51;sea;false;ocean;0
13334;32;46;12;sea;false;ocean;0
13335;19;37;30;sea;true;ocean;0
13336;13;30;5;sea;false;ocean;0
13337;15;68;10;sea;false;ocean;0
13338;75;11;11;sea;true;ocean;0
13339;36;39;19;sea;false;ocean;0
13340;21;54;7;sea;true;ocean;0
13341;6;13;29;sea;false;ocean;0
13342;19;31;8;sea;true;ocean;0
13343;37;42;16;sea;true;ocean;0
13344;15;22;15;sea;false;ocean;0
13345;2;14;3;sea;false;ocean;0
13346;4;66;19;sea;false;ocean;0
13347;25;35;18;sea;true;ocean;0
13348;45;9;22;sea;false;ocean;0
13349;7;13;8;sea;true;ocean;0
13350;35;18;38;sea;false;ocean;0
13351;22;23;34;sea;true;ocean;0
13352;53;6;18;sea;true;ocean;0
13353;42;9;44;sea;false;ocean;0
13354;9;6;57;sea;false;ocean;0
13355;33;47;11;sea;true;ocean;0
13356;28;2;66;sea;false;ocean;0
13357;16;37;5;sea;true;ocean;0
13358;29;19;3;sea;false;ocean;0
13359;19;4;25;sea;false;ocean;0
13360;38;0;14;sea;true;ocean;0
13361;47;15;19;sea;true;ocean;0
13362;0;4;78;sea;false;ocean;0
13363;0;22;56;sea;false;ocean;0
13364;9;29;54;sea;false;ocean;0
13365;1;18;49;sea;false;ocean;0
13366;10;7;59;sea;true;ocean;0
13367;28;35;18;sea;true;ocean;0
13368;59;0;25;sea;false;ocean;0
13369;71;21;5;sea;false;ocean;0
13370;20;64;10;sea;true;ocean;0
13371;0;41;5;sea;false;ocean;0
13372;10;3;2;sea;false;ocean;0
13373;9;7;45;sea;false;ocean;0
13374;9;20;17;sea;false;ocean;0
13375;15;39;45;sea;true;ocean;0
13376;23;12;23;sea;true;ocean;0
13377;35;11;8;sea;false;ocean;0
13378;46;19;21;sea;true;ocean;0
13379;35;24;6;sea;false;ocean;0
13380;1;4;79;sea;true;ocean;0
13381;11;64;10;sea;false;ocean;0
13382;23;21;38;sea;false;ocean;0
13383;39;13;19;sea;false;ocean;0
13384;46;27;0;sea;true;ocean;0
13385;3;28;59;sea;false;ocean;0
13386;30;52;17;sea;true;ocean;0
13387;16;18;3;sea;true;ocean;0
13388;23;33;8;sea;true;ocean;0
13389;43;0;53;sea;false;ocean;0
13390;33;21;44;sea;false;ocean;0
13391;39;0;2;sea;false;ocean;0
13392;13;4;25;sea;false;ocean;0
13393;5;18;13;sea;false;ocean;0
13394;1;27;44;sea;false;ocean;0
13395;35;46;5;sea;false;ocean;0
13396;1;8;33;sea;true;ocean;0
13397;17;14;31;sea;false;ocean;0
13398;44;13;32;sea;false;ocean;0
13399;56;1;6;sea;false;ocean;0
13400;41;7;47;sea;true;ocean;0
13401;4;33;3;sea;false;ocean;0
13402;1;70;1;sea;false;ocean;0
13403;1;21;38;sea;false;ocean;0
13404;16;78;1;sea;true;ocean;0
13405;9;42;26;sea;false;ocean;0
13406;9;4;83;sea;false;ocean;0
13407;4;1;87;sea;false;ocean;0
13408;8;20;1;sea;false;ocean;0
13409;32;13;21;sea;true;ocean;0
13410;6;19;45;sea;true;ocean;0
13411;3;37;44;sea;false;ocean;0
13412;50;5;3;sea;true;ocean;0
13413;17;1;22;sea;false;ocean;0
13414;8;4;50;sea;false;ocean;0
13415;13;2;23;sea;false;ocean;0
13416;9;45;26;sea;false;ocean;0
13417;19;12;64;sea;true;ocean;0
13418;15;13;17;sea;true;ocean;0
13419;3;60;30;sea;false;ocean;0
13420;15;31;44;sea;false;ocean;0
13421;20;13;0;sea;false;ocean;0
13422;16;3;17;sea;true;ocean;0
13423;16;12;28;sea;false;ocean;0
13424;4;15;72;sea;false;ocean;0
13425;50;1;6;sea;true;ocean;0
13426;21;2;49;sea;true;ocean;0
13427;36;7;49;sea;false;ocean;0
13428;20;15;12;sea;false;ocean;0
13429;17;35;40;sea;false;ocean;0
13430;12;44;8;sea;false;ocean;0
13431;33;7;7;sea;true;ocean;0
13432;31;41;16;sea;false;ocean;0
13433;24;16;30;sea;true;ocean;0
13434;25;12;61;sea;false;ocean;0
13435;13;3;8;sea;false;ocean;0
13436;50;7;0;sea;true;ocean;0
13437;41;11;27;sea;true;ocean;0
13438;27;38;14;sea;false;ocean;0
13439;23;31;14;sea;true;ocean;0
13440;20;43;16;sea;false;ocean;0
13441;59;12;28;sea;true;ocean;0
13442;71;2;10;sea;false;ocean;0
13443;32;4;30;sea;true;ocean;0
13444;22;36;22;sea;false;ocean;0
13445;30;31;11;sea;true;ocean;0
13446;3;10;82;sea;false;ocean;0
13447;11;24;52;sea;false;ocean;0
13448;29;10;10;sea;true;ocean;0
13449;52;20;4;sea;true;ocean;0
13450;6;24;11;sea;false;ocean;0
13451;63;5;30;sea;false;ocean;0
13452;19;60;15;sea;true;ocean;0
13453;41;4;0;sea;false;ocean;0
13454;79;10;5;sea;true;ocean;0
13455;15;25;7;sea;false;ocean;0
13456;2;74;18;sea;false;ocean;0
13457;75;2;10;sea;true;ocean;0
13458;25;6;3;sea;false;ocean;0
13459;86;3;6;sea;true;ocean;0
13460;43;9;1;sea;false;ocean;0
13461;43;23;25;sea;true;ocean;0
13462;0;14;44;sea;true;ocean;0
13463;60;12;2;sea;true;ocean;0
13464;2;63;8;sea;true;ocean;0
13465;33;7;57;sea;false;ocean;0
13466;42;15;40;sea;false;ocean;0
13467;61;15;17;sea;false;ocean;0
13468;44;15;23;sea;true;ocean;0
13469;30;29;13;sea;true;ocean;0
13470;46;3;21;sea;false;ocean;0
13471;46;14;28;sea;false;ocean;0
13472;35;8;27;sea;false;ocean;0
13473;5;54;3;sea;true;ocean;0
13474;6;71;5;sea;true;ocean;0
13475;63;16;10;sea;false;ocean;0
13476;52;9;1;sea;false;ocean;0
13477;4;59;29;sea;false;ocean;0
13478;5;17;49;sea;true;ocean;0
13479;22;39;38;sea;false;ocean;0
13480;30;54;3;sea;true;ocean;0
13481;38;31;10;sea;false;ocean;0
13482;12;50;17;sea;true;ocean;0
13483;1;17;47;sea;false;ocean;0
13484;47;20;17;sea;false;ocean;0
13485;14;7;48;sea;true;ocean;0
13486;59;1;19;sea;false;ocean;0
13487;69;15;4;sea;false;ocean;0
13488;21;51;11;sea;false;ocean;0
13489;26;45;13;sea;true;ocean;0
13490;54;8;24;sea;true;ocean;0
13491;15;22;34;sea;true;ocean;0
13492;11;66;20;sea;true;ocean;0
13493;30;27;16;sea;false;ocean;0
13494;48;4;29;sea;true;ocean;0
13495;15;52;25;sea;true;ocean;0
13496;59;8;31;sea;false;ocean;0
13497;34;4;58;sea;true;ocean;0
13498;40;42;6;sea;false;ocean;0
13499;11;36;23;sea;true;ocean;0
13500;41;19;20;sea;true;ocean;0
13501;2;60;28;sea;true;ocean;0
13502;39;12;5;sea;true;ocean;0
13503;7;29;63;sea;false;ocean;0
13504;9;5;46;sea;false;ocean;0
13505;0;25;16;sea;true;ocean;0
13506;48;0;30;sea;true;ocean;0
13507;46;3;1;sea;false;ocean;0
13508;29;3;49;sea;true;ocean;0
13509;6;7;72;sea;false;ocean;0
13510;60;14;1;sea;true;ocean;0
13511;0;32;2;sea;true;ocean;0
13512;61;16;13;sea;false;ocean;0
13513;2;21;16;sea;true;ocean;0
13514;16;46;37;sea;false;ocean;0
13515;10;9;9;sea;true;ocean;0
13516;23;5;41;sea;false;ocean;0
13517;40;8;0;sea;true;ocean;0
13518;7;54;30;sea;false;ocean;0
13519;3;35;22;sea;false;ocean;0
13520;53;19;13;sea;false;ocean;0
13521;70;19;7;sea;true;ocean;0
13522;39;13;1;sea;true;ocean;0
13523;34;40;24;sea;false;ocean;0
13524;70;12;16;sea;false;ocean;0
13525;38;26;18;sea;false;ocean;0
13526;19;41;27;sea;true;ocean;0
13527;9;16;57;sea;false;ocean;0
13528;13;55;13;sea;false;ocean;0
13529;3;29;11;sea;false;ocean;0
13530;11;12;15;sea;true;ocean;0
13531;22;59;8;sea;true;ocean;0
13532;12;18;9;sea;false;ocean;0
13533;7;1;65;sea;false;ocean;0
13534;31;24;37;sea;true;ocean;0
13535;6;40;18;sea;true;ocean;0
13536;32;16;7;sea;true;ocean;0
13537;6;27;56;sea;true;ocean;0
13538;19;7;49;sea;true;ocean;0
13539;75;2;0;sea;true;ocean;0
13540;21;31;21;sea;true;ocean;0
13541;9;25;36;sea;true;ocean;0
13542;25;9;0;sea;true;ocean;0
13543;47;8;39;sea;true;ocean;0
13544;26;22;6;sea;true;ocean;0
13545;10;72;7;sea;true;ocean;0
13546;35;1;6;sea;false;ocean;0
13547;42;29;24;sea;false;ocean;0
13548;11;9;77;sea;false;ocean;0
13549;17;31;20;sea;false;ocean;0
13550;3;40;9;sea;false;ocean;0
13551;0;66;9;sea;true;ocean;0
13552;60;14;20;sea;true;ocean;0
13553;43;44;4;sea;false;ocean;0
13554;27;41;17;sea;true;ocean;0
13555;4;45;48;sea;true;ocean;0
13556;14;69;14;sea;true;ocean;0
13557;62;4;32;sea;false;ocean;0
13558;15;15;32;sea;true;ocean;0
13559;4;1;77;sea;false;ocean;0
13560;54;24;8;sea;false;ocean;0
13561;12;3;34;sea;false;ocean;0
13562;8;40;29;sea;false;ocean;0
13563;8;15;61;sea;false;ocean;0
13564;31;17;47;sea;false;ocean;0
13565;39;25;11;sea;true;ocean;0
13566;10;27;10;sea;true;ocean;0
13567;57;0;24;sea;true;ocean;0
13568;10;3;41;sea;false;ocean;0
13569;16;23;55;sea;false;ocean;0
13570;48;4;32;sea;true;ocean;0
13571;23;6;4;sea;true;ocean;0
13572;0;79;19;sea;true;ocean;0
13573;37;23;36;sea;true;ocean;0
13574;12;8;37;sea;false;ocean;0
13575;0;66;6;sea;true;ocean;0
13576;57;23;17;sea;true;ocean;0
13577;17;25;42;sea;false;ocean;0
13578;28;45;11;sea;true;ocean;0
13579;20;1;66;sea;false;ocean;0
13580;21;33;12;sea;false;ocean;0
13581;45;21;3;sea;true;ocean;0
13582;21;22;16;sea;false;ocean;0
13583;0;62;37;sea;true;ocean;0
13584;30;24;14;sea;true;ocean;0
13585;29;44;16;sea;true;ocean;0
13586;8;30;47;sea;false;ocean;0
13587;3;20;62;sea;false;ocean;0
13588;14;16;67;sea;true;ocean;0
13589;34;51;0;sea;false;ocean;0
13590;19;24;26;sea;true;ocean;0
13591;2;5;64;sea;true;ocean;0
13592;1;76;7;sea;false;ocean;0
13593;20;9;29;sea;false;ocean;0
13594;15;21;40;sea;false;ocean;0
13595;7;49;10;sea;true;ocean;0
13596;7;11;58;sea;true;ocean;0
13597;25;20;15;sea;true;ocean;0
13598;3;2;32;sea;true;ocean;0
13599;25;37;13;sea;false;ocean;0
13600;24;36;10;sea;true;ocean;0
13601;32;12;14;sea;false;ocean;0
13602;17;20;38;sea;false;ocean;0
13603;20;19;10;sea;true;ocean;0
13604;5;9;44;sea;true;ocean;0
13605;20;44;32;sea;true;ocean;0
13606;27;48;18;sea;true;ocean;0
13607;17;31;38;sea;true;ocean;0
13608;60;23;1;sea;true;ocean;0
13609;29;28;32;sea;false;ocean;0
13610;13;37;9;sea;false;ocean;0
13611;2;48;19;sea;false;ocean;0
13612;67;9;0;sea;true;ocean;0
13613;17;36;8;sea;false;ocean;0
13614;7;7;77;sea;true;ocean;0
13615;33;6;45;sea;true;ocean;0
13616;8;41;27;sea;true;ocean;0
13617;56;3;23;sea;true;ocean;0
13618;23;17;39;sea;true;ocean;0
13619;13;1;43;sea;false;ocean;0
13620;6;22;29;sea;false;ocean;0
13621;5;28;55;sea;true;ocean;0
13622;47;4;31;sea;true;ocean;0
13623;29;15;43;sea;false;ocean;0
13624;47;8;1;sea;false;ocean;0
13625;22;49;21;sea;true;ocean;0
13626;5;23;36;sea;true;ocean;0
13627;22;31;5;sea;false;ocean;0
13628;5;11;28;sea;false;ocean;0
13629;5;25;0;sea;true;ocean;0
13630;2;59;37;sea;false;ocean;0
13631;17;13;49;sea;true;ocean;0
13632;16;34;14;sea;false;ocean;0
13633;12;48;14;sea;false;ocean;0
13634;26;67;0;sea;true;ocean;0
13635;73;13;12;sea;false;ocean;0
13636;36;9;47;sea;false;ocean;0
13637;17;46;16;sea;false;ocean;0
13638;56;2;31;sea;false;ocean;0
13639;60;1;5;sea;true;ocean;0
13640;24;9;10;sea;true;ocean;0
13641;14;65;9;sea;true;ocean;0
13642;37;0;44;sea;true;ocean;0
13643;56;17;17;sea;false;ocean;0
13644;37;7;32;sea;false;ocean;0
13645;33;31;12;sea;false;ocean;0
13646;13;37;24;sea;false;ocean;0
13647;11;10;15;sea;false;ocean;0
13648;5;6;42;sea;true;ocean;0
13649;23;15;15;sea;true;ocean;0
13650;23;6;49;sea;true;ocean;0
13651;53;8;18;sea;true;ocean;0
13652;15;32;9;sea;true;ocean;0
13653;30;18;44;sea;true;ocean;0
13654;0;1;88;sea;true;ocean;0
13655;8;59;11;sea;false;ocean;0
13656;0;0;65;sea;false;ocean;0
13657;5;9;84;sea;true;ocean;0
13658;14;38;7;sea;true;ocean;0
13659;2;36;40;sea;false;ocean;0
13660;33;34;15;sea;false;ocean;0
13661;31;8;43;sea;true;ocean;0
13662;12;26;5;sea;false;ocean;0
13663;17;5;42;sea;false;ocean;0
13664;19;45;34;sea;true;ocean;0
13665;10;54;23;sea;false;ocean;0
13666;22;19;53;sea;false;ocean;0
13667;49;29;11;sea;false;ocean;0
13668;14;6;75;sea;false;ocean;0
13669;5;8;63;sea;true;ocean;0
13670;17;67;12;sea;true;ocean;0
13671;73;2;3;sea;false;ocean;0
13672;46;23;14;sea;true;ocean;0
13673;14;0;72;sea;false;ocean;0
13674;6;43;33;sea;false;ocean;0
13675;18;13;40;sea;false;ocean;0
13676;59;3;20;sea;true;ocean;0
13677;38;9;22;sea;true;ocean;0
13678;33;5;21;sea;false;ocean;0
13679;34;4;4;sea;false;ocean;0
13680;19;20;13;sea;false;ocean;0
13681;14;11;20;sea;false;ocean;0
13682;20;56;13;sea;true;ocean;0
13683;22;7;27;sea;true;ocean;0
13684;15;34;3;sea;true;ocean;0
13685;29;36;8;sea;true;ocean;0
13686;12;26;1;sea;false;ocean;0
13687;47;2;21;sea;true;ocean;0
13688;25;65;6;sea;false;ocean;0
13689;1;29;19;sea;false;ocean;0
13690;10;3;37;sea;true;ocean;0
13691;25;21;15;sea;true;ocean;0
13692;27;47;23;sea;false;ocean;0
13693;66;16;16;sea;false;ocean;0
13694;12;24;43;sea;true;ocean;0
13695;70;4;0;sea;false;ocean;0
13696;5;4;33;sea;true;ocean;0
13697;36;16;45;sea;false;ocean;0
13698;7;34;44;sea;true;ocean;0
13699;34;35;2;sea;false;ocean;0
13700;0;42;33;sea;false;ocean;0
13701;11;17;35;sea;true;ocean;0
13702;48;5;33;sea;true;ocean;0
13703;50;18;18;sea;true;ocean;0
13704;24;18;32;sea;false;ocean;0
13705;23;30;15;sea;true;ocean;0
13706;27;27;42;sea;false;ocean;0
13707;32;16;30;sea;false;ocean;0
13708;28;36;20;sea;false;ocean;0
13709;23;5;53;sea;false;ocean;0
13710;1;26;4;sea;false;ocean;0
13711;18;13;23;sea;true;ocean;0
13712;22;49;2;sea;true;ocean;0
13713;6;8;23;sea;true;ocean;0
13714;11;26;3;sea;false;ocean;0
13715;34;17;15;sea;false;ocean;0
13716;0;60;14;sea;false;ocean;0
13717;17;19;54;sea;false;ocean;0
13718;19;61;0;sea;true;ocean;0
13719;12;56;14;sea;true;ocean;0
13720;54;14;21;sea;true;ocean;0
13721;17;41;40;sea;true;ocean;0
13722;51;28;0;sea;false;ocean;0
13723;44;28;13;sea;true;ocean;0
13724;0;35;7;sea;false;ocean;0
13725;3;25;70;sea;true;ocean;0
13726;6;0;6;sea;false;ocean;0
13727;24;65;8;sea;false;ocean;0
13728;47;23;24;sea;false;ocean;0
13729;2;58;31;sea;true;ocean;0
13730;2;41;27;sea;false;ocean;0
13731;13;35;20;sea;false;ocean;0
13732;51;24;2;sea;true;ocean;0
13733;32;40;21;sea;true;ocean;0
13734;26;40;13;sea;false;ocean;0
13735;31;12;10;sea;true;ocean;0
13736;3;48;44;sea;true;ocean;0
13737;1;75;2;sea;false;ocean;0
13738;2;33;5;sea;true;ocean;0
13739;38;25;6;sea;false;ocean;0
13740;9;11;42;sea;true;ocean;0
13741;7;60;15;sea;false;ocean;0
13742;18;55;26;sea;false;ocean;0
13743;4;35;8;sea;false;ocean;0
13744;17;20;2;sea;false;ocean;0
13745;15;59;4;sea;false;ocean;0
13746;45;19;4;sea;false;ocean;0
13747;20;68;3;sea;false;ocean;0
13748;72;6;4;sea;true;ocean;0
13749;7;18;57;sea;true;ocean;0
13750;0;60;37;sea;true;ocean;0
13751;61;2;1;sea;true;ocean;0
13752;3;9;52;sea;true;ocean;0
13753;2;2;48;sea;false;ocean;0
13754;7;28;30;sea;true;ocean;0
13755;63;1;5;sea;false;ocean;0
13756;8;4;51;sea;false;ocean;0
13757;0;60;3;sea;true;ocean;0
13758;33;22;22;sea;false;ocean;0
13759;5;64;14;sea;true;ocean;0
13760;5;36;3;sea;false;ocean;0
13761;26;12;20;sea;false;ocean;0
13762;44;19;26;sea;true;ocean;0
13763;18;46;20;sea;false;ocean;0
13764;12;33;51;sea;true;ocean;0
13765;68;4;16;sea;true;ocean;0
13766;5;69;17;sea;true;ocean;0
13767;21;45;20;sea;false;ocean;0
13768;56;10;27;sea;true;ocean;0
13769;1;30;34;sea;false;ocean;0
13770;8;3;82;sea;true;ocean;0
13771;8;35;35;sea;false;ocean;0
13772;48;6;0;sea;true;ocean;0
13773;36;7;1;sea;true;ocean;0
13774;19;49;23;sea;true;ocean;0
13775;70;0;20;sea;true;ocean;0
13776;43;19;25;sea;false;ocean;0
13777;66;1;1;sea;false;ocean;0
13778;46;18;25;sea;false;ocean;0
13779;7;6;23;sea;true;ocean;0
13780;11;11;76;sea;false;ocean;0
13781;5;40;51;sea;false;ocean;0
13782;0;65;17;sea;true;ocean;0
13783;43;48;3;sea;false;ocean;0
13784;32;22;37;sea;false;ocean;0
13785;48;19;10;sea;false;ocean;0
13786;1;7;85;sea;true;ocean;0
13787;28;5;14;sea;false;ocean;0
13788;59;24;13;sea;false;ocean;0
13789;24;31;25;sea;false;ocean;0
13790;1;5;58;sea;false;ocean;0
13791;40;11;23;sea;true;ocean;0
13792;16;20;11;sea;true;ocean;0
13793;25;19;21;sea;true;ocean;0
13794;8;31;59;sea;true;ocean;0
13795;36;22;22;sea;false;ocean;0
13796;35;34;17;sea;false;ocean;0
13797;33;12;24;sea;true;ocean;0
13798;20;22;53;sea;true;ocean;0
13799;38;10;10;sea;true;ocean;0
13800;2;44;32;sea;false;ocean;0
13801;20;32;33;sea;true;ocean;0
13802;5;4;21;sea;false;ocean;0
13803;22;1;3;sea;false;ocean;0
13804;8;43;38;sea;true;ocean;0
13805;4;1;59;sea;false;ocean;0
13806;14;17;16;sea;false;ocean;0
13807;17;43;26;sea;false;ocean;0
13808;27;28;30;sea;true;ocean;0
13809;76;19;3;sea;true;ocean;0
13810;31;35;33;sea;true;ocean;0
13811;39;44;6;sea;false;ocean;0
13812;0;45;38;sea;false;ocean;0
13813;48;13;33;sea;true;ocean;0
13814;28;12;36;sea;false;ocean;0
13815;15;60;11;sea;true;ocean;0
13816;37;3;22;sea;true;ocean;0
13817;29;3;62;sea;false;ocean;0
13818;4;34;12;sea;true;ocean;0
13819;1;15;68;sea;false;ocean;0
13820;28;22;18;sea;false;ocean;0
13821;9;1;64;sea;false;ocean;0
13822;36;1;28;sea;false;ocean;0
13823;22;52;11;sea;true;ocean;0
13824;7;16;38;sea;false;ocean;0
13825;48;26;8;sea;false;ocean;0
13826;7;31;57;sea;true;ocean;0
13827;11;32;25;sea;true;ocean;0
13828;11;9;38;sea;false;ocean;0
13829;65;8;10;sea;true;ocean;0
13830;8;19;50;sea;false;ocean;0
13831;5;11;50;sea;false;ocean;0
13832;32;10;47;sea;false;ocean;0
13833;36;1;15;sea;true;ocean;0
13834;0;39;40;sea;true;ocean;0
13835;9;7;62;sea;false;ocean;0
13836;16;49;27;sea;true;ocean;0
13837;20;54;24;sea;false;ocean;0
13838;14;19;56;sea;true;ocean;0
13839;13;61;11;sea;false;ocean;0
13840;47;29;17;sea;false;ocean;0
13841;21;3;23;sea;true;ocean;0
13842;10;37;12;sea;false;ocean;0
13843;10;14;70;sea;false;ocean;0
13844;17;61;13;sea;false;ocean;0
13845;9;27;8;sea;false;ocean;0
13846;75;0;18;sea;true;ocean;0
13847;33;20;37;sea;true;ocean;0
13848;11;12;1;sea;true;ocean;0
13849;43;22;22;sea;false;ocean;0
13850;2;7;49;sea;false;ocean;0
13851;4;20;31;sea;false;ocean;0
13852;50;23;25;sea;false;ocean;0
13853;3;16;4;sea;true;ocean;0
13854;6;13;39;sea;true;ocean;0
13855;29;41;23;sea;false;ocean;0
13856;29;3;52;sea;true;ocean;0
13857;20;12;49;sea;true;ocean;0
13858;64;23;6;sea;false;ocean;0
13859;8;73;11;sea;false;ocean;0
13860;2;14;29;sea;false;ocean;0
13861;5;29;35;sea;false;ocean;0
13862;2;56;26;sea;true;ocean;0
13863;7;52;5;sea;false;ocean;0
13864;3;41;34;sea;true;ocean;0
13865;21;7;13;sea;true;ocean;0
13866;1;27;22;sea;true;ocean;0
13867;20;47;11;sea;false;ocean;0
13868;23;24;26;sea;true;ocean;0
13869;21;35;32;sea;true;ocean;0
13870;60;5;8;sea;true;ocean;0
13871;6;62;26;sea;true;ocean;0
13872;36;56;7;sea;false;ocean;0
13873;13;42;37;sea;true;ocean;0
13874;2;78;12;sea;true;ocean;0
13875;8;34;23;sea;true;ocean;0
13876;10;2;42;sea;true;ocean;0
13877;20;64;12;sea;true;ocean;0
13878;27;39;10;sea;false;ocean;0
13879;1;27;47;sea;true;ocean;0
13880;23;26;47;sea;false;ocean;0
13881;70;12;3;sea;true;ocean;0
13882;34;3;62;sea;true;ocean;0
13883;36;25;37;sea;true;ocean;0
13884;6;39;32;sea;true;ocean;0
13885;6;60;16;sea;true;ocean;0
13886;21;43;23;sea;true;ocean;0
13887;3;39;47;sea;false;ocean;0
13888;38;6;17;sea;false;ocean;0
13889;19;14;9;sea;false;ocean;0
13890;59;24;8;sea;true;ocean;0
13891;19;13;39;sea;false;ocean;0
13892;0;11;73;sea;true;ocean;0
13893;22;61;10;sea;false;ocean;0
13894;1;17;51;sea;true;ocean;0
13895;25;11;7;sea;false;ocean;0
13896;6;14;60;sea;false;ocean;0
13897;1;27;64;sea;false;ocean;0
13898;60;7;7;sea;true;ocean;0
13899;17;0;80;sea;false;ocean;0
13900;9;26;39;sea;false;ocean;0
13901;46;0;37;sea;false;ocean;0
13902;31;0;0;sea;true;ocean;0
13903;5;29;33;sea;true;ocean;0
13904;5;40;34;sea;false;ocean;0
13905;39;50;10;sea;false;ocean;0
13906;1;94;1;sea;true;ocean;0
13907;26;41;32;sea;false;ocean;0
13908;11;41;35;sea;false;ocean;0
13909;48;19;16;sea;true;ocean;0
13910;26;23;36;sea;true;ocean;0
13911;30;41;6;sea;false;ocean;0
13912;83;10;0;sea;true;ocean;0
13913;14;4;59;sea;true;ocean;0
13914;28;8;26;sea;true;ocean;0
13915;1;37;11;sea;true;ocean;0
13916;11;4;15;sea;false;ocean;0
13917;1;13;6;sea;true;ocean;0
13918;21;6;25;sea;true;ocean;0
13919;3;63;26;sea;true;ocean;0
13920;8;2;19;sea;false;ocean;0
13921;16;8;36;sea;true;ocean;0
13922;23;65;3;sea;true;ocean;0
13923;12;30;33;sea;true;ocean;0
13924;20;0;48;sea;false;ocean;0
13925;0;44;48;sea;true;ocean;0
13926;65;8;15;sea;true;ocean;0
13927;40;20;18;sea;true;ocean;0
13928;6;3;19;sea;false;ocean;0
13929;18;66;15;sea;true;ocean;0
13930;52;21;9;sea;true;ocean;0
13931;42;35;13;sea;true;ocean;0
13932;6;24;4;sea;true;ocean;0
13933;10;37;8;sea;false;ocean;0
13934;5;4;11;sea;true;ocean;0
13935;4;42;42;sea;true;ocean;0
13936;30;27;39;sea;false;ocean;0
13937;23;11;46;sea;true;ocean;0
13938;1;45;5;sea;true;ocean;0
13939;16;8;53;sea;true;ocean;0
13940;6;10;36;sea;true;ocean;0
13941;56;7;23;sea;true;ocean;0
13942;38;27;6;sea;true;ocean;0
13943;4;29;21;sea;true;ocean;0
13944;3;32;19;sea;false;ocean;0
13945;53;20;26;sea;false;ocean;0
13946;30;48;3;sea;true;ocean;0
13947;40;11;45;sea;false;ocean;0
13948;22;30;42;sea;false;ocean;0
13949;0;11;24;sea;false;ocean;0
13950;68;17;14;sea;false;ocean;0
13951;36;9;46;sea;true;ocean;0
13952;13;37;26;sea;false;ocean;0
13953;20;44;15;sea;false;ocean;0
13954;10;32;48;sea;false;ocean;0
13955;31;17;27;sea;true;ocean;0
13956;18;8;32;sea;false;ocean;0
13957;35;25;30;sea;false;ocean;0
13958;52;14;8;sea;true;ocean;0
13959;50;32;2;sea;false;ocean;0
13960;14;8;11;sea;true;ocean;0
13961;4;37;54;sea;false;ocean;0
13962;3;2;58;sea;true;ocean;0
13963;3;38;41;sea;false;ocean;0
13964;2;35;30;sea;true;ocean;0
13965;9;12;45;sea;true;ocean;0
13966;46;12;9;sea;false;ocean;0
13967;52;46;1;sea;true;ocean;0
13968;44;22;0;sea;true;ocean;0
13969;3;35;8;sea;false;ocean;0
13970;45;9;27;sea;false;ocean;0
13971;4;14;37;sea;false;ocean;0
13972;4;36;24;sea;true;ocean;0
13973;10;75;2;sea;true;ocean;0
13974;21;17;24;sea;false;ocean;0
13975;4;52;12;sea;false;ocean;0
13976;49;40;1;sea;false;ocean;0
13977;19;27;22;sea;false;ocean;0
13978;57;14;17;sea;false;ocean;0
13979;36;51;10;sea;true;ocean;0
13980;26;1;51;sea;true;ocean;0
13981;1;75;3;sea;true;ocean;0
13982;4;19;50;sea;true;ocean;0
13983;18;60;13;sea;false;ocean;0
13984;73;7;2;sea;true;ocean;0
13985;10;15;74;sea;false;ocean;0
13986;31;32;21;sea;false;ocean;0
13987;6;19;5;sea;false;ocean;0
13988;27;24;26;sea;false;ocean;0
13989;74;6;15;sea;true;ocean;0
13990;16;33;48;sea;false;ocean;0
13991;2;28;8;sea;false;ocean;0
13992;30;1;47;sea;true;ocean;0
13993;47;3;24;sea;false;ocean;0
13994;11;21;0;sea;true;ocean;0
13995;76;0;0;sea;false;ocean;0
13996;34;56;7;sea;true;ocean;0
13997;9;2;34;sea;true;ocean;0
13998;25;2;44;sea;false;ocean;0
13999;10;0;28;sea;false;ocean;0
14000;1;40;6;sea;true;ocean;0
14001;68;2;8;sea;true;ocean;0
14002;23;53;21;sea;false;ocean;0
14003;19;16;14;sea;true;ocean;0
14004;40;2;22;sea;false;ocean;0
14005;33;15;41;sea;false;ocean;0
14006;28;6;30;sea;true;ocean;0
14007;3;47;4;sea;false;ocean;0
14008;4;50;36;sea;false;ocean;0
14009;24;27;28;sea;true;ocean;0
14010;24;26;20;sea;true;ocean;0
14011;51;5;43;sea;true;ocean;0
14012;37;39;9;sea;true;ocean;0
14013;11;5;21;sea;false;ocean;0
14014;19;60;4;sea;false;ocean;0
14015;23;24;49;sea;false;ocean;0
14016;62;9;24;sea;false;ocean;0
14017;25;35;19;sea;true;ocean;0
14018;0;15;44;sea;false;ocean;0
14019;38;8;38;sea;false;ocean;0
14020;25;32;11;sea;true;ocean;0
14021;25;57;12;sea;true;ocean;0
14022;2;60;31;sea;false;ocean;0
14023;14;42;7;sea;false;ocean;0
14024;24;4;36;sea;true;ocean;0
14025;17;37;24;sea;false;ocean;0
14026;1;9;18;sea;true;ocean;0
14027;23;32;25;sea;false;ocean;0
14028;21;32;32;sea;false;ocean;0
14029;41;29;13;sea;true;ocean;0
14030;14;16;10;sea;false;ocean;0
14031;24;18;19;sea;true;ocean;0
14032;0;24;15;sea;true;ocean;0
14033;8;84;5;sea;false;ocean;0
14034;27;19;7;sea;true;ocean;0
14035;26;28;10;sea;true;ocean;0
14036;53;0;33;sea;false;ocean;0
14037;44;12;34;sea;true;ocean;0
14038;1;4;83;sea;false;ocean;0
14039;9;24;11;sea;false;ocean;0
14040;19;56;0;sea;true;ocean;0
14041;9;39;35;sea;false;ocean;0
14042;64;17;5;sea;false;ocean;0
14043;16;9;17;sea;false;ocean;0
14044;11;46;41;sea;false;ocean;0
14045;15;3;15;sea;true;ocean;0
14046;5;13;29;sea;true;ocean;0
14047;17;51;31;sea;false;ocean;0
14048;2;2;4;sea;true;ocean;0
14049;3;20;43;sea;false;ocean;0
14050;29;6;62;sea;true;ocean;0
14051;23;42;6;sea;false;ocean;0
14052;1;19;61;sea;true;ocean;0
14053;3;42;25;sea;false;ocean;0
14054;6;14;38;sea;true;ocean;0
14055;25;11;6;sea;true;ocean;0
14056;26;15;15;sea;true;ocean;0
14057;12;0;7;sea;true;ocean;0
14058;11;18;7;sea;true;ocean;0
14059;8;15;20;sea;true;ocean;0
14060;9;72;6;sea;true;ocean;0
14061;30;40;6;sea;true;ocean;0
14062;21;43;8;sea;false;ocean;0
14063;27;17;14;sea;true;ocean;0
14064;60;4;26;sea;true;ocean;0
14065;11;17;64;sea;true;ocean;0
14066;32;10;28;sea;false;ocean;0
14067;7;52;17;sea;false;ocean;0
14068;80;9;5;sea;true;ocean;0
14069;5;0;50;sea;true;ocean;0
14070;33;39;1;sea;false;ocean;0
14071;10;9;32;sea;false;ocean;0
14072;57;20;4;sea;false;ocean;0
14073;33;45;14;sea;true;ocean;0
14074;19;13;45;sea;true;ocean;0
14075;21;4;6;sea;true;ocean;0
14076;54;0;43;sea;false;ocean;0
14077;74;0;19;sea;true;ocean;0
14078;11;5;17;sea;true;ocean;0
14079;1;27;31;sea;true;ocean;0
14080;5;78;13;sea;true;ocean;0
14081;3;49;10;sea;false;ocean;0
14082;28;15;48;sea;false;ocean;0
14083;15;57;27;sea;true;ocean;0
14084;13;15;28;sea;false;ocean;0
14085;57;6;17;sea;true;ocean;0
14086;33;19;19;sea;true;ocean;0
14087;18;10;13;sea;true;ocean;0
14088;30;14;4;sea;false;ocean;0
14089;80;4;14;sea;true;ocean;0
14090;6;12;71;sea;false;ocean;0
14091;15;81;3;sea;false;ocean;0
14092;19;16;47;sea;true;ocean;0
14093;1;0;89;sea;true;ocean;0
14094;28;65;6;sea;false;ocean;0
14095;79;2;9;sea;false;ocean;0
14096;14;20;42;sea;false;ocean;0
14097;52;25;8;sea;false;ocean;0
14098;0;40;55;sea;true;ocean;0
14099;42;11;27;sea;false;ocean;0
14100;33;20;46;sea;true;ocean;0
14101;73;25;0;sea;true;ocean;0
14102;21;25;11;sea;false;ocean;0
14103;29;23;29;sea;false;ocean;0
14104;8;4;0;sea;true;ocean;0
14105;4;2;78;sea;true;ocean;0
14106;15;13;4;sea;true;ocean;0
14107;23;14;22;sea;true;ocean;0
14108;0;59;34;sea;false;ocean;0
14109;1;28;42;sea;true;ocean;0
14110;8;20;67;sea;false;ocean;0
14111;43;25;25;sea;true;ocean;0
14112;13;60;5;sea;false;ocean;0
14113;30;52;10;sea;false;ocean;0
14114;63;3;3;sea;true;ocean;0
14115;65;25;7;sea;false;ocean;0
14116;35;2;19;sea;true;ocean;0
14117;26;48;14;sea;false;ocean;0
14118;72;0;20;sea;true;ocean;0
14119;59;19;7;sea;false;ocean;0
14120;80;16;2;sea;true;ocean;0
14121;5;50;40;sea;true;ocean;0
14122;1;68;23;sea;false;ocean;0
14123;7;45;37;sea;false;ocean;0
14124;15;24;46;sea;false;ocean;0
14125;21;35;42;sea;true;ocean;0
14126;4;31;11;sea;false;ocean;0
14127;40;18;30;sea;false;ocean;0
14128;9;34;9;sea;false;ocean;0
14129;29;1;52;sea;false;ocean;0
14130;46;10;18;sea;true;ocean;0
14131;20;58;10;sea;false;ocean;0
14132;39;30;28;sea;true;ocean;0
14133;29;46;1;sea;true;ocean;0
14134;10;16;11;sea;true;ocean;0
14135;4;44;40;sea;true;ocean;0
14136;21;33;26;sea;false;ocean;0
14137;1;26;42;sea;false;ocean;0
14138;11;54;26;sea;false;ocean;0
14139;23;21;41;sea;false;ocean;0
14140;37;0;19;sea;false;ocean;0
14141;74;10;1;sea;true;ocean;0
14142;52;13;30;sea;true;ocean;0
14143;21;30;30;sea;false;ocean;0
14144;34;15;37;sea;false;ocean;0
14145;14;69;16;sea;false;ocean;0
14146;40;29;11;sea;true;ocean;0
14147;28;31;40;sea;true;ocean;0
14148;13;31;4;sea;true;ocean;0
14149;2;13;28;sea;false;ocean;0
14150;11;36;24;sea;false;ocean;0
14151;14;3;56;sea;false;ocean;0
14152;37;49;6;sea;false;ocean;0
14153;10;28;8;sea;false;ocean;0
14154;37;21;36;sea;true;ocean;0
14155;13;22;35;sea;true;ocean;0
14156;5;58;0;sea;false;ocean;0
14157;12;18;15;sea;true;ocean;0
14158;38;9;35;sea;false;ocean;0
14159;15;59;6;sea;false;ocean;0
14160;4;30;55;sea;false;ocean;0
14161;8;2;17;sea;false;ocean;0
14162;78;1;3;sea;true;ocean;0
14163;1;3;10;sea;false;ocean;0
14164;0;17;80;sea;false;ocean;0
14165;8;13;60;sea;false;ocean;0
14166;34;42;22;sea;false;ocean;0
14167;36;3;47;sea;true;ocean;0
14168;20;5;43;sea;true;ocean;0
14169;18;11;40;sea;false;ocean;0
14170;40;6;22;sea;true;ocean;0
14171;32;18;1;sea;true;ocean;0
14172;20;5;37;sea;true;ocean;0
14173;4;37;9;sea;false;ocean;0
14174;3;51;42;sea;true;ocean;0
14175;20;51;17;sea;true;ocean;0
14176;14;63;1;sea;false;ocean;0
14177;9;48;31;sea;false;ocean;0
14178;71;23;5;sea;true;ocean;0
14179;25;52;14;sea;true;ocean;0
14180;30;12;51;sea;false;ocean;0
14181;26;15;39;sea;true;ocean;0
14182;2;16;78;sea;false;ocean;0
14183;26;39;27;sea;false;ocean;0
14184;36;49;12;sea;false;ocean;0
14185;37;16;26;sea;true;ocean;0
14186;7;19;52;sea;true;ocean;0
14187;68;7;2;sea;false;ocean;0
14188;28;31;19;sea;false;ocean;0
14189;66;14;14;sea;false;ocean;0
14190;19;4;8;sea;false;ocean;0
14191;12;64;8;sea;false;ocean;0
14192;67;20;1;sea;true;ocean;0
14193;9;51;37;sea;false;ocean;0
14194;18;54;19;sea;true;ocean;0
14195;16;27;9;sea;false;ocean;0
14196;4;38;55;sea;false;ocean;0
14197;67;3;24;sea;false;ocean;0
14198;70;9;11;sea;false;ocean;0
14199;15;40;28;sea;true;ocean;0
14200;7;49;8;sea;false;ocean;0
14201;44;41;10;sea;false;ocean;0
14202;25;56;15;sea;false;ocean;0
14203;33;43;14;sea;false;ocean;0
14204;25;51;17;sea;false;ocean;0
14205;12;47;18;sea;false;ocean;0
14206;11;14;36;sea;false;ocean;0
14207;26;9;16;sea;false;ocean;0
14208;25;27;15;sea;false;ocean;0
14209;11;42;30;sea;false;ocean;0
14210;4;0;58;sea;false;ocean;0
14211;80;14;2;sea;false;ocean;0
14212;55;4;23;sea;true;ocean;0
14213;20;27;26;sea;false;ocean;0
14214;67;6;3;sea;false;ocean;0
14215;12;8;31;sea;false;ocean;0
14216;28;3;15;sea;false;ocean;0
14217;43;11;31;sea;false;ocean;0
14218;16;25;18;sea;true;ocean;0
14219;4;35;7;sea;true;ocean;0
14220;10;47;19;sea;true;ocean;0
14221;1;16;62;sea;false;ocean;0
14222;73;8;18;sea;true;ocean;0
14223;30;3;3;sea;false;ocean;0
14224;18;3;22;sea;true;ocean;0
14225;33;20;14;sea;false;ocean;0
14226;5;0;74;sea;false;ocean;0
14227;33;48;2;sea;false;ocean;0
14228;45;0;11;sea;false;ocean;0
14229;12;19;30;sea;false;ocean;0
14230;15;9;34;sea;true;ocean;0
14231;21;5;26;sea;false;ocean;0
14232;17;57;23;sea;false;ocean;0
14233;60;20;19;sea;true;ocean;0
14234;36;6;47;sea;true;ocean;0
14235;31;5;53;sea;true;ocean;0
14236;6;32;59;sea;false;ocean;0
14237;10;35;19;sea;true;ocean;0
14238;38;21;26;sea;false;ocean;0
14239;30;16;41;sea;true;ocean;0
14240;26;21;3;sea;false;ocean;0
14241;37;36;12;sea;false;ocean;0
14242;4;1;84;sea;false;ocean;0
14243;19;22;19;sea;true;ocean;0
14244;2;20;66;sea;false;ocean;0
14245;12;4;61;sea;false;ocean;0
14246;9;50;37;sea;true;ocean;0
14247;65;14;0;sea;true;ocean;0
14248;43;26;25;sea;false;ocean;0
14249;14;63;7;sea;false;ocean;0
14250;6;15;69;sea;false;ocean;0
14251;26;56;7;sea;false;ocean;0
14252;13;28;24;sea;false;ocean;0
14253;19;52;23;sea;true;ocean;0
14254;18;21;8;sea;true;ocean;0
14255;41;9;16;sea;true;ocean;0
14256;13;22;55;sea;true;ocean;0
14257;8;27;18;sea;true;ocean;0
14258;18;8;5;sea;false;ocean;0
14259;0;6;57;sea;false;ocean;0
14260;2;33;18;sea;true;ocean;0
14261;27;7;0;sea;false;ocean;0
14262;48;1;21;sea;false;ocean;0
14263;1;23;49;sea;false;ocean;0
14264;1;33;41;sea;false;ocean;0
14265;28;19;48;sea;false;ocean;0
14266;20;14;53;sea;false;ocean;0
14267;16;19;60;sea;true;ocean;0
14268;36;9;23;sea;false;ocean;0
14269;18;37;17;sea;false;ocean;0
14270;8;29;26;sea;true;ocean;0
14271;18;55;5;sea;true;ocean;0
14272;16;34;15;sea;false;ocean;0
14273;10;46;0;sea;true;ocean;0
14274;42;0;40;sea;false;ocean;0
14275;22;52;24;sea;true;ocean;0
14276;12;1;71;sea;true;ocean;0
14277;52;19;15;sea;true;ocean;0
14278;7;12;31;sea;false;ocean;0
14279;32;8;3;sea;false;ocean;0
14280;31;20;36;sea;false;ocean;0
14281;3;31;61;sea;true;ocean;0
14282;26;5;39;sea;true;ocean;0
14283;13;3;27;sea;false;ocean;0
14284;24;16;57;sea;false;ocean;0
14285;31;21;22;sea;true;ocean;0
14286;74;22;2;sea;false;ocean;0
14287;37;7;44;sea;false;ocean;0
14288;24;17;6;sea;false;ocean;0
14289;38;8;14;sea;true;ocean;0
14290;58;9;4;sea;true;ocean;0
14291;12;32;48;sea;false;ocean;0
14292;44;35;15;sea;false;ocean;0
14293;4;4;14;sea;false;ocean;0
14294;30;30;4;sea;true;ocean;0
14295;61;8;19;sea;false;ocean;0
14296;13;10;10;sea;true;ocean;0
14297;37;9;9;sea;true;ocean;0
14298;57;4;16;sea;true;ocean;0
14299;24;24;7;sea;true;ocean;0
14300;25;3;36;sea;false;ocean;0
14301;14;5;10;sea;false;ocean;0
14302;16;16;35;sea;true;ocean;0
14303;16;24;31;sea;true;ocean;0
14304;64;2;23;sea;true;ocean;0
14305;11;2;67;sea;true;ocean;0
14306;44;17;17;sea;true;ocean;0
14307;20;48;26;sea;true;ocean;0
14308;46;11;27;sea;true;ocean;0
14309;14;21;1;sea;true;ocean;0
14310;8;73;9;sea;true;ocean;0
14311;46;21;32;sea;true;ocean;0
14312;3;36;35;sea;true;ocean;0
14313;19;4;58;sea;true;ocean;0
14314;67;2;22;sea;true;ocean;0
14315;15;38;41;sea;true;ocean;0
14316;40;41;17;sea;true;ocean;0
14317;75;5;14;sea;true;ocean;0
14318;54;10;21;sea;true;ocean;0
14319;31;0;36;sea;true;ocean;0
14320;1;65;6;sea;true;ocean;0
14321;21;16;55;sea;true;ocean;0
14322;8;23;53;sea;true;ocean;0
14323;7;6;3;sea;true;ocean;0
14324;23;15;7;sea;true;ocean;0
14325;3;39;34;sea;true;ocean;0
14326;28;41;30;sea;true;ocean;0
14327;6;14;42;sea;true;ocean;0
14328;29;1;37;sea;true;ocean;0
14329;46;4;12;sea;true;ocean;0
14330;0;19;41;sea;true;ocean;0
14331;78;1;5;sea;true;ocean;0
14332;6;5;71;sea;true;ocean;0
14333;65;24;6;sea;true;ocean;0
14334;73;13;13;sea;true;ocean;0
14335;4;27;59;sea;true;ocean;0
14336;65;10;13;sea;true;ocean;0
14337;21;5;37;sea;true;ocean;0
14338;2;22;17;sea;true;ocean;0
14339;36;4;21;sea;true;ocean;0
14340;17;20;34;sea;true;ocean;0
14341;23;14;54;sea;true;ocean;0
14342;11;39;13;sea;true;ocean;0
14343;65;1;23;sea;true;ocean;0
14344;15;75;4;sea;true;ocean;0
14345;35;9;2;sea;true;ocean;0
14346;28;42;28;sea;true;ocean;0
14347;64;3;12;sea;true;ocean;0
14348;24;48;23;sea;true;ocean;0
14349;47;34;13;sea;true;ocean;0
14350;8;12;55;sea;true;ocean;0
14351;63;19;4;sea;true;ocean;0
14352;43;14;32;sea;true;ocean;0
14353;16;31;41;sea;true;ocean;0
14354;0;66;32;sea;true;ocean;0
14355;1;10;15;sea;true;ocean;0
14356;18;36;25;sea;true;ocean;0
14357;4;23;50;sea;true;ocean;0
14358;25;36;20;sea;true;ocean;0
14359;50;4;25;sea;true;ocean;0
14360;13;25;56;sea;true;ocean;0
14361;24;8;47;sea;true;ocean;0
14362;64;0;24;sea;true;ocean;0
14363;43;9;40;sea;true;ocean;0
14364;14;6;6;sea;true;ocean;0
14365;13;3;33;sea;true;ocean;0
14366;59;1;34;sea;true;ocean;0
14367;12;49;28;sea;true;ocean;0
14368;46;51;2;sea;true;ocean;0
14369;2;4;25;sea;true;ocean;0
14370;22;54;6;sea;true;ocean;0
14371;57;8;0;sea;true;ocean;0
14372;12;15;16;sea;true;ocean;0
14373;28;39;27;sea;true;ocean;0
14374;34;6;1;sea;true;ocean;0
14375;9;1;48;sea;true;ocean;0
14376;28;6;44;sea;true;ocean;0
14377;24;25;26;sea;true;ocean;0
14378;35;8;50;sea;true;ocean;0
14379;52;3;20;sea;true;ocean;0
14380;41;40;11;sea;true;ocean;0
14381;36;34;14;sea;true;ocean;0
14382;2;10;83;sea;true;ocean;0
14383;10;47;10;sea;true;ocean;0
14384;23;21;9;sea;true;ocean;0
14385;35;28;26;sea;true;ocean;0
14386;3;20;31;sea;true;ocean;0
14387;6;23;68;sea;true;ocean;0
14388;11;39;41;sea;true;ocean;0
14389;1;2;87;sea;true;ocean;0
14390;45;9;19;sea;true;ocean;0
14391;14;10;64;sea;true;ocean;0
14392;12;46;14;sea;true;ocean;0
14393;20;1;1;sea;true;ocean;0
14394;19;30;24;sea;true;ocean;0
14395;1;75;14;sea;true;ocean;0
14396;51;19;2;sea;true;ocean;0
14397;27;42;20;sea;true;ocean;0
14398;20;33;10;sea;true;ocean;0
14399;33;9;41;sea;true;ocean;0
14400;15;14;26;sea;true;ocean;0
14401;46;48;3;sea;true;ocean;0
14402;38;18;37;sea;true;ocean;0
14403;24;27;18;sea;true;ocean;0
14404;22;71;2;sea;true;ocean;0
14405;3;44;52;sea;true;ocean;0
14406;18;44;2;sea;true;ocean;0
14407;9;4;32;sea;true;ocean;0
14408;5;3;63;sea;true;ocean;0
14409;28;25;34;sea;true;ocean;0
14410;2;53;14;sea;true;ocean;0
14411;12;26;59;sea;true;ocean;0
14412;45;15;4;sea;true;ocean;0
14413;5;52;35;sea;true;ocean;0
14414;27;27;13;sea;true;ocean;0
14415;4;28;42;sea;true;ocean;0
14416;2;15;3;sea;true;ocean;0
14417;15;26;37;sea;true;ocean;0
14418;23;48;12;sea;true;ocean;0
14419;16;8;9;sea;true;ocean;0
14420;27;0;50;sea;true;ocean;0
14421;66;2;20;sea;true;ocean;0
14422;45;8;37;sea;true;ocean;0
14423;3;89;0;sea;true;ocean;0
14424;24;40;33;sea;true;ocean;0
14425;7;5;35;sea;true;ocean;0
14426;18;7;59;sea;true;ocean;0
14427;11;13;68;sea;true;ocean;0
14428;50;2;22;sea;true;ocean;0
14429;0;25;18;sea;true;ocean;0
14430;16;28;8;sea;true;ocean;0
14431;6;69;9;sea;true;ocean;0
14432;43;5;8;sea;true;ocean;0
14433;37;31;22;sea;true;ocean;0
14434;33;29;5;sea;true;ocean;0
14435;25;33;27;sea;true;ocean;0
14436;145;160;245;land;true;plains;1